exposure,method,b_adeno,se_adeno,pval_adeno,b_neuro,se_neuro,pval_neuro,b_diff,z_diff,pval_diff
genus.RuminococcaceaeNK4A214group.id.11358,Inverse-Variance Weighted,-0.0160622190846167,0.0845936802691239,0.8494071383638028,1.0358259223875026,0.3282072083998387,0.0015994222296085,-1.0518881414721193,-3.1035217167100835,0.0019123219969869876
genus.Actinomyces.id.423,Egger Intercept,-0.0266159378250999,0.0212473425427977,0.2657205737346129,0.2230921656304331,0.0836111771051675,0.044443836147854,-0.24970810345553301,-2.8945408109412414,0.003797135464768342
genus.Haemophilus.id.3698,Weighted Median,0.0008671560468085,0.1054115029338419,0.993436365115704,1.027120086559951,0.3557473343829476,0.0038866490852411,-1.0262529305131425,-2.765911637844433,0.005676391347858134
genus.Haemophilus.id.3698,MR Egger,0.2201113997472088,0.1544511826969781,0.1971480335992225,1.9155142686561,0.6031304172172343,0.015578145329157,-1.6954028689088911,-2.7231339378906343,0.0064665835234383184
genus.Actinomyces.id.423,MR Egger,0.28666874011416,0.1889652112232584,0.1897035258370044,-1.6973351958506298,0.7402547326000121,0.0703932385654788,1.9840039359647896,2.5968884379222006,0.009407247258465867
order.NB1n.id.3953,Weighted Median,0.0238908045178537,0.064791969594009,0.7123282768668364,0.6682963554463168,0.2414473974451619,0.0056422991328569,-0.6444055509284631,-2.577728510256028,0.009945210077402455
genus.Haemophilus.id.3698,Weighted mode,-0.0737673119312559,0.1715539591150179,0.6785474735738093,1.138425885251622,0.4792969448945914,0.044880694180035,-1.2121931971828779,-2.3811729389790535,0.017257607925536878
genus.LachnospiraceaeUCG001.id.11321,Weighted Median,-0.0982121127930586,0.0935780310386368,0.2939383751724005,0.8114248407587842,0.3791682554351671,0.0323537492107505,-0.9096369535518428,-2.3291474822673677,0.019851253988443895
family.Acidaminococcaceae.id.2166,Inverse-Variance Weighted,-0.2166779087427519,0.0919308634098727,0.0184249395020392,0.6511061018170478,0.362798560214811,0.0727052341544342,-0.8677840105597996,-2.3186369685382577,0.02041472884220652
family.Pasteurellaceae.id.3689,Egger Intercept,-0.0190593895356314,0.0145400184270531,0.2144493826776356,-0.1649851708166519,0.0613204799744948,0.0196502318864998,0.1459257812810205,2.3155200373870835,0.020584489273044015
order.Pasteurellales.id.3688,Egger Intercept,-0.0190593895356314,0.0145400184270531,0.2144493826776356,-0.1649851708166519,0.0613204799744948,0.0196502318864998,0.1459257812810205,2.3155200373870835,0.020584489273044015
genus.LachnospiraceaeUCG001.id.11321,Inverse-Variance Weighted,-0.0112324494503681,0.0750076441803853,0.8809612828830911,0.6272048017712253,0.2690702137968135,0.0197529415993946,-0.6384372512215933,-2.2856068795706697,0.022277267341732854
genus.RuminococcaceaeUCG010.id.11367,Inverse-Variance Weighted,0.2338691414127484,0.115143641565376,0.0422440666386839,-0.741155290214676,0.417102125195186,0.0755821205238429,0.9750244316274244,2.2533319799867124,0.024238224799362218
genus.Prevotella7.id.11182,Inverse-Variance Weighted,0.0126276486519011,0.0459970289833256,0.7836759442344762,0.4243772385212459,0.1822460584596261,0.0198805375934508,-0.41174958986934485,-2.190611363984548,0.028479928091590168
family.Pasteurellaceae.id.3689,MR Egger,0.1876964845157511,0.1233685326478039,0.154057215582519,1.3386697463716617,0.5195159583240269,0.0242418122276262,-1.1509732618559105,-2.1555294625364594,0.03112042564015738
order.Pasteurellales.id.3688,MR Egger,0.1876964845157511,0.1233685326478039,0.154057215582519,1.3386697463716617,0.5195159583240269,0.0242418122276262,-1.1509732618559105,-2.1555294625364594,0.03112042564015738
genus.RuminococcaceaeUCG014.id.11371,Inverse-Variance Weighted,0.0483223572770764,0.0799768875281412,0.5457080058766037,-0.6399028107106599,0.3156064043734735,0.0426078001456466,0.6882251679877363,2.1138298578384074,0.034529801814801475
genus.Haemophilus.id.3698,Egger Intercept,-0.0151811691602502,0.0181504380532146,0.4305488001370641,-0.1645871945107954,0.070885074763406,0.0532461990745269,0.1494060253505452,2.041848738872046,0.04116653790992686
genus.Oscillospira.id.2064,Inverse-Variance Weighted,-0.0835936570815435,0.0870524616975296,0.3369205601976749,0.6277413158568654,0.3440151453485044,0.068038904937829,-0.711334972938409,-2.00455951711569,0.045010158168309555
genus.Catenibacterium.id.2153,Egger Intercept,-0.0997077973951361,0.1174339399062364,0.4852696974679682,-1.0719120395015094,0.4712847144827454,0.1507763233491232,0.9722042421063732,2.0016748380457625,0.045319714291317315
genus.Catenibacterium.id.2153,MR Egger,0.7932407860764701,0.9138922195975138,0.4769103161563321,8.317994077947066,3.667869649589504,0.1514705040317056,-7.524753291870596,-1.9906708238371194,0.04651708832641588
genus.Tyzzerella3.id.11335,Egger Intercept,0.0070663120980641,0.0414478977673283,0.8677227819316243,-0.3432347378054653,0.1728977000359164,0.0726220000689857,0.3503010499035294,1.9702375514690573,0.04881115173160189
genus.Haemophilus.id.3698,Inverse-Variance Weighted,0.1045832818571568,0.0682348539030368,0.1253507960913487,0.6631850215384509,0.2768591852701891,0.0166028100117912,-0.5586017396812941,-1.9590174537153797,0.050110742795103747
genus.LachnospiraceaeUCG001.id.11321,Weighted mode,-0.1606020452121909,0.1751170063372236,0.3787523643268509,1.091904440040755,0.6151990894212881,0.1035589753587433,-1.2525064852529457,-1.9581510802665247,0.050212287446852466
genus.Tyzzerella3.id.11335,MR Egger,-0.0629092127071911,0.2934718667324538,0.834186778731002,2.378533975034926,1.2245986691960855,0.0781355953746848,-2.4414431877421174,-1.9387724846990582,0.05252904796129654
genus.Oxalobacter.id.2978,Egger Intercept,0.0352024364201231,0.0362910870553925,0.3573897739032547,0.3029811102833801,0.1351469293956037,0.0516856163738756,-0.267778673863257,-1.913596624134475,0.055671716745955724
order.MollicutesRF9.id.11579,Inverse-Variance Weighted,0.1253596544035849,0.0690110973186607,0.0692914957906716,-0.407744654214653,0.2727763327255679,0.1349679938201005,0.5331043086182379,1.8946690169704197,0.058136264921322844
order.NB1n.id.3953,MR Egger,0.0567446160474254,0.2056866812623828,0.7882582426103664,1.918886159573446,0.962427762623788,0.0741502430494914,-1.8621415435260207,-1.8921093805058014,0.05847640874719762
genus..Eubacteriumventriosumgroup.id.11341,Inverse-Variance Weighted,-0.0657263925776878,0.1298137661396845,0.6126369642586054,0.5909547915920237,0.3232768001337494,0.0675473228475931,-0.6566811841697114,-1.885027443593733,0.05942613274331987
genus.LachnospiraceaeUCG008.id.11328,Inverse-Variance Weighted,-0.116994205774294,0.084931386387087,0.1683532730408811,0.3579617887409981,0.2377790380854793,0.13221130114974,-0.4749559945152921,-1.8810734191103171,0.05996193225090396
order.Desulfovibrionales.id.3156,Weighted mode,-0.1233772850274428,0.1460679657506491,0.4162953850891971,0.8979891543211096,0.5234590875533038,0.1142495890230622,-1.0213664393485524,-1.8793885460251605,0.060191459141479164
family.Desulfovibrionaceae.id.3169,Weighted mode,-0.1153201961606953,0.1201792985351837,0.3623403560538468,0.8786878193201613,0.5238407044007981,0.1277779091388199,-0.9940080154808566,-1.849490420504628,0.06438702978290167
genus.Phascolarctobacterium.id.2168,Inverse-Variance Weighted,-0.1377793114532848,0.0873910268672367,0.1148912325508403,0.5150498505797326,0.3462428749735791,0.1368724569427628,-0.6528291620330174,-1.828134507404914,0.06752936718711133
family.Rikenellaceae.id.967,Weighted Median,-0.1715195264723631,0.1137072996052462,0.1314444545421528,0.5337597628184003,0.3697365845994525,0.1488454128814227,-0.7052792892907634,-1.8232460196047005,0.06826613794246184
family.Actinomycetaceae.id.421,Egger Intercept,-0.010296753825628,0.0230182176112237,0.6849620291714908,0.1598917782340132,0.0905453624488155,0.1755938771120207,-0.1701885320596412,-1.8216520837749597,0.06850779273272734
order.Actinomycetales.id.420,Egger Intercept,-0.0104010386490966,0.023068438471511,0.6826728981331962,0.1600996072298371,0.0907411914398633,0.1758628589511395,-0.1705006458789337,-1.8210522426155944,0.06859891586708544
genus..Ruminococcustorquesgroup.id.14377,MR Egger,-0.300012665194062,0.4124804156122624,0.4906236140878277,-3.043917286438663,1.4756104020153349,0.0780396623457427,2.743904621244601,1.79085363017973,0.07331678643025086
genus..Ruminococcustorquesgroup.id.14377,Egger Intercept,0.0086744238135862,0.0252471892010226,0.7412509740191714,0.1750115706323157,0.0901384689631888,0.0933168379323278,-0.1663371468187295,-1.7769638750407994,0.07557418369999924
genus.Bifidobacterium.id.436,Inverse-Variance Weighted,0.188239028549977,0.1251035448896705,0.1324100136264769,-0.3611807717878262,0.2830348710971214,0.2019202056086604,0.5494198003378032,1.7754688831899028,0.07582049903636934
genus.LachnospiraceaeFCS020group.id.11314,Inverse-Variance Weighted,-0.1439115242058312,0.0779225539878198,0.0647684078774285,0.4489183910282212,0.3257855315774203,0.1682166240851997,-0.5928299152340524,-1.7697745066889916,0.0767647123353914
genus..Eubacteriumventriosumgroup.id.11341,Weighted Median,0.0784688562167934,0.1175572196406438,0.5044560029706644,0.9338922479927682,0.469719515782503,0.046790538394549,-0.8554233917759747,-1.7666492445613367,0.07728698841371862
genus.Peptococcus.id.2037,MR Egger,-0.2184045236423281,0.1922314598514073,0.2800392662196311,-1.5988641628399538,0.759966716414183,0.0592031947707239,1.3804596391976256,1.7610104844214802,0.07823662848046653
genus.Roseburia.id.2012,MR Egger,-0.0516802418057312,0.3498945242484984,0.8850304122612926,2.2580937872085283,1.272066409488421,0.1012206413441568,-2.3097740290142594,-1.7507438446705537,0.07999004339653393
genus.LachnospiraceaeUCG004.id.11324,MR Egger,-0.2851842020170966,0.366862422458367,0.4533404024253472,2.9237229031144807,1.7989790292280148,0.1323988142123238,-3.208907105131577,-1.7477661957368282,0.08050452107282258
class.Melainabacteria.id.1589,Egger Intercept,0.0164522048334428,0.0202027730921132,0.4390086600425674,0.1778341194713712,0.0901553286844659,0.0840141605564791,-0.1613819146379284,-1.7467237195885206,0.08068527387127444
genus.Bifidobacterium.id.436,MR Egger,0.5780331692376841,0.3034322326671238,0.0832452262021155,-0.7700011266645033,0.7149993423379284,0.3045649756345598,1.3480342959021874,1.7355455399725095,0.08264422257573378
genus..Ruminococcusgauvreauiigroup.id.11342,Inverse-Variance Weighted,-0.0358239267103796,0.1058696029781709,0.7350784775487247,0.5920793329657135,0.3501714290832659,0.0908698346241203,-0.6279032596760931,-1.7164003348622312,0.08608879533256308
phylum.Firmicutes.id.1672,MR Egger,-0.227667429578422,0.2102436334177848,0.2971628492006106,1.244383700488531,0.8314890978196093,0.1567058840107587,-1.472051130066953,-1.7163623149283422,0.0860957494701553
genus.Anaerostipes.id.1991,Inverse-Variance Weighted,0.0867243727237383,0.0919285736402638,0.3454821479406319,0.7222730826280596,0.3632860173852578,0.046793280786138,-0.6355487099043212,-1.6959873765440687,0.08988827071918659
genus.Anaerofilum.id.2053,MR Egger,-0.3393977214447097,0.3425267469808097,0.3507709622365572,1.9553486566365923,1.3184098906054251,0.1763331601968456,-2.294746378081302,-1.6846155108995342,0.09206277679633801
genus.RuminococcaceaeNK4A214group.id.11358,Weighted Median,0.0490047022459411,0.0971466775246931,0.6139519821505921,0.8053498487356533,0.4384344233827383,0.0662281428136187,-0.7563451464897122,-1.6842546375283547,0.09213246806378028
order.Lactobacillales.id.1800,Weighted Median,-0.0723991480326268,0.121105267931064,0.5499600620650263,0.6010760008394556,0.3843150647567432,0.1178131446199321,-0.6734751488720824,-1.6713829277390926,0.09464606584849156
family.Rikenellaceae.id.967,Weighted mode,-0.268870520883993,0.2222279862185203,0.243895388571744,0.9665854419299462,0.7052357822408577,0.1894274351739396,-1.2354559628139392,-1.6708433670207594,0.0947526201168436
genus.Peptococcus.id.2037,Egger Intercept,0.0361114510882402,0.0253876092329025,0.1826413465463479,0.2091424526868451,0.1004028996313403,0.061375679619504,-0.17303100159860488,-1.670781834814988,0.09476477780795456
genus.Phascolarctobacterium.id.2168,Weighted Median,-0.0533865642349372,0.0927687509785782,0.5649666881030446,0.6525539766197502,0.4124190925521325,0.1135903702406463,-0.7059405408546874,-1.669979945112139,0.09492333155078492
genus.Dialister.id.2183,Egger Intercept,0.0237361290353853,0.0248964260980741,0.3652927030054888,-0.1464763181833865,0.0989290641997383,0.172843184458451,0.1702124472187718,1.668525634151951,0.0952114275823508
genus.Oxalobacter.id.2978,MR Egger,-0.2738061256365379,0.2436230103812217,0.2901409030951258,-1.832912549074127,0.9065909388311292,0.0739112256056641,1.559106423437589,1.6608251158763367,0.09674857535948989
genus.ChristensenellaceaeR.7group.id.11283,Egger Intercept,-0.0094149039085784,0.0351998767632607,0.7968168040006791,-0.2323291417240548,0.129672075422393,0.1162938563251134,0.2229142378154764,1.6590235502583726,0.09711104685661431
order.NB1n.id.3953,Inverse-Variance Weighted,0.0044677465662585,0.0506529303742708,0.9297152364829888,0.4315770018380551,0.2530243460266413,0.0880688273634838,-0.4271092552717966,-1.6551758109596952,0.09788884039049406
genus.Slackia.id.825,Egger Intercept,0.1016869787339772,0.0776625161302669,0.26056316044055,-0.2736301135154192,0.213552300440415,0.2693170208228096,0.3753170922493964,1.6516644856753229,0.09860296628077037
phylum.Cyanobacteria.id.1500,Egger Intercept,0.0356834557617668,0.0301698642594278,0.2816466062890033,-0.1985108569852416,0.1386552169019904,0.2021971065818988,0.2341943127470084,1.6504229124621597,0.09885646802024506
genus.Turicibacter.id.2162,Inverse-Variance Weighted,-0.0578273285780954,0.0693447404334755,0.4043312459148452,0.405993936746671,0.2741818502109331,0.138674019478664,-0.4638212653247664,-1.6400159241073935,0.10100185601614764
family.Actinomycetaceae.id.421,MR Egger,0.1680308419203148,0.2116224009800542,0.4851965462622622,-1.228050487865387,0.8286460300310184,0.2349500700510503,1.396081329785702,1.6323822935548746,0.10259897682820185
order.Actinomycetales.id.420,MR Egger,0.1690649632634989,0.2121536932317415,0.483749732886976,-1.2299639900069694,0.8307183795623424,0.2352918082197311,1.3990289532704683,1.631747051200781,0.10273278372794947
genus.RuminococcaceaeUCG009.id.11366,Weighted Median,0.0612414448068763,0.0820677281996583,0.4555281648954292,-0.4952875204016083,0.3315259787600704,0.1351853103499563,0.5565289652084846,1.629504178616758,0.10320633101463761
genus.Slackia.id.825,MR Egger,-0.87762950288068,0.7813137156190186,0.3241783877231746,2.831031216164788,2.148860393036916,0.2580804150852784,-3.708660719045468,-1.6219861836856153,0.1048063064730338
genus.Dialister.id.2183,MR Egger,-0.3420356319982035,0.3379411484084923,0.3379177232854736,1.9010075310820649,1.3439853954961658,0.190878286639108,-2.2430431630802685,-1.6185658245780343,0.10554071327528391
genus.Anaerofilum.id.2053,Egger Intercept,0.0264531497428781,0.0376335738099154,0.502048473646333,-0.2131987731425741,0.1447591125967613,0.1790286723081766,0.2396519228854522,1.6022618649775202,0.1090977147884944
genus.Dorea.id.1997,Inverse-Variance Weighted,-0.1093674760459505,0.1208723466481489,0.3655618092830985,0.6593338803572015,0.4643371494743274,0.1556232757288485,-0.7687013564031521,-1.6020901845308713,0.10913566820486187
genus.Subdoligranulum.id.2070,Inverse-Variance Weighted,-0.0700821055423609,0.1015149850009839,0.489966459084628,0.5505375868160887,0.3757076563560708,0.1428295359545309,-0.6206196923584496,-1.594683036479651,0.11078313331604561
genus.LachnospiraceaeNK4A136group.id.11319,Egger Intercept,0.0145993398086542,0.0119605088901525,0.2439050758573102,0.0831270268308784,0.0415080197241534,0.066521025357138,-0.0685276870222242,-1.5864040362668625,0.11264768540914671
genus.Roseburia.id.2012,Egger Intercept,-0.0125869882065817,0.0249757463229869,0.6234081646709377,-0.161780340455468,0.0907384688233105,0.0998909576347557,0.1491933522488863,1.5852575627985472,0.11290782673089006
genus.Erysipelatoclostridium.id.11381,MR Egger,0.2739780965236799,0.2491050694434571,0.2913480650064838,-1.330849434996347,0.9828522004558976,0.1987856180805186,1.6048275315200269,1.5827811550450321,0.11347135340613246
genus.RuminococcaceaeUCG009.id.11366,Inverse-Variance Weighted,0.0243542083822968,0.0635241429222905,0.7014342669619147,-0.3842978098536944,0.2506126345046264,0.1251690793566326,0.4086520182359912,1.5806251935356164,0.11396376185441759
class.Melainabacteria.id.1589,MR Egger,-0.2120506665183662,0.1840404764561284,0.282506331120441,-1.5443969387096443,0.8228839287211256,0.0973820777345095,1.3323462721912782,1.5800819273255597,0.11408810554571347
genus.RuminococcaceaeUCG010.id.11367,Weighted Median,0.2486839464391118,0.1454943614240245,0.0874075660408599,-0.5788180550500062,0.5076736821684761,0.2542288140026518,0.8275020014891179,1.5669093769325881,0.1171358755672347
genus.Intestinimonas.id.2062,MR Egger,0.319479032341014,0.1883329113890685,0.11361804902687,-0.8722116162470439,0.7495147234675408,0.2654590832685591,1.1916906485880578,1.5420146649458781,0.1230700299806371
genus.ChristensenellaceaeR.7group.id.11283,MR Egger,-0.0087594348946924,0.5047651023349871,0.9866388777368568,2.967797182337129,1.8637465510061528,0.1553263404736279,-2.976556617231821,-1.5415458624869025,0.12318398991716673
genus.Lactobacillus.id.1837,Weighted Median,-0.0309918097641612,0.0754759969674379,0.6813525963921216,0.4755244950507091,0.3222096216803929,0.1399913108227372,-0.5065163048148703,-1.5305774295522727,0.12587386346938167
family.Rikenellaceae.id.967,Inverse-Variance Weighted,-0.1189402432486006,0.0917562620654357,0.1948849073132341,0.3721535812046517,0.3076104107503938,0.2263475282937852,-0.4910938244532523,-1.5298696620345837,0.1260489941252354
genus.Erysipelatoclostridium.id.11381,Egger Intercept,-0.0143019185132505,0.0199701473385804,0.4865560130694851,0.1098529545786263,0.0788545730350442,0.1869515947138531,-0.1241548730918768,-1.5262936943993661,0.12693673832372232
genus.Lactobacillus.id.1837,Weighted mode,-0.0534360617171475,0.1037948584797881,0.6205945405382982,0.6465671841837541,0.4491703897981324,0.1879736358670412,-0.7000032459009017,-1.5184223137901844,0.1289079700248248
family.Peptostreptococcaceae.id.2042,MR Egger,-0.0836688982658291,0.169790140904426,0.6318579110888823,1.370034135123477,0.9426801503353068,0.1740560501817787,-1.4537030333893062,-1.5176746558640406,0.12909643621568678
genus.Olsenella.id.822,Inverse-Variance Weighted,0.0786389566302403,0.052948661548722,0.1374928301266625,0.3602034822840589,0.1779578246325077,0.0429604131119232,-0.2815645256538186,-1.5164959120281034,0.1293940032270604
order.NB1n.id.3953,Weighted mode,0.0568483033656461,0.1042786240177666,0.5965251816279158,0.8363984478005007,0.5040148687349979,0.1252300407741386,-0.7795501444348546,-1.5146035231904351,0.1298728394444537
order.NB1n.id.3953,Egger Intercept,-0.006247887301958,0.0238256415049211,0.79846402834472,-0.1784317095083029,0.1119076960217647,0.141918557780062,0.1721838222063449,1.504894443292038,0.13235121715147624
order.MollicutesRF9.id.11579,Weighted Median,0.0905957367170981,0.0968407765402792,0.3495243521658309,-0.4719497642162177,0.3617915644120473,0.1920700644585661,0.5625455009333158,1.5020116041615132,0.13309411197876564
genus.Sellimonas.id.14369,Inverse-Variance Weighted,0.0605156361561969,0.0504259022884538,0.2301042727187252,0.3623553036486174,0.1991533496757033,0.0688384097286314,-0.3018396674924205,-1.4692484622169932,0.14176541001861653
family.Rikenellaceae.id.967,MR Egger,-0.1639204084771648,0.2927484875638453,0.5837890190374551,1.296283670292882,0.9533449403381068,0.1940072848187084,-1.4602040787700468,-1.4641860379989489,0.14314312400483264
genus.LachnospiraceaeUCG004.id.11324,Egger Intercept,0.0109629787588929,0.0234376677316274,0.6490934451191681,-0.159762070752834,0.1147054274223343,0.1911890756159559,0.1707250495117269,1.4582481617572716,0.1447721530229089
genus.Bilophila.id.3170,Weighted mode,0.1923079515404728,0.2564941536510204,0.4678468784206205,-0.735428305910443,0.585464598761262,0.2329687458384008,0.9277362574509158,1.4514351799327392,0.14665871959264187
class.Bacilli.id.1673,MR Egger,-0.0607553949844252,0.2160326124170776,0.7821365746829867,1.2220215589777652,0.8590197598846732,0.1740626608410257,-1.2827769539621905,-1.4482086531553369,0.14755870528612514
phylum.Firmicutes.id.1672,Egger Intercept,0.0084570435736182,0.0139988136644796,0.5554240728823204,-0.0735224244090102,0.0553597477315655,0.2053963377013302,0.08197946798262841,1.4356605764777544,0.15109894843759353
genus.RuminococcaceaeUCG009.id.11366,Weighted mode,0.1201518171454503,0.119772185516112,0.3394351288746122,-0.6208260673389623,0.5031326423708482,0.2454453860272293,0.7409778844844126,1.4326933018047063,0.15194550454475242
class.Bacteroidia.id.912,Inverse-Variance Weighted,-0.21438396058799,0.0964572585836801,0.0262441432963093,0.3471602893361216,0.3805681421334466,0.3616551044926598,-0.5615442499241116,-1.4303152937570778,0.15262654729422365
order.Bacteroidales.id.913,Inverse-Variance Weighted,-0.21438396058799,0.0964572585836801,0.0262441432963093,0.3471602893361216,0.3805681421334466,0.3616551044926598,-0.5615442499241116,-1.4303152937570778,0.15262654729422365
genus.RuminococcaceaeUCG014.id.11371,Egger Intercept,0.0049786998685469,0.0162788396181071,0.7666835303399988,-0.0896131977283739,0.0641404211244067,0.1958586496538907,0.0945918975969208,1.4294426991560913,0.15287703323182766
phylum.Cyanobacteria.id.1500,MR Egger,-0.3894996219081683,0.2588936625910679,0.1831596503506163,1.3381253072203585,1.190624805113434,0.3040064492220598,-1.7276249291285268,-1.4178907871621165,0.15622265254645407
genus.Actinomyces.id.423,Weighted Median,0.1431886915128544,0.1151921908755231,0.213852484259533,-0.4851225455152191,0.4289607975470101,0.2580866053870637,0.6283112370280735,1.414611005070522,0.1571825803350817
family.Clostridiaceae1.id.1869,Inverse-Variance Weighted,0.0324376837597975,0.0907296943166629,0.7207025279603689,0.554582780646662,0.35816651233937,0.1215275307975637,-0.5221450968868645,-1.4131908403967517,0.15759961899743624
order.Desulfovibrionales.id.3156,Weighted Median,-0.1418425938697272,0.1289349419385877,0.2712842821439132,0.6298732203498845,0.5307285286653208,0.2353030973898041,-0.7717158142196117,-1.4129700752780863,0.15766452303176948
genus.Prevotella7.id.11182,Weighted Median,-0.0001555957973393,0.0655316726262162,0.9981055364101208,0.3692170777175231,0.254499173608478,0.1468468584510856,-0.3693726735148624,-1.4055237137868324,0.15986560279861584
genus.LachnospiraceaeUCG008.id.11328,Weighted Median,-0.0520091211509288,0.0999667338469079,0.6028793861648352,0.3591649656055328,0.2755950723222479,0.1924947654980833,-0.4111740867564616,-1.4025324648043245,0.16075630297705157
genus.Blautia.id.1992,Egger Intercept,-0.0134933023733137,0.0201152892747156,0.5161864135845542,0.086802420438551,0.0686565966691033,0.2322554568416791,-0.1002957228118647,-1.4019008198840608,0.16094486562633614
class.Deltaproteobacteria.id.3087,Weighted Median,-0.1365372579109867,0.1060617349789867,0.1979766482464849,0.5182837216934415,0.4550606137284139,0.2547309429309499,-0.6548209796044282,-1.4014145428418074,0.1610901459345362
genus.Oscillospira.id.2064,Egger Intercept,-0.0506511791733183,0.0353882914992623,0.2023036500672902,0.1512086296979546,0.1397937727238296,0.3209511089648639,-0.2018598088712729,-1.3998266530525523,0.1615652343648848
family.Peptostreptococcaceae.id.2042,Weighted mode,0.0264771091334272,0.1246878271988258,0.8354003947161681,0.6074392935442958,0.3968018750354122,0.151736148922328,-0.5809621844108687,-1.3967746402690224,0.16248135059907565
family.Prevotellaceae.id.960,Egger Intercept,0.0462851850383766,0.0231154886554939,0.0650093937976468,-0.06166071677555,0.0738251135776997,0.4176162141543967,0.1079459018139266,1.395382253498287,0.162900599954785
order.Lactobacillales.id.1800,Inverse-Variance Weighted,0.0637980374376886,0.0953509873514377,0.5034404413253974,0.532890481630537,0.3225051764906936,0.0984638201030161,-0.4690924441928484,-1.394840175933875,0.16306404063415592
order.Bifidobacteriales.id.432,Inverse-Variance Weighted,0.3250569385128025,0.1292358796440702,0.0118957423597985,-0.125948174764707,0.3001389587434498,0.6747536670063583,0.4510051132775095,1.3801481739660877,0.16754102723785458
family.Bifidobacteriaceae.id.433,Inverse-Variance Weighted,0.3250569385128025,0.1292358796440702,0.0118957423597985,-0.125948174764707,0.3001389587434498,0.6747536670063583,0.4510051132775095,1.3801481739660877,0.16754102723785458
family.Rhodospirillaceae.id.2717,MR Egger,0.2119934552823971,0.265472689261882,0.4400695482579179,-1.270115190401431,1.0439673745665594,0.2471357548446187,1.482108645683828,1.3758995539503196,0.16885273335150197
genus.Actinomyces.id.423,Weighted mode,0.165528450524592,0.1092630263256228,0.1805611985088576,-0.5910789903943072,0.5409037801721345,0.3164202288000388,0.7566074409188992,1.3710902517755996,0.17034682342217367
genus.LachnospiraceaeUCG004.id.11324,Inverse-Variance Weighted,-0.118328298919658,0.0856674705573649,0.1672017284833359,0.486362822264555,0.4330856005443796,0.2614299505020683,-0.604691121184213,-1.369699776888409,0.17078063838214486
class.Bacilli.id.1673,Egger Intercept,0.0042206163000068,0.0158697274765014,0.7936713210892933,-0.0834566812078793,0.063016059097419,0.2039872084950955,0.0876772975078861,1.3492213304430796,0.17726588540467914
family.Peptostreptococcaceae.id.2042,Egger Intercept,-0.0047923364632895,0.0128831302207415,0.7169702771700688,-0.1028920142174922,0.0716779393722603,0.1789706281445462,0.0980996777542027,1.3470323386890612,0.17796981768586217
genus.Butyrivibrio.id.1993,Weighted mode,-0.0536734022270534,0.0749605241210418,0.4857501665864416,0.3194818264505181,0.2671159587476511,0.2515448910033923,-0.3731552286775715,-1.345020005851299,0.178618774063668
genus.Ruminiclostridium6.id.11356,Weighted Median,-0.0280094921509105,0.0977430537462619,0.7744473445400021,-0.5797812111317642,0.3984307546094077,0.1456244755636162,0.5517717189808536,1.3449817285005428,0.17863113514998918
family.Bacteroidaceae.id.917,Weighted Median,0.0419482186379486,0.1537116857038673,0.7849285881580679,0.7545204999624041,0.5079796942292129,0.1374548541448824,-0.7125722813244555,-1.3426354967721332,0.1793900304618039
phylum.Euryarchaeota.id.55,Weighted Median,0.0164932771858095,0.0658142309736024,0.8021206689421748,-0.2862692483203577,0.2176101491389352,0.188337137277842,0.3027625255061672,1.3317323819001652,0.182948144441323
genus.Bacteroides.id.918,Weighted Median,0.0419482186379486,0.1340803594571114,0.7543879499236786,0.7545204999624041,0.5194034846942124,0.1463161277223783,-0.7125722813244555,-1.3283593638435318,0.18405941711265994
genus.Intestinimonas.id.2062,Egger Intercept,-0.0324286978187045,0.0167903941946648,0.0755319610319628,0.0587610447933596,0.0666795819001342,0.3941866905979835,-0.0911897426120641,-1.3261828243478626,0.18477914702963627
genus.Lachnospira.id.2004,Egger Intercept,0.0146379649031574,0.0588025707547464,0.8156711706948053,-0.2501650557315319,0.191969184131737,0.2624737830153292,0.2648030206346893,1.3189156473595416,0.18719731438377707
genus.RuminococcaceaeUCG010.id.11367,Weighted mode,0.3072852252875458,0.1707427921929177,0.1318090553238746,-0.500038230691009,0.5917990148358686,0.4366939745546065,0.8073234559785547,1.3107227176202718,0.18995146062321178
genus..Eubacteriumnodatumgroup.id.11297,MR Egger,0.1764319342465268,0.1971189795897556,0.3940662064928777,-0.8796291793294927,0.7820812072653777,0.2898046125185834,1.0560611135760194,1.3093721374918235,0.19040832476980318
genus.RuminococcaceaeUCG003.id.11361,MR Egger,-0.3241805121312946,0.3546959469023519,0.3822422835848017,1.391878529620682,1.270673584898523,0.2990272270199445,-1.7160590417519765,-1.3007838059725654,0.19333246656510195
genus.RuminococcaceaeUCG009.id.11366,MR Egger,0.1757875658410293,0.2442173446782044,0.4899174124501427,-1.1162576208388038,0.9634529098238198,0.2764365806953813,1.292045186679833,1.299944497540312,0.19361999261424767
family.Rhodospirillaceae.id.2717,Egger Intercept,-0.0182614301405682,0.0271255369734367,0.5135649934684119,0.1239725026485419,0.1068120510951642,0.2683498278284814,-0.1422339327891101,-1.2906588083855814,0.1968220140556578
genus.Lachnospira.id.2004,MR Egger,0.0082653667042578,0.986725854466148,0.993717673065897,4.3334779755427855,3.220468195659058,0.2496437088134885,-4.325212608838528,-1.2841163666025575,0.1991012422550953
genus.Coprococcus3.id.11303,Egger Intercept,-0.0250611151149744,0.0405744994521757,0.5563535351764295,-0.2388094035406099,0.1614558173551977,0.1826481412318949,0.21374828842563548,1.2839582922186534,0.1991565491964713
family.FamilyXI.id.1936,Weighted Median,0.0034791476800745,0.0613501964631836,0.9547764931467512,-0.3549586432657376,0.2726088352405761,0.1928888749555893,0.35843779094581213,1.282760247133534,0.1995760853019708
family.Porphyromonadaceae.id.943,Inverse-Variance Weighted,0.2371850017622256,0.1541522989851407,0.1238920357686896,0.8668274367349326,0.4675177482235061,0.0637240042465697,-0.629642434972707,-1.279043228315531,0.2008818336710858
order.Bacillales.id.1674,Inverse-Variance Weighted,-0.0678803609942443,0.0607123962670434,0.2635395452083359,0.1932155165040408,0.1963917811871055,0.32520063254427,-0.2610958774982851,-1.2701564759363475,0.20402889775777133
genus..Ruminococcusgauvreauiigroup.id.11342,Weighted mode,-0.005107610701849,0.3199752329929929,0.987550139041357,1.5105310168738626,1.1582506887706283,0.2188120732331172,-1.5156386275757117,-1.2613127175062842,0.20719620102924474
family.Veillonellaceae.id.2172,Inverse-Variance Weighted,0.0555269335648497,0.0648098734510725,0.3915738994922152,-0.2770578964873972,0.2566658967344014,0.2803873553380303,0.3325848300522469,1.2563553962384124,0.20898714561560006
genus.Subdoligranulum.id.2070,MR Egger,0.0888313070441458,0.2688378390328073,0.7486393546646415,1.360010455466639,0.9758260301863014,0.1968610296692121,-1.2711791484224932,-1.2558813518964618,0.2091589906028728
genus.Coprococcus3.id.11303,MR Egger,0.4520640666399447,0.6841485076002721,0.5298981916988847,3.9833734759740977,2.7278827650637627,0.1876001754321391,-3.531309409334153,-1.255636420234049,0.20924782044926427
family.Bifidobacteriaceae.id.433,Weighted Median,0.3000931300935928,0.1330320776048488,0.0240834563360591,-0.1775789565708661,0.3577389063536119,0.6196174238573291,0.4776720866644589,1.251520185797889,0.21074475374156343
family.Desulfovibrionaceae.id.3169,Weighted Median,-0.1211237184010887,0.1224417963032142,0.3225481457510504,0.5655062671061705,0.5351226586686979,0.290612563787906,-0.6866299855072592,-1.2508015942663173,0.21100687309909905
genus.Phascolarctobacterium.id.2168,Weighted mode,-0.0365045720345618,0.1404606315114432,0.8015107091098161,0.9124779657788944,0.7463757946257952,0.2562943108839877,-0.9489825378134562,-1.249520341110683,0.21147481838055215
family.Actinomycetaceae.id.421,Weighted Median,0.083526065353331,0.1057900190037418,0.4297930712242437,-0.4319574778699917,0.40008989451854,0.2802975958184527,0.5154835432233227,1.2456110679535393,0.212907216965863
class.Negativicutes.id.2164,Weighted mode,-0.2725568630047794,0.2673657149537877,0.3299029979789201,0.6651171526275572,0.7057583459751542,0.3662178455286167,-0.9376740156323367,-1.242438196407791,0.21407493011478085
genus.RuminococcaceaeUCG003.id.11361,Egger Intercept,0.0218504105376651,0.026261509090451,0.4248141966846729,-0.099182101684564,0.0939665555874367,0.3160279289376441,0.1210325122222291,1.2405026783455924,0.21478952415850294
family.Acidaminococcaceae.id.2166,Weighted Median,-0.1473967266883368,0.1079068507804604,0.1719506901813712,0.4598185548876553,0.4817424069012855,0.3398354115513438,-0.6072152815759921,-1.2299782540237767,0.21870524819419335
genus.LachnospiraceaeNK4A136group.id.11319,MR Egger,-0.1788192398137188,0.1608353242992734,0.2863563928243157,-0.8903097239754992,0.5595180077317721,0.1355769463646934,0.7114904841617804,1.22212355207635,0.2216609078483318
family.Methanobacteriaceae.id.121,Inverse-Variance Weighted,0.12617704538654,0.0491553485732636,0.0102611109387136,-0.1196501980577301,0.1951665571925957,0.53983196352825,0.2458272434442701,1.221431402065362,0.22192272366492882
class.Methanobacteria.id.119,Inverse-Variance Weighted,0.12617704538654,0.0491553485732636,0.0102611109387136,-0.1196501980577301,0.1951665571925957,0.53983196352825,0.2458272434442701,1.221431402065362,0.22192272366492882
order.Methanobacteriales.id.120,Inverse-Variance Weighted,0.12617704538654,0.0491553485732636,0.0102611109387136,-0.1196501980577301,0.1951665571925957,0.53983196352825,0.2458272434442701,1.221431402065362,0.22192272366492882
family.Actinomycetaceae.id.421,Weighted mode,0.1606043938201294,0.1195545368922418,0.2503075305415599,-0.3982898463817157,0.4429793666783728,0.4194238011686025,0.5588942402018451,1.218088437011098,0.22319036745998355
genus..Eubacteriumnodatumgroup.id.11297,Egger Intercept,-0.0293951417388305,0.0286413823637679,0.3315346615705602,0.1116540243874494,0.1135113263162182,0.3509959977560186,-0.1410491661262799,-1.204837917087105,0.22826587914740415
genus.Bacteroides.id.918,Weighted mode,0.055308220036776,0.2040839249606255,0.793246763195786,0.9845378667301968,0.7450328134720556,0.2228848571177304,-0.9292296466934208,-1.2029186359428812,0.22900780792749242
class.Deltaproteobacteria.id.3087,Weighted mode,-0.1407190640940643,0.1157758239757924,0.2475687012921515,0.7203241696609082,0.7101759311502448,0.3304594140442968,-0.8610432337549725,-1.196639325606897,0.23144716552112765
family.Bacteroidaceae.id.917,Weighted mode,0.055308220036776,0.2272811932436405,0.8138602880242278,0.9845378667301968,0.7432098281428884,0.2218558874301835,-0.9292296466934208,-1.1956340219043478,0.23183940876238984
genus..Ruminococcusgauvreauiigroup.id.11342,Weighted Median,0.0233164770272739,0.1195507859007043,0.8453662712734247,0.515765206174957,0.3943601582389038,0.1909230960446589,-0.4924487291476831,-1.1950234213797766,0.23207787940644575
class.Negativicutes.id.2164,Weighted Median,-0.1970145690656615,0.1208913236285911,0.103168452486373,0.3589973483916272,0.4505287697943362,0.4255465349176381,-0.5560119174572887,-1.1919656810952812,0.23327470218965263
genus.RuminococcaceaeUCG003.id.11361,Weighted mode,-0.2015893957684165,0.2401802013126525,0.4191539405467837,0.9349771334014862,0.9233719031322302,0.3330211579962208,-1.1365665291699028,-1.1912476750064165,0.2335563686111073
order.MollicutesRF9.id.11579,Weighted mode,0.0434690527083421,0.1297937597736279,0.7434755718727575,-0.521676466584132,0.4565297906167131,0.2754501207147664,0.5651455192924741,1.1907280665720288,0.2337603559882151
genus.Anaerostipes.id.1991,Weighted Median,0.0523833446095473,0.1255549347534989,0.676521489409337,0.6734929732823043,0.5080457479710124,0.1849542685722606,-0.621109628672757,-1.1868407361645954,0.23529044725101578
genus..Eubacteriumoxidoreducensgroup.id.11339,Inverse-Variance Weighted,0.0856052773159346,0.0808992548223302,0.2899773099262053,-0.3581392446842146,0.3658056309553154,0.3275590005142271,0.4437445220001492,1.1844417966651535,0.2362382232456779
genus.Oscillibacter.id.2063,Inverse-Variance Weighted,-0.0643485003994801,0.0728472802246482,0.3770556833642141,0.3209305867122906,0.3204788529386866,0.3166288447163303,-0.38527908711177067,-1.1722940878532373,0.24107900443059238
order.Victivallales.id.2254,Weighted mode,0.0121215820290404,0.1521813183575067,0.9387431574904426,-0.6083924352690202,0.5071358571868858,0.269294518157319,0.6205140172980605,1.1719375449646579,0.24122213187356767
genus.Akkermansia.id.4037,Inverse-Variance Weighted,-0.0477729406826341,0.079323919523866,0.5470068135837174,-0.4254936599212221,0.3137786799618319,0.1750892615379558,0.377720719238588,1.167065286887169,0.24318400507280513
genus.Anaerofilum.id.2053,Weighted Median,-0.0690608315346177,0.0773187629858607,0.3717520694623194,0.2853214651138515,0.2937855869211304,0.3314539422053374,-0.3543822966484692,-1.1665383465765145,0.24339685400836863
family.Verrucomicrobiaceae.id.4036,Inverse-Variance Weighted,-0.0478508493642714,0.0793532501460995,0.5465016511751006,-0.424357841606521,0.3138954801356378,0.1764047165746843,0.3765069922422496,1.1628824700706486,0.24487719069493163
order.Verrucomicrobiales.id.4030,Inverse-Variance Weighted,-0.0478828850465174,0.0793340145867499,0.5461358177424918,-0.4238487101566452,0.3138185134862647,0.1768180594012223,0.3759658251101278,1.1614956188344654,0.2454404038412088
class.Verrucomicrobiae.id.4029,Inverse-Variance Weighted,-0.0478828850465174,0.0793340145867499,0.5461358177424918,-0.4238487101566452,0.3138185134862647,0.1768180594012223,0.3759658251101278,1.1614956188344654,0.2454404038412088
phylum.Euryarchaeota.id.55,Weighted mode,-0.0207841792670001,0.1114885144391229,0.8558395605022122,-0.540696495800576,0.4359913427362146,0.2432288327863879,0.519912316533576,1.1553089587269885,0.24796392860431737
genus.Ruminiclostridium6.id.11356,Weighted mode,-0.0376767703867311,0.1507568213289829,0.8058315867665352,-0.8871946517909457,0.7200718127682674,0.2357151139624785,0.8495178814042146,1.1547319409321708,0.24820021524294766
family.Prevotellaceae.id.960,MR Egger,-0.6936466369347033,0.33453591281614,0.0570623441656243,0.6004711629053922,1.0701440568919067,0.5835910755468635,-1.2941177998400955,-1.1542104373644873,0.2484139045028968
family.Bacteroidaceae.id.917,Inverse-Variance Weighted,0.0167221867492627,0.1390834391762191,0.9042999007386155,0.5215749268048916,0.4172323082491468,0.2112693068867049,-0.5048527400556289,-1.1479055808027594,0.25100754408837833
genus.Bacteroides.id.918,Inverse-Variance Weighted,0.0167221867492627,0.1390834391762191,0.9042999007386155,0.5215749268048916,0.4172323082491468,0.2112693068867049,-0.5048527400556289,-1.1479055808027594,0.25100754408837833
genus.Faecalibacterium.id.2057,MR Egger,0.0906542182958868,0.1569680873584657,0.5794665307035796,-0.6444147327331943,0.620837172040346,0.3296330519490734,0.7350689510290811,1.1478759657337256,0.25101977131743247
phylum.Bacteroidetes.id.905,Inverse-Variance Weighted,-0.2614285556006305,0.1027183233738625,0.0109245988181481,0.2241558870470453,0.412641032668354,0.5869766272920287,-0.4855844426476758,-1.1419237812695993,0.25348570259155934
phylum.Euryarchaeota.id.55,Inverse-Variance Weighted,0.033984491747932,0.0466041097131665,0.4658691612479839,-0.1797534965732135,0.1812971489468469,0.3214485632745251,0.2137379883211455,1.1418155550610967,0.2535306952368219
genus..Eubacteriumcoprostanoligenesgroup.id.11375,Weighted mode,-0.1265716500062038,0.2477390835159106,0.6186848974380645,-0.9965676375796324,0.7240935605503329,0.193869121699497,0.8699959875734287,1.1368018640298736,0.25562112394463443
genus.Butyrivibrio.id.1993,Weighted Median,-0.0186588400911331,0.0565873777273986,0.7416001905919088,0.2304202757598907,0.2116767550838384,0.2763533264975499,-0.24907911585102382,-1.1367767210114963,0.2556316372744498
genus.Coprococcus1.id.11301,Inverse-Variance Weighted,-0.0381796787050386,0.0985429364120494,0.6984289679323616,-0.4486781208298934,0.3485263605133982,0.1979696138235569,0.4104984421248548,1.1333798607340777,0.2570547677138362
order.Actinomycetales.id.420,Weighted Median,0.0838653675926321,0.1217420677422614,0.4909003787252283,-0.4320450433949297,0.438870264209883,0.3248951868252614,0.5159104109875619,1.1327663800137833,0.25731237341907276
genus.Flavonifractor.id.2059,Inverse-Variance Weighted,-0.0250092164762667,0.1239679665302703,0.8401205013991568,-0.5502821116750443,0.4469501965363177,0.2182505563854609,0.5252728951987775,1.1324836584057447,0.2574311508754188
genus.Oscillospira.id.2064,Weighted Median,-0.0005132611923318,0.107941338490059,0.9962060722654328,0.4718936928721626,0.4045666465924411,0.2434456101733573,-0.4724069540644944,-1.1282198433119133,0.25922708562600705
order.Bifidobacteriales.id.432,Weighted Median,0.3000931300935928,0.1385381039603674,0.0303003792315052,-0.1775789565708661,0.4004182771793704,0.6574159473279506,0.4776720866644589,1.127364220579922,0.2595885201012962
genus.Bifidobacterium.id.436,Egger Intercept,-0.0336520974997503,0.0240461685393803,0.1892326439183156,0.0352216801997212,0.0565684510801236,0.5462132192296602,-0.0688737776994715,-1.1204977269002665,0.26250172070944466
genus..Eubacteriumventriosumgroup.id.11341,MR Egger,-0.4852874224605658,0.5960884095044275,0.4314355514142788,1.3068090013179754,1.484643950605504,0.3960279040800742,-1.792096423778541,-1.1201720574821186,0.2626404488681162
genus.Subdoligranulum.id.2070,Weighted Median,-0.0157619588576586,0.1249935926230468,0.899651077690214,0.5872150820348621,0.5268868811944498,0.2650650268812496,-0.6029770408925207,-1.1135102478296495,0.2654893495431545
genus.RuminococcaceaeUCG005.id.11363,Egger Intercept,-0.0125314836657348,0.0185748963548845,0.5126890293731325,-0.0967226340957027,0.0733241473282839,0.2117496874218179,0.0841911504299679,1.1130459950390275,0.2656886759612638
class.Lentisphaeria.id.2250,Weighted mode,0.0121215820290404,0.1324495230744173,0.9296445376154888,-0.6083924352690202,0.5433546629569744,0.299785782292635,0.6205140172980605,1.1095172953767334,0.26720708751382327
genus.Clostridiumsensustricto1.id.1873,Inverse-Variance Weighted,0.0730779151439839,0.0949199721420003,0.4413652850950021,-0.3540168817857886,0.3742633221939774,0.3441979507206615,0.4270947969297725,1.1061409198060685,0.26866552975392866
genus.Peptococcus.id.2037,Weighted Median,0.0712503488677057,0.067660113533543,0.2923122089975851,-0.2578667455990985,0.2897825306843233,0.3735394654188553,0.3291170944668042,1.1059913457468875,0.2687302652160297
order.Actinomycetales.id.420,Weighted mode,0.160410967601544,0.1157780687297272,0.2381467978030146,-0.3991673118591285,0.4938584362405934,0.4642664033767364,0.5595782794606725,1.1031646862048947,0.2699556538728496
genus.Prevotella7.id.11182,Weighted mode,-0.0218459788056617,0.0928323526040887,0.8187038734891134,0.4100444093695958,0.3803703435162798,0.3063444373350862,-0.4318903881752575,-1.103070446430443,0.2699965737848862
order.Selenomonadales.id.2165,Weighted Median,-0.1970145690656615,0.1425011812624887,0.1668038346321855,0.3589973483916272,0.4843582627734786,0.4585834431713882,-0.5560119174572887,-1.1012630765335136,0.27078217622524825
genus.Marvinbryantia.id.2005,Inverse-Variance Weighted,-0.0493783550652895,0.0883770648127766,0.5763503452330694,0.4165194147773454,0.4143933948053747,0.3148340448325453,-0.46589776984263487,-1.0995607374047174,0.27152355675782447
genus.Collinsella.id.815,Egger Intercept,-0.0149320225380498,0.0393070228574216,0.7139196655106534,-0.1654487462527725,0.1313280308189453,0.2432450340548591,0.15051672371472272,1.0979869328387917,0.2722101952597651
genus.Subdoligranulum.id.2070,Weighted mode,-0.0219626602487057,0.2276131895176708,0.9250369058776649,0.8075888776039069,0.7206600837332399,0.2886386245827479,-0.8295515378526126,-1.0976527424900329,0.2723561527165601
genus.Blautia.id.1992,MR Egger,0.0615586351979967,0.284807271045948,0.8328334575345447,-1.046091173532122,0.9743904680559592,0.3059953956515022,1.1076498087301188,1.091107469296047,0.27522559656931755
family.Peptostreptococcaceae.id.2042,Weighted Median,-0.1108229815524477,0.0960438813068553,0.2485499342506183,0.3703720390962304,0.4348687004416015,0.3943878120107355,-0.4811950206486781,-1.0804911408262414,0.2799235297343774
family.Veillonellaceae.id.2172,Weighted Median,0.0318079275810698,0.0949935225534354,0.7377434302907058,-0.3539926381809212,0.3444080463274583,0.3040301898212401,0.385800565761991,1.0798621515205005,0.28020356963946647
genus.Faecalibacterium.id.2057,Egger Intercept,-0.0035652254652417,0.0162679112500188,0.8320158846125402,0.0678050156270571,0.0643877188918224,0.3230718678946939,-0.0713702410922988,-1.0746747075202285,0.2825203913244929
family.FamilyXIII.id.1957,Egger Intercept,0.0188961286005791,0.0211786135886294,0.3983131543489494,-0.0940790911118754,0.1031048197846767,0.3881960490030613,0.1129752197124545,1.0733224609497094,0.28312646090221283
genus.ChristensenellaceaeR.7group.id.11283,Weighted Median,-0.1026502089996988,0.1723080230716379,0.5513511525345154,-0.8134089998056379,0.6408836048502623,0.2043700033865508,0.7107587908059391,1.0709959080338314,0.2841712695531724
genus.RuminococcaceaeUCG003.id.11361,Weighted Median,-0.0658371918386987,0.1236271798874816,0.5943477135739855,0.4814682107383373,0.4966734223776065,0.3323526865243519,-0.547305402577036,-1.0693145434994296,0.2849279594533569
order.Selenomonadales.id.2165,Weighted mode,-0.2725568630047794,0.2081734662060534,0.2171289557631263,0.6651171526275572,0.852371994851205,0.4516712380141677,-0.9376740156323367,-1.0686660079253467,0.28522019361468987
genus.ErysipelotrichaceaeUCG003.id.11384,Weighted Median,-0.0555850118431462,0.0903360667568227,0.5383476275636601,0.3617652546658207,0.3844519998621504,0.346710293972216,-0.4173502665089669,-1.0567897419939758,0.29060755695274887
order.Lactobacillales.id.1800,MR Egger,-0.0438886203586434,0.2543916207679824,0.8656827053753469,0.8816060235702229,0.8387521766479777,0.3123631189808274,-0.9254946439288663,-1.0559200032693545,0.29100476440444467
family.BacteroidalesS24.7group.id.11173,Weighted Median,0.064424242414104,0.0971097941684868,0.5070638237735862,0.4930811422854874,0.3952120466807864,0.2121640500106251,-0.4286568998713834,-1.053294121846387,0.29220621213439224
genus.Holdemanella.id.11393,Egger Intercept,-0.0132329803701956,0.018366566516568,0.4895108711250718,-0.0917825289239165,0.0729082002663254,0.2397459716617997,0.0785495485537209,1.0447361982283145,0.2961449098655238
class.Actinobacteria.id.419,Inverse-Variance Weighted,0.290854339475306,0.1072214459506467,0.0066747406594806,-0.0486418734388565,0.3073175702419474,0.8742370686024994,0.3394962129141625,1.0430469768356039,0.29692653622262677
family.Enterobacteriaceae.id.3469,Inverse-Variance Weighted,0.5660746523983137,0.2119337517791066,0.0075626070553605,0.048643043835566,0.4504219573726731,0.9140001435368078,0.5174316085627477,1.0394555837940842,0.2985929047752043
order.Enterobacteriales.id.3468,Inverse-Variance Weighted,0.5660746523983137,0.2119337517791066,0.0075626070553605,0.048643043835566,0.4504219573726731,0.9140001435368078,0.5174316085627477,1.0394555837940842,0.2985929047752043
family.Veillonellaceae.id.2172,MR Egger,0.0412011272353198,0.1324586605125148,0.7597792193243371,-0.5089445689443929,0.5126781752706935,0.3356244409498791,0.5501456961797127,1.0389650656786231,0.29882098371805577
family.Prevotellaceae.id.960,Weighted mode,-0.1543725304210057,0.1831532671183162,0.4125455168816803,-0.8451246093065192,0.64128466379376,0.2073230600636589,0.6907520788855135,1.0357242318126125,0.30033081420353747
genus.Collinsella.id.815,Weighted Median,0.1175673169273714,0.1503912105840044,0.4343654660126439,-0.5239715282507841,0.6021813875366416,0.3842335047448498,0.6415388451781555,1.0336114340033138,0.3013178518908046
genus.Holdemania.id.2157,MR Egger,0.0599141259671284,0.187966883788651,0.754980748092454,-0.7257775010740883,0.7400651109461979,0.3446430158927055,0.7856916270412168,1.0289812221904935,0.30348849884985807
family.Rikenellaceae.id.967,Egger Intercept,0.0033028486688436,0.0203408863399659,0.8731778231635322,-0.0677938898129262,0.0662080076550456,0.3220883240494588,0.0710967384817698,1.0264869084474588,0.3046621313567468
phylum.Firmicutes.id.1672,Inverse-Variance Weighted,-0.1100278549204257,0.0792703718834212,0.1651348219497638,0.221561465884072,0.3134413683523275,0.479648922699165,-0.3315893208044977,-1.0256083521927992,0.3050762289670388
class.Gammaproteobacteria.id.3303,MR Egger,-0.4938911753332919,0.4044955858689285,0.2765148106799587,1.9870343340193857,2.3976466107713663,0.4449955062715444,-2.4809255093526774,-1.0203156314343598,0.3075787922453934
family.Victivallaceae.id.2255,MR Egger,0.1690959649782679,0.2185615000416897,0.4589608293067678,1.194858275254416,0.9835229957590572,0.2553235024151398,-1.025762310276148,-1.0181111357381056,0.3086251438676819
genus.Phascolarctobacterium.id.2168,MR Egger,-0.5863497252440195,0.4084608991466458,0.1942790777027593,1.1130275753697252,1.6219574141040052,0.5146508383926028,-1.6993773006137447,-1.016010222376956,0.3096245186884834
genus.Peptococcus.id.2037,Weighted mode,0.0891129634863159,0.0902209865144489,0.3427882459515279,-0.4046206987372041,0.4790546746371885,0.4148434632027951,0.49373366222352,1.012836101107316,0.31113845382643013
genus.Gordonibacter.id.821,Weighted Median,0.0211010121510567,0.0651652381760024,0.7460835535665694,-0.2093006753605174,0.220261028449847,0.3419906971394554,0.2304016875115741,1.0030610837079714,0.3158313898962932
genus.Holdemanella.id.11393,MR Egger,0.0914053367227587,0.1683275679136331,0.6003035696997123,0.7831550980355778,0.6697641513726614,0.2723180649827039,-0.6917497613128191,-1.001675554415227,0.3165003169595475
genus..Eubacteriumventriosumgroup.id.11341,Weighted mode,0.1963600422445031,0.2609605772047142,0.4651873085816281,0.9355261098992518,0.6910198966130505,0.1988586409574552,-0.7391660676547487,-1.0006939883108,0.3169747746920466
genus.Anaerofilum.id.2053,Weighted mode,-0.059555662927369,0.111180625178955,0.6051720598339574,0.4647981795644162,0.5138191189427012,0.3892525460897382,-0.5243538424917852,-0.9974199448216267,0.3185607142255722
genus.Slackia.id.825,Weighted mode,-0.074960963219678,0.1900104137474636,0.7094703555326198,0.6143363479753927,0.6650817585732713,0.3980289722565347,-0.6892973111950708,-0.9965380510381472,0.31898878849527224
genus.LachnospiraceaeUCG001.id.11321,Egger Intercept,-0.0248620082920837,0.0292236572333018,0.414814949211398,0.0820372711279378,0.1032608763615708,0.4453690245414701,-0.10689927942002149,-0.9961122611799473,0.31919560308144623
order.Clostridiales.id.1863,Inverse-Variance Weighted,-0.0833917858698867,0.0947056803975067,0.3785688696356595,0.300274071599957,0.3738266186138229,0.4218335898681361,-0.3836658574698437,-0.9948899077709488,0.31978981186526756
genus.Streptococcus.id.1853,Egger Intercept,0.0025809623588883,0.0311505841237681,0.9351403223168052,0.1192547545217844,0.1137594340779526,0.3122586877934527,-0.1166737921628961,-0.9892026618936758,0.3225639963169993
genus.Coprococcus2.id.11302,Weighted mode,-0.3474285021334764,0.2810279957115231,0.2562255241941037,0.4122156024766883,0.7186324683301637,0.5841812548643741,-0.7596441046101647,-0.9844696759258986,0.3248846341988618
genus.FamilyXIIIAD3011group.id.11293,Inverse-Variance Weighted,-0.2363284472117324,0.1017216343707902,0.0201637943656317,0.1097802450502594,0.3385344540748261,0.7457254063748233,-0.3461086922619918,-0.9791278256977035,0.32751682443379115
genus.Anaerotruncus.id.2054,Egger Intercept,-0.0161135953963588,0.0190263523915346,0.416853173756073,-0.0875382847856398,0.07057986015666,0.2431867949499287,0.071424689389281,0.9770902773038888,0.32852446074177033
phylum.Actinobacteria.id.400,Inverse-Variance Weighted,0.2349818801950573,0.1529041184324746,0.1243441662565988,-0.1199577069103463,0.3302662452662069,0.7164441642646755,0.35493958710540363,0.9752579596868187,0.3294323183869996
order.Rhodospirillales.id.2667,MR Egger,0.2687775248389135,0.2564839980991035,0.3171503165220388,-0.8795410223373327,1.157010480701406,0.4631269681220136,1.1483185471762463,0.9689650453478865,0.3325626297051467
family.Victivallaceae.id.2255,Egger Intercept,-0.0248080307053497,0.0308703894530912,0.4423238792387706,-0.162060900349313,0.1388634192167647,0.273179073366186,0.1372528696439633,0.9648477191044048,0.3346210906883269
family.Defluviitaleaceae.id.1924,Inverse-Variance Weighted,0.0626246980208611,0.0868910357559756,0.4710776209789281,-0.2181364161399995,0.2780776994789176,0.4327795588548402,0.2807611141608606,0.9636987241064504,0.3351969942073625
genus.Senegalimassilia.id.11160,Weighted Median,0.0241323660043348,0.1322396699047938,0.8551985061877946,-0.4882589465454692,0.5158532432940568,0.343889815653799,0.512391312549804,0.9621767257619134,0.33596083819222233
genus.Gordonibacter.id.821,Weighted mode,-0.0011081832026219,0.0873780397950227,0.990130457017189,-0.359734946958288,0.3628830109164782,0.3449073267022016,0.3586267637556661,0.9608100135481225,0.33664770279095757
family.FamilyXIII.id.1957,MR Egger,-0.1701039668257842,0.2984295053416668,0.584327374934261,1.2521233165498806,1.453082934239481,0.4139332193396433,-1.4222272833756648,-0.9587542769803994,0.337682548105642
genus.ErysipelotrichaceaeUCG003.id.11384,Weighted mode,-0.0789789354440133,0.1107137387613115,0.4858977530488416,0.4211462597054405,0.5121807852947241,0.4230135656293432,-0.5001251951494539,-0.9544188185553385,0.3398716842765599
family.FamilyXI.id.1936,Weighted mode,-0.0086359782499661,0.1013712808894089,0.9344944893796352,-0.4778810577096221,0.4825110881023641,0.3549684751886802,0.469245079459656,0.9517292636831367,0.34123430419975653
genus.Butyrivibrio.id.1993,Inverse-Variance Weighted,0.0238702053925998,0.0419259206307892,0.569123779857853,0.1677806989120783,0.1461858985545157,0.2510835522049784,-0.14391049351947852,-0.9462861562393287,0.3440026524061619
genus.Paraprevotella.id.962,Weighted Median,-0.0660253517406358,0.0854741515014048,0.4398421076084229,-0.3625371024186955,0.3024126419364481,0.2305995143140627,0.29651175067805974,0.9435242071621032,0.3454128394206597
genus..Eubacteriumhalliigroup.id.11338,Weighted mode,-0.070814052125723,0.1552583302428145,0.6558408428417387,0.8205512899595773,0.9326812994761012,0.3949527950519269,-0.8913653420853003,-0.942729489571139,0.345819285526177
phylum.Firmicutes.id.1672,Weighted Median,-0.1055555554292873,0.1142195406603185,0.3554101976839777,0.3059573583781088,0.4239594449364476,0.4704995001667296,-0.4115129138073961,-0.9372248414079234,0.348642914196845
genus.Romboutsia.id.11347,Weighted mode,-0.1958991163367852,0.1794648976824706,0.2964524902217533,0.485112665750274,0.7062935288271782,0.5052386380191944,-0.6810117820870591,-0.934509168811555,0.3500413086226004
genus.Butyricicoccus.id.2055,Inverse-Variance Weighted,0.1653712403040459,0.1579258992784628,0.2950329278668236,-0.2354141268447446,0.3989172821861615,0.5551016974365068,0.40078536714879054,0.9341438501581917,0.35022969510858326
genus.Lactobacillus.id.1837,Inverse-Variance Weighted,0.0298758681148768,0.1254727317016648,0.8117985235764221,0.2853298226608654,0.2431228340215342,0.2405538560334303,-0.25545395454598857,-0.9337069274576142,0.35045509060552016
genus.Victivallis.id.2256,Weighted Median,-0.0288959268579511,0.0536842962505351,0.5903999082669159,0.1844754609822359,0.2222549472372126,0.4065289776572977,-0.213371387840187,-0.9331929399019465,0.35072035931519085
family.Veillonellaceae.id.2172,Weighted mode,0.0343613218822349,0.0929647213799058,0.7162320250308692,-0.4282481203326544,0.4873517209619034,0.3918017201901664,0.4626094422148893,0.9324185846851788,0.3511202439344836
family.Oxalobacteraceae.id.2966,Inverse-Variance Weighted,-0.0204967736599556,0.0459865022762698,0.6558047021198673,0.1597290495170279,0.1880757200422687,0.3957252052582826,-0.1802258231769835,-0.9308405932400483,0.3519360281418158
class.Coriobacteriia.id.809,Egger Intercept,-0.0098136644827028,0.0257524776537074,0.7088669539145018,0.0814131437642184,0.0946294910979233,0.4040970169810354,-0.0912268082469212,-0.9302114027854288,0.35226163911307085
order.Coriobacteriales.id.810,Egger Intercept,-0.0098136644827028,0.0257524776537074,0.7088669539145018,0.0814131437642184,0.0946294910979233,0.4040970169810354,-0.0912268082469212,-0.9302114027854288,0.35226163911307085
family.Coriobacteriaceae.id.811,Egger Intercept,-0.0098136644827028,0.0257524776537074,0.7088669539145018,0.0814131437642184,0.0946294910979233,0.4040970169810354,-0.0912268082469212,-0.9302114027854288,0.35226163911307085
family.BacteroidalesS24.7group.id.11173,Weighted mode,0.0727387904186895,0.1476191418240677,0.6372705849425075,0.7779777583816498,0.7440789834542484,0.3305205208722652,-0.7052389679629604,-0.9296819769049862,0.3525357688256012
class.Actinobacteria.id.419,Weighted Median,0.2466629817149914,0.1203681825766028,0.040438906421177,-0.2005720231372013,0.4704051822417112,0.669829947879493,0.4472350048521927,0.9210685316584937,0.35701464833550123
genus.RuminococcaceaeUCG009.id.11366,Egger Intercept,-0.0153609933545406,0.0239200278554978,0.536767982608778,0.0743451120501584,0.0944892421110874,0.451613112380656,-0.08970610540469899,-0.9203465920315379,0.35739166860567817
genus.LachnospiraceaeFCS020group.id.11314,Weighted Median,-0.0796474126954435,0.1046982757288459,0.446816678070343,0.3540576604723305,0.459779653277725,0.4412646366997073,-0.433705073167774,-0.9197442660168229,0.3577064145226987
class.Alphaproteobacteria.id.2379,MR Egger,-0.2263220427783308,0.3297936133219603,0.5230743299551194,1.00101147402176,1.296239477515415,0.4748702471365791,-1.2273335168000907,-0.9176083354395387,0.35882395242528453
genus.RuminococcaceaeNK4A214group.id.11358,Weighted mode,0.0474546287538542,0.1958165167763526,0.8126072393843741,0.657893939046382,0.6375270365254705,0.3224476446357076,-0.6104393102925278,-0.9153085294358372,0.3600296826222966
order.Rhodospirillales.id.2667,Egger Intercept,-0.0198271861792895,0.0258123783320718,0.4585846003238758,0.0894219843807819,0.1166291514125096,0.4593867825905531,-0.1092491705600714,-0.9145909317116798,0.3604064211093285
genus..Eubacteriumxylanophilumgroup.id.14375,MR Egger,-0.7073031111516439,0.2858627336297133,0.0425655374765492,-1.681248378211555,1.0265009288969016,0.1454650756211085,0.9739452670599111,0.9140205584393624,0.3607060432523732
genus.CandidatusSoleaferrea.id.11350,Weighted Median,-0.0478090791812363,0.0856967412912445,0.5769216984058244,-0.3885404449721811,0.3638889265997069,0.2856357235139543,0.3407313657909448,0.9114274279496548,0.3620702073874742
order.Gastranaerophilales.id.1591,MR Egger,-0.2647562328210238,0.1902976013576815,0.2067574978833121,-1.2662832938063564,1.0822972171697962,0.2802911675767209,1.0015270609853326,0.9113908261821086,0.3620894855288286
genus.Olsenella.id.822,Egger Intercept,0.0350480871663254,0.0220624909108357,0.1466174188682132,0.1097088181011598,0.0796318418185626,0.2015830647522119,-0.0746607309348344,-0.9035371179396131,0.3662408977526743
genus.Collinsella.id.815,Weighted mode,0.0098075303717863,0.168249059851607,0.9547899871069928,-0.9243470657186306,1.020565453997588,0.3886875071856431,0.9341545960904168,0.9031397483652558,0.3664517305203918
genus.Paraprevotella.id.962,Weighted mode,-0.0979663315981816,0.1643999554138251,0.562311977260509,-0.5828937601580981,0.5154652210680717,0.2802290826421912,0.48492742855991655,0.8962761557715898,0.370105290686632
genus.RuminococcaceaeNK4A214group.id.11358,Egger Intercept,-0.0291747705026247,0.0200038549032968,0.1726692430953466,0.0436903284896537,0.0789466895442075,0.591049517769953,-0.0728650989922784,-0.8946914125392786,0.37095207049760903
genus.Dorea.id.1997,MR Egger,-0.3166697464830244,0.3512177188917432,0.3935861647425781,0.9408732184462852,1.372384315523109,0.5123539295259081,-1.2575429649293097,-0.8877109705177165,0.3746962432150762
genus.Oscillospira.id.2064,MR Egger,0.4286994305358617,0.3683563093740224,0.2886807902583668,-0.9007800720526804,1.454403248717828,0.5584566437031717,1.329479502588542,0.8861276593179801,0.37554873989840765
genus.Collinsella.id.815,MR Egger,0.4300410841375564,0.5794441717017808,0.4792102113833945,2.2233807850279623,1.940797197603436,0.2850713616173416,-1.793339700890406,-0.8854029225430272,0.3759393567214384
class.Gammaproteobacteria.id.3303,Egger Intercept,0.0423169839608135,0.029854058579132,0.2155403040899925,-0.1162338948421703,0.1771189417599656,0.5406595042400072,0.1585508788029838,0.8827148304457828,0.37739036723190145
genus.Desulfovibrio.id.3173,Weighted mode,-0.1958837144265481,0.1943894072279711,0.3399271886983018,0.2616494404572038,0.4814533152766357,0.60001498281367,-0.4575331548837519,-0.8812012040451458,0.3782089277193814
genus..Eubacteriumoxidoreducensgroup.id.11339,Weighted Median,0.0539791678760601,0.0809642981116273,0.5049616456891911,-0.3152252157443302,0.4131744583384354,0.4455022187774803,0.3692043836203903,0.8769023762404354,0.38053966542533435
genus.Roseburia.id.2012,Weighted mode,-0.3036749733431798,0.2318203842009798,0.2128861192491596,0.2918473277400411,0.6390240037432594,0.655418408110512,-0.5955223010832209,-0.8760595570523223,0.38099765739332425
genus.Coprococcus2.id.11302,Weighted Median,-0.1106133909412863,0.1383878894190674,0.4241166844480565,0.3005027274933463,0.4493647144898636,0.5036690586731993,-0.4111161184346326,-0.8743592707500351,0.3819226306163852
genus.Butyricimonas.id.945,Weighted mode,0.0738430671787242,0.1649764082751531,0.6624163951054622,-0.4058090154197016,0.523385371715091,0.4531396054596682,0.4796520825984258,0.8740480096875538,0.3820921088720408
family.Victivallaceae.id.2255,Weighted mode,-0.0712544945324741,0.0991566423353302,0.4888343820014289,-0.4158045527440344,0.3842352431449298,0.3045850760674616,0.34455005821156026,0.8682706509040845,0.3852461850563178
genus..Eubacteriumxylanophilumgroup.id.14375,Inverse-Variance Weighted,0.0708071098313871,0.1318190682922763,0.5911613998734535,-0.2484063064642047,0.3459186152522321,0.4726918002021182,0.3192134162955918,0.8623108895186762,0.38851646195967326
genus.RuminococcaceaeUCG013.id.11370,Weighted Median,0.0489946253656933,0.1167820489527335,0.6748222501516712,-0.4185033166646357,0.5307864546621924,0.4304283163564341,0.467497942030329,0.8601908440547127,0.3896838509291425
genus.Oxalobacter.id.2978,Inverse-Variance Weighted,-0.0428874169130554,0.0516118827480971,0.4059961518149886,0.1527577847022762,0.2215930657165435,0.490595644511047,-0.19564520161533158,-0.8598873422730527,0.3898511465623917
class.Alphaproteobacteria.id.2379,Egger Intercept,0.0251590269599797,0.0299064173329067,0.4385729341858044,-0.0790152169099662,0.1176958454990375,0.531759390428965,0.10417424386994589,0.8578529482734552,0.3909736682087903
genus..Eubacteriumcoprostanoligenesgroup.id.11375,Weighted Median,-0.0154896327731033,0.1295337686327164,0.904815957160453,-0.4410132024448746,0.4834607094552946,0.3616630702339928,0.4255235696717713,0.8501748741328702,0.3952278687395845
genus.Catenibacterium.id.2153,Weighted mode,0.0437767840248496,0.1142132812614135,0.7270528630279891,0.452107078916875,0.466554035917686,0.404005480566629,-0.40833029489202544,-0.8501028700960219,0.3952678960820062
genus.Intestinimonas.id.2062,Inverse-Variance Weighted,-0.0198470902287589,0.0692932705362693,0.7745552239889475,-0.2557232183472859,0.2690366059176264,0.3418508455809081,0.23587612811852698,0.8490343581374634,0.3958621742379065
genus.Holdemania.id.2157,Inverse-Variance Weighted,0.0487236272358971,0.0608789655323931,0.4235161555793419,-0.1622358074604541,0.241056644839869,0.5009349251788946,0.2109594346963512,0.8485033891201764,0.3961576858153757
genus.Senegalimassilia.id.11160,Weighted mode,0.0178981556166068,0.1997849947156507,0.9329217945447206,-0.613612539762117,0.7214060306448747,0.4429230842461661,0.6315106953787238,0.8436350679971698,0.39887336188742406
order.Verrucomicrobiales.id.4030,Egger Intercept,-0.0047340894276449,0.0209681753698366,0.8264201420912378,-0.0772819553461059,0.0834754758370268,0.378703882413603,0.07254786591846099,0.8429065864953513,0.3992806895910519
class.Verrucomicrobiae.id.4029,Egger Intercept,-0.0047340894276449,0.0209681753698366,0.8264201420912378,-0.0772819553461059,0.0834754758370268,0.378703882413603,0.07254786591846099,0.8429065864953513,0.3992806895910519
genus.Anaerotruncus.id.2054,Weighted Median,0.097189102636607,0.1145467713783999,0.3961781998834797,-0.3305409768106759,0.4957785161022165,0.5049567684397149,0.4277300794472829,0.8405997524259088,0.400572197471571
genus.Flavonifractor.id.2059,Weighted Median,0.0530841811985683,0.1552963781306015,0.7324826101360626,-0.4053372756224802,0.5230141393918342,0.4383381709672969,0.45842145682104846,0.8402415380213348,0.4007729728811211
genus.Romboutsia.id.11347,Weighted Median,-0.1161340823171074,0.1248133557555296,0.3521319398164194,0.2935859663518427,0.4714955369564072,0.5335016233859204,-0.40972004866895007,-0.8400446974018317,0.4008833257114466
family.Verrucomicrobiaceae.id.4036,Egger Intercept,-0.0047694372122936,0.0209618186465083,0.8250965344684864,-0.0768960561205433,0.0834498273542898,0.3808453737680882,0.0721266189082497,0.8382696356071241,0.4018792853654092
order.Gastranaerophilales.id.1591,Egger Intercept,0.0252384610121437,0.0217043895422272,0.283003625328546,0.1300487247111585,0.1231394769723907,0.3259986349383886,-0.1048102636990148,-0.8382297046076062,0.40190170709019
genus..Eubacteriumoxidoreducensgroup.id.11339,MR Egger,-0.0738186151442422,0.2982645187676281,0.8204978443666495,-1.31477248532829,1.4564537090750211,0.4332121317766613,1.240953870184048,0.8347145255565096,0.4038784611904169
family.Bifidobacteriaceae.id.433,Weighted mode,0.283897964461,0.3014041376829027,0.3648112210937054,-0.1814163940552964,0.4692771104841812,0.7058296666831625,0.46531435851629643,0.8342967624065779,0.4041137758169948
genus.Coprococcus2.id.11302,Egger Intercept,0.0016776541973465,0.0722443236275544,0.9822262597093478,0.1910033769380454,0.2156387146552522,0.4098407374952484,-0.1893257227406989,-0.8324982218092667,0.40512778146282336
genus.Anaerotruncus.id.2054,MR Egger,0.3145863897297762,0.2771143456617562,0.2827588643145,1.1984027815033649,1.0268692754913789,0.2702673460867474,-0.8838163917735886,-0.8309639921251775,0.4059939712164198
order.Lactobacillales.id.1800,Weighted mode,-0.2189659095210717,0.2169654013153872,0.3299943748769116,0.5156113929650714,0.8578283995798831,0.5574032470934587,-0.7345773024861431,-0.83018002605512,0.40643700651591175
genus.LachnospiraceaeUCG010.id.11330,Inverse-Variance Weighted,-0.0135708379295751,0.1009015786227767,0.893010536799907,-0.3288631669169352,0.3668941235538307,0.3700693271570761,0.3152923289873601,0.8285915145689947,0.4073355911718979
genus.Akkermansia.id.4037,Egger Intercept,-0.0048192367894227,0.0209570296437323,0.8232658694345494,-0.0757493367244293,0.0834271862067431,0.3875602821426349,0.0709300999350066,0.8245850833477083,0.40960719292967496
genus.Lachnospira.id.2004,Weighted mode,0.4349385546269231,0.2753408710327909,0.1750260348241217,-0.3045569071555081,0.8551700099191364,0.7362727578851117,0.7394954617824312,0.8231220096034638,0.4104386137688061
genus..Eubacteriumbrachygroup.id.11296,Inverse-Variance Weighted,0.021158876369671,0.056639437023349,0.7087231813431376,-0.1509415445851151,0.2016530847738981,0.454146035183976,0.17210042095478612,0.82165263725979,0.4112746222640984
genus.RuminococcaceaeUCG005.id.11363,Inverse-Variance Weighted,0.0042284592873987,0.0795839988541116,0.957626712511498,-0.2749670281486705,0.3308154635168778,0.4058722396734133,0.2791954874360692,0.820551264839996,0.411901917160562
phylum.Actinobacteria.id.400,MR Egger,1.3722405299990308,0.5866709975722639,0.0359534922523109,0.1342987479152983,1.3982989540884303,0.9249501326298726,1.2379417820837324,0.816377077980005,0.41428450251864524
genus.Roseburia.id.2012,Weighted Median,-0.1969868086331079,0.1344978375033032,0.1430274924814915,0.2364016064870004,0.5163144023224936,0.6470503901068672,-0.4333884151201083,-0.8122809567068119,0.4166304351481003
genus.Escherichia.Shigella.id.3504,MR Egger,0.2215951618447803,0.2822554586884457,0.4550214011524404,-0.7229799386476852,1.1297737462648327,0.5401057716031763,0.9445751004924654,0.8111432207522442,0.4172834278372095
family.Lachnospiraceae.id.1987,Weighted mode,0.1062435102307937,0.2008887915689351,0.6046358680948629,-0.6251507829541998,0.8801171781515876,0.4884127165789628,0.7313942931849935,0.8101822801625236,0.41783542017889586
genus.RuminococcaceaeUCG011.id.11368,Weighted mode,0.0803582821716972,0.0909687529198859,0.4063546773975811,0.5492686807979505,0.5716819599782288,0.3686601517848333,-0.46891039862625333,-0.8100382296237213,0.417918204073795
genus.Adlercreutzia.id.812,Inverse-Variance Weighted,-0.0375726168530708,0.0820919737121541,0.6471756862935124,0.2334981165613192,0.3248076999115691,0.472214182610492,-0.27107073341439,-0.8091154183733361,0.418448760351104
class.Betaproteobacteria.id.2867,Weighted Median,-0.2314098359751418,0.1302889757327335,0.0757119004291415,0.1456035566342393,0.4483768400836194,0.7453818057917847,-0.3770133926093811,-0.8074424729297738,0.4194116051844836
family.Streptococcaceae.id.1850,MR Egger,0.6145522175332674,0.3685705078761289,0.1193313649804174,-0.799737164143935,1.713262186361724,0.6483750878802895,1.4142893816772024,0.807031499064711,0.41964833571517124
genus.Adlercreutzia.id.812,MR Egger,0.0404608647324179,0.3672361295193729,0.9158620533269864,1.2426709624691057,1.4500551588699664,0.424355553509974,-1.2022100977366879,-0.8037050209792664,0.42156735368381626
genus.LachnospiraceaeND3007group.id.11317,Egger Intercept,-0.1813850416338823,0.1842524501062095,0.504992407916669,0.4222713191569993,0.7301498379193356,0.6661966192230169,-0.6036563607908816,-0.8016269442275824,0.422768786755759
genus.Prevotella9.id.11183,MR Egger,0.1444605613303102,0.1893217165010143,0.4590613786264997,0.7095424169954133,0.681347991435556,0.3166796850070014,-0.5650818556651032,-0.799084259575422,0.42424155601486646
genus.DefluviitaleaceaeUCG011.id.11287,Inverse-Variance Weighted,0.1532197363959915,0.0784022032953659,0.0506682958837435,-0.103071948817093,0.3110214239834376,0.7403437031053666,0.25629168521308454,0.7990361706246262,0.42426943888345603
phylum.Proteobacteria.id.2375,Weighted mode,0.0532656831815595,0.2167128366550587,0.8103711553138353,-0.582732840359582,0.7666004712678823,0.4631454394982799,0.6359985235411414,0.7983478038378374,0.4246686841819498
family.Peptococcaceae.id.2024,Inverse-Variance Weighted,0.048330884429538,0.0751334300701128,0.5200506211529119,-0.1944953742707339,0.2948590580815584,0.5094967533807442,0.2428262587002719,0.7980330638941532,0.4248513030666117
class.Coriobacteriia.id.809,MR Egger,0.3621954108883701,0.3857830679438914,0.3637203141332445,-0.8081703594383781,1.4174447944682549,0.5776052719995506,1.1703657703267483,0.7967059723510393,0.42562181455378956
family.Coriobacteriaceae.id.811,MR Egger,0.3621954108883701,0.3857830679438914,0.3637203141332445,-0.8081703594383781,1.4174447944682549,0.5776052719995506,1.1703657703267483,0.7967059723510393,0.42562181455378956
order.Coriobacteriales.id.810,MR Egger,0.3621954108883701,0.3857830679438914,0.3637203141332445,-0.8081703594383781,1.4174447944682549,0.5776052719995506,1.1703657703267483,0.7967059723510393,0.42562181455378956
genus.Holdemania.id.2157,Egger Intercept,-0.0011392146314833,0.0180821716442178,0.9507232449065072,0.0572618601329583,0.0710975784224501,0.4350743803114986,-0.058401074764441605,-0.7960783776858195,0.42598648093578273
family.Clostridiaceae1.id.1869,Weighted Median,0.0267324611356332,0.1211620719778138,0.8253774988122085,0.4187140100679299,0.4775381595851253,0.3805855506261829,-0.3919815489322967,-0.7956282799729211,0.4262481242245215
genus.RuminococcaceaeUCG013.id.11370,Weighted mode,0.0843724230199665,0.2108856017138981,0.6975059231561052,-0.4747092448934307,0.6722204296982427,0.496198631552862,0.5590816679133972,0.7935602538965597,0.4274514787842336
genus..Eubacteriumoxidoreducensgroup.id.11339,Weighted mode,0.0298954081312189,0.1238962375643407,0.8211916547029396,-0.4672887810115336,0.6142020473534247,0.4891525048379876,0.4971841891427525,0.7934969119762812,0.42748836773979537
genus.LachnospiraceaeUCG010.id.11330,Weighted Median,0.1092751518161164,0.1277053091365755,0.3921736234825544,-0.2786972728535639,0.4728614200154108,0.5556032566274157,0.3879724246696803,0.792099591927493,0.4283026080250749
genus.Ruminiclostridium5.id.11355,Weighted Median,-0.0630043733751589,0.1315477889347672,0.6319765796797348,0.3364618219344509,0.4873263241744534,0.4899275471681125,-0.3994661953096098,-0.7913841316985231,0.4287198669966661
genus..Eubacteriumbrachygroup.id.11296,Egger Intercept,0.0126690112184457,0.0300359403810009,0.6842805347791784,-0.0714106018581283,0.1019262599951981,0.5034098351939373,0.084079613076574,0.7912654249665424,0.4287891200481595
genus.Dorea.id.1997,Weighted Median,-0.0986521442176918,0.1249573459314864,0.4298276865044484,0.3720101848306058,0.5820734155145683,0.522749984461468,-0.4706623290482976,-0.7905839643180095,0.42918680742481996
genus.Flavonifractor.id.2059,Weighted mode,0.1710011877639853,0.2368303093589222,0.5102237832011605,-0.3459140842631907,0.6106955718966955,0.6013735713876212,0.516915272027176,0.7891719621513221,0.4300115068363175
genus.LachnospiraceaeND3007group.id.11317,MR Egger,3.032091599746119,3.1357027369663544,0.5106934004889672,-7.068900074182676,12.425234675551788,0.6707090110217184,10.100991673928796,0.7882286107661081,0.4305629966677289
genus.Turicibacter.id.2162,Weighted Median,-0.0973911853271758,0.1020016174138693,0.3396786440003148,0.2134850028581936,0.3820555557932819,0.5763118746297273,-0.31087618818536944,-0.7861576777442675,0.43177511715800576
genus.Alloprevotella.id.961,Inverse-Variance Weighted,-0.0245470602599575,0.0618513971296466,0.691462179887186,0.1732705358688131,0.244130222502636,0.4778614400562553,-0.19781759612877062,-0.7854781911477682,0.43217325219425984
phylum.Proteobacteria.id.2375,Egger Intercept,0.0257399634671402,0.0167146254651274,0.1545910875970348,-0.0275910399634874,0.0658992842875704,0.6842966659118825,0.0533310034306276,0.7844411193729277,0.43278131867524916
genus..Clostridiuminnocuumgroup.id.14397,Inverse-Variance Weighted,-0.024115511048914,0.0545156912517037,0.6582293847638956,-0.1983253656365222,0.2152976682087918,0.3569626176249786,0.1742098545876082,0.7844024951138384,0.43280397480431754
genus.Streptococcus.id.1853,MR Egger,-0.0478824018912153,0.4012590358922408,0.9067090341539924,-1.2311968878198511,1.4631250236069748,0.4142195933209585,1.1833144859286358,0.7799588753557305,0.4354150819390137
genus.Anaerostipes.id.1991,Egger Intercept,-0.0058836603392846,0.0212941926558237,0.7874373228580938,0.0608138610956962,0.0835689459199416,0.4819944685926305,-0.0666975214349808,-0.7734008288997354,0.43928519957029355
phylum.Verrucomicrobia.id.3982,Weighted Median,0.0064650893570919,0.098920001130072,0.9478899623519792,0.3321963734088583,0.4098765295713614,0.417664854622545,-0.32573128405176643,-0.7725261917890902,0.4398028402898402
genus.Eggerthella.id.819,MR Egger,0.0709007344005529,0.3563397780725156,0.8472504073033924,0.9411954349748202,1.0728487678359613,0.4059047149006717,-0.8702947005742673,-0.7698460447661769,0.4413912227279273
genus..Eubacteriumxylanophilumgroup.id.14375,Weighted mode,-0.0996914435943172,0.1721486465328201,0.5784578618121399,-0.7033457330435433,0.7665226131369769,0.3856662658388574,0.6036542894492261,0.7683836607489212,0.44225928465278086
genus.FamilyXIIIUCG001.id.11294,Inverse-Variance Weighted,0.010449919354008,0.0972374620528393,0.9144176797139606,-0.289561875222688,0.3789714338198732,0.444823686410111,0.300011794576696,0.7668085456319966,0.44319535474148886
genus.Coprococcus2.id.11302,MR Egger,-0.1151588661457498,1.0083546410794926,0.9128012718979523,-2.5449707797333523,3.00956191906717,0.43018633068589,2.4298119135876024,0.7655374954571806,0.4439515478801006
genus.Lactococcus.id.1851,Inverse-Variance Weighted,-0.0264986886719793,0.0543262858506686,0.625713333997199,-0.1950365830068991,0.2146346635352032,0.3635132661316342,0.1685378943349198,0.7612260438641836,0.4465220650317643
genus.Romboutsia.id.11347,Inverse-Variance Weighted,0.0054850583375917,0.0797937896048709,0.9451962464984596,-0.2420525950663118,0.3162258983002491,0.4440083705326592,0.2475376534039035,0.7589971168084932,0.44785428151173234
genus..Eubacteriumhalliigroup.id.11338,Weighted Median,-0.0339927559087551,0.1063526237873846,0.7492540567053787,0.2931912726072493,0.4181293570385217,0.4831797507438858,-0.3271840285160044,-0.7583482597745173,0.4482425235370455
genus.Lachnoclostridium.id.11308,Inverse-Variance Weighted,-0.1087861589109438,0.0891443335606001,0.2223370201570896,0.2185245470766808,0.4232669915008005,0.605658426034354,-0.3273107059876246,-0.756695920315049,0.44923205954787315
family.Defluviitaleaceae.id.1924,Weighted Median,0.1306407485141802,0.0989336355189295,0.1866719037766019,-0.1990967603975476,0.4249695517902269,0.6394295518372715,0.3297375089117278,0.7557005275078551,0.4498287677338064
family.Streptococcaceae.id.1850,Egger Intercept,-0.0542551529465718,0.0286952805430309,0.0811557292399187,0.0488963891182335,0.1335484378550605,0.7201557790298334,-0.1031515420648053,-0.755155077167334,0.45015593934107034
phylum.Firmicutes.id.1672,Weighted mode,-0.1001742575997208,0.1300200643833588,0.4529963718375595,0.4574518104383935,0.7276837856979979,0.5390396730871512,-0.5576260680381143,-0.7543558005162405,0.4506356043116204
class.Gammaproteobacteria.id.3303,Weighted Median,-0.0036902373474041,0.1567410668634726,0.9812167195493672,0.4778415322266843,0.6209892054005102,0.4416057769599296,-0.4815317695740884,-0.7518471818983814,0.45214296443176494
family.ClostridialesvadinBB60group.id.11286,Inverse-Variance Weighted,0.0782542465382016,0.0636850519862623,0.2191582573417673,-0.1168983565712423,0.2544331792111698,0.6459137801793842,0.19515260310944388,0.744055430284685,0.4568429415651696
genus.Olsenella.id.822,Weighted Median,0.0656638935008399,0.0655388164922714,0.3163878151275052,0.2451044035994352,0.2324067681769458,0.291592109635102,-0.1794405100985953,-0.743114131199564,0.45741258487595204
family.Lactobacillaceae.id.1836,MR Egger,-0.2759951265005385,0.2994437566942305,0.3922422084478456,0.2546254818281881,0.648892833025146,0.7083230419685669,-0.5306206083287266,-0.7424873833597568,0.4577920931685162
family.Bifidobacteriaceae.id.433,MR Egger,1.1764246579713498,0.3725675626304439,0.0091176156091148,0.3689459641502308,1.0224199643751954,0.7250418122003635,0.8074786938211189,0.7420409349748988,0.458062534286686
order.Bifidobacteriales.id.432,MR Egger,1.1764246579713498,0.3725675626304439,0.0091176156091148,0.3689459641502308,1.0224199643751954,0.7250418122003635,0.8074786938211189,0.7420409349748988,0.458062534286686
genus.Barnesiella.id.944,Egger Intercept,0.0480916433582548,0.0268522591320562,0.100822315777991,0.1246512979865705,0.1001950647508427,0.2393255218415346,-0.07655965462831571,-0.7380604205972098,0.4604777337989381
genus..Clostridiuminnocuumgroup.id.14397,MR Egger,-0.0151629817086063,0.2737955920037557,0.9576332734531694,-0.8381445810391643,1.082191915142915,0.4680540722035448,0.822981599330558,0.737247129545522,0.4609720775519497
family.Acidaminococcaceae.id.2166,Weighted mode,-0.1628419168605787,0.1735034310026763,0.3841881669389801,0.3846099082606549,0.7235386938585502,0.6141206762949268,-0.5474518251212336,-0.7357720481815546,0.46186943461629193
family.Defluviitaleaceae.id.1924,Weighted mode,0.1895085146357893,0.1438695868269252,0.2171465372915089,-0.3121896663397285,0.6668964382928342,0.649732898457692,0.5016981809755178,0.7353707094918841,0.4621137553149477
genus.Lachnoclostridium.id.11308,Egger Intercept,0.0201522773630127,0.0204846502962067,0.3463700887094119,0.0932329974540728,0.0974276832540066,0.3591541406115124,-0.0730807200910601,-0.7340524871549069,0.4629167494749644
genus.Eggerthella.id.819,Egger Intercept,-0.004531172676225,0.0390705138877809,0.910531331503869,-0.0954906609147216,0.1176838765373031,0.4405980133202597,0.09095948823849659,0.7335442635109855,0.4632265411975982
order.Bifidobacteriales.id.432,Weighted mode,0.283897964461,0.3061225398971988,0.371996543856157,-0.1814163940552964,0.559531451575861,0.7513463274133514,0.46531435851629643,0.7295636919736616,0.46565692245385915
genus.Oscillospira.id.2064,Weighted mode,0.0354955492095905,0.1459006708086676,0.8147595842307477,0.4581284483593354,0.5613427621436271,0.4413095614657987,-0.4226328991497449,-0.7286853161867174,0.466194176929692
genus..Eubacteriumventriosumgroup.id.11341,Egger Intercept,0.0316915565618706,0.0439030259731173,0.4842135965904971,-0.0540873656624486,0.1093834935559155,0.6298992000006933,0.08577892222431921,0.7277709079872419,0.4667538359012533
genus.RuminococcaceaeUCG004.id.11362,Inverse-Variance Weighted,0.0171739963879973,0.0964704179298629,0.858704561371849,0.2376050901022041,0.2879632589726086,0.4093017986109131,-0.2204310937142068,-0.7258355090782492,0.4679396156588971
family.Desulfovibrionaceae.id.3169,MR Egger,-0.191145036290809,0.211942995213198,0.3934679522146589,0.6440663578070048,1.1311973166348568,0.5847349140125754,-0.8352113940978139,-0.7257147822425349,0.4680136378037667
genus.Prevotella9.id.11183,Egger Intercept,-0.0148624929754132,0.0186432176122815,0.4396495876118492,-0.0653302534696636,0.067080701441967,0.3478778912897025,0.050467760494250405,0.7248698712840266,0.46853186585612083
genus..Eubacteriumhalliigroup.id.11338,Inverse-Variance Weighted,-0.0156017947083036,0.0909895463635095,0.8638557972338586,0.2176912311117917,0.3089121044741318,0.4809951961246713,-0.2332930258200953,-0.724436398108836,0.46879786084652153
genus.CandidatusSoleaferrea.id.11350,Weighted mode,-0.1026420784714828,0.1276222528614281,0.4444846186747894,-0.4140120834795477,0.410572612373975,0.3427960170574449,0.3113700050080649,0.7241998988063406,0.46894302069155724
genus.Clostridiumsensustricto1.id.1873,MR Egger,0.278986494624568,0.2428704736514884,0.3026454807804342,-0.4393248286008468,0.9621789198625134,0.6671128459425846,0.7183113232254148,0.7238429527208535,0.4691621561086645
genus..Ruminococcusgnavusgroup.id.14376,Egger Intercept,-0.0236309373749735,0.0311785693882201,0.4678779450811432,-0.1159495452624268,0.1237772568573514,0.3733366249119506,0.0923186078874533,0.7232524014048495,0.4695248301794954
genus.RuminococcaceaeUCG005.id.11363,MR Egger,0.1432977124259693,0.221591877378397,0.530017830352846,0.7939001702161174,0.8718491022466947,0.3804371976008531,-0.650602457790148,-0.7232382244647088,0.46953353853934776
genus.Roseburia.id.2012,Inverse-Variance Weighted,-0.2184020082396129,0.1106368974168947,0.0483768379698462,0.1116865797611778,0.4440310305458097,0.801405320352578,-0.33008858800079066,-0.7213365547304161,0.47070247151545974
class.Deltaproteobacteria.id.3087,MR Egger,-0.1374158523686125,0.2184404725127886,0.542142196532827,0.588588321752759,0.983446603170835,0.5616308597755231,-0.7260041741213715,-0.7206610166777094,0.4711181027876159
order.Burkholderiales.id.2874,MR Egger,0.0571062201477206,0.3448547713559901,0.8725839444850698,0.9824449237844396,1.237417573666903,0.4501323157319128,-0.925338703636719,-0.7203474676667785,0.4713110856031877
phylum.Proteobacteria.id.2375,Weighted Median,0.0365366803308882,0.128161627912459,0.775580679681725,-0.3112170695502073,0.4670705635680515,0.5052084841936093,0.3477537498810955,0.7180026380494299,0.4727556602264147
genus.Methanobrevibacter.id.123,MR Egger,-0.1862184037110149,0.268621706496964,0.5263099610107738,-0.911976693851974,0.9797893346665284,0.4046522263843896,0.7257582901409592,0.7143675177760075,0.4749999520924937
genus.Desulfovibrio.id.3173,Egger Intercept,0.007148207421081,0.0303358982882148,0.8196359045489137,-0.0594759751946788,0.0886834838181181,0.5213277750237213,0.06662418261575981,0.7108211523876411,0.47719507116228765
genus.Barnesiella.id.944,MR Egger,-0.6201408639357835,0.3548921853036942,0.1083869117144951,-1.5934806190632809,1.325183472606817,0.2544302725920489,0.9733397551274974,0.709492427395274,0.47801894910143705
class.Betaproteobacteria.id.2867,MR Egger,-0.0140981251782337,0.319094297896999,0.965842469220032,0.904203951237002,1.257313006313871,0.4925142213566477,-0.9183020764152358,-0.7079258102017062,0.4789913305933775
genus.RuminococcaceaeUCG010.id.11367,MR Egger,0.4148789301734647,0.3389361501558555,0.2880951710308932,-0.4295710649326439,1.144817258911793,0.7265376368893213,0.8444499951061086,0.7072821908835989,0.4793911305678906
genus.Methanobrevibacter.id.123,Inverse-Variance Weighted,0.0897493650250118,0.0729677235858241,0.2187019032411858,-0.1021752673134908,0.2616168423654559,0.696127602488406,0.1919246323385026,0.7066391760300732,0.47979073684657836
family.Bacteroidaceae.id.917,Egger Intercept,-0.0525751765854244,0.0459356698277503,0.2900224376659152,0.0518256669688097,0.140470234250493,0.7230758311048304,-0.1044008435542341,-0.7064120194222646,0.4799319483962148
genus.Bacteroides.id.918,Egger Intercept,-0.0525751765854244,0.0459356698277503,0.2900224376659152,0.0518256669688097,0.140470234250493,0.7230758311048304,-0.1044008435542341,-0.7064120194222646,0.4799319483962148
phylum.Cyanobacteria.id.1500,Weighted mode,-0.164980805209592,0.0983378549880402,0.1373059317546269,0.4681366031158065,0.8921449946764185,0.6159722269994188,-0.6331174083253985,-0.7053853024769516,0.4805704880156596
genus.Gordonibacter.id.821,Inverse-Variance Weighted,0.0027664545840565,0.0632841967873248,0.9651317597078192,-0.1329115096735265,0.1816389814183991,0.4643306331547535,0.135677964257583,0.7053789394319597,0.48057444678701833
genus.Sellimonas.id.14369,Weighted Median,0.0388729053204716,0.0639606227373897,0.5433446166882021,0.2550554733111297,0.3010393743579549,0.3968560423956517,-0.2161825679906581,-0.7024408541931348,0.4824042748071038
genus.Dialister.id.2183,Weighted mode,-0.0473929917803147,0.1748103286221758,0.791819744710452,0.4497514430784211,0.688575084131042,0.5283821879502009,-0.4971444348587358,-0.6997910493404321,0.48405780531950837
genus.Prevotella9.id.11183,Weighted Median,-0.0371248652433048,0.0796171312989433,0.6410061999508022,0.1808322110963462,0.3020426548241181,0.5493745611167783,-0.217957076339651,-0.697775664790102,0.48531750014763064
genus.Subdoligranulum.id.2070,Egger Intercept,-0.0125900668076833,0.0196193367792381,0.537055854575083,-0.0640729209887542,0.071166119150388,0.3913993962552046,0.051482854181070896,0.6974015322140339,0.4855515429311148
phylum.Verrucomicrobia.id.3982,Inverse-Variance Weighted,-0.0227791792376047,0.0782358866577514,0.7709287726175353,-0.2982183603651633,0.3878835655034134,0.4419914225279568,0.2754391811275586,0.6960896588402034,0.48637268229912123
genus.Escherichia.Shigella.id.3504,Weighted mode,0.0941750532035862,0.2088931414486401,0.6627781831263775,-0.4304374779608964,0.7254300198851181,0.5675537917484313,0.5246125311644826,0.6949363436733617,0.4870951952025546
family.Desulfovibrionaceae.id.3169,Egger Intercept,0.0081438235747834,0.0164876294289447,0.6346266502286277,-0.0538487032382585,0.088035013279215,0.5577319898376787,0.061992526813041904,0.6921462355289328,0.4888454984817998
genus.Bilophila.id.3170,Weighted Median,-0.1131335823034531,0.1314718381902841,0.3895048268795061,-0.4563952469946475,0.4787960877895617,0.3404815349103224,0.3432616646911944,0.6913372259454574,0.48935364309828033
genus.Eisenbergiella.id.11304,Egger Intercept,0.0328908196440094,0.0436895364131526,0.4707839346242494,-0.0898488622392459,0.1721829508757185,0.6143919619121485,0.1227396818832553,0.690948661965369,0.4895978039412796
genus.Prevotella9.id.11183,Weighted mode,-0.0670273143850648,0.1029769005637459,0.5256529156009442,0.2398363691135681,0.4320620511715666,0.5875885174873541,-0.3068636834986329,-0.6908788838408394,0.4896416571672728
order.Selenomonadales.id.2165,Inverse-Variance Weighted,-0.1582639562706992,0.1086246410672636,0.1451218331396816,0.1104066951993246,0.374376986626167,0.7680643097940343,-0.2686706514700238,-0.6892221767537491,0.490683463088597
class.Negativicutes.id.2164,Inverse-Variance Weighted,-0.1582639562706992,0.1086246410672636,0.1451218331396816,0.1104066951993246,0.374376986626167,0.7680643097940343,-0.2686706514700238,-0.6892221767537491,0.490683463088597
genus.RuminococcaceaeUCG004.id.11362,Weighted Median,-0.0980583127033982,0.1022700685326092,0.3376507838776403,0.1759698022973791,0.3844229463262404,0.6471316902681578,-0.2740281150007773,-0.688869179923218,0.49090559596594696
genus.Faecalibacterium.id.2057,Weighted mode,0.0156038763735372,0.1298775407775986,0.9070091635073616,-0.3687408181099929,0.5428139460851686,0.5140286559465529,0.3843446944835301,0.6886226449765636,0.49106076684185673
genus..Ruminococcusgauvreauiigroup.id.11342,MR Egger,0.6300676104406217,0.403724734021118,0.1496709956447786,1.658417701883852,1.4381931477226877,0.2756764592431871,-1.0283500914432304,-0.6884191444734492,0.4911888713771244
phylum.Verrucomicrobia.id.3982,Weighted mode,0.0329303033548349,0.1438806477407009,0.8235808780028454,0.4357027467168377,0.5677437638430562,0.4605625563936334,-0.4027724433620028,-0.6876869326424786,0.49164995065719186
genus.LachnospiraceaeFCS020group.id.11314,Weighted mode,0.0226194625460023,0.1753025512475689,0.8994705556456124,0.5184637451677028,0.6999071992100024,0.4730850571496744,-0.4958442826217005,-0.6872152382009494,0.4919471031798692
genus..Eubacteriumrectalegroup.id.14374,Weighted mode,-0.049365271471315,0.2256455300379087,0.8323045297069933,-0.726586600784294,0.9664066133698596,0.4736817636786571,0.6772213293129791,0.6824076662243617,0.4949812095616153
class.Bacilli.id.1673,Weighted mode,-0.1931232373100476,0.1774071222111603,0.2915280389934325,0.3256513742518754,0.739554078904686,0.6652423037882511,-0.518774611561923,-0.6821179764687207,0.49516435451036345
family.Oxalobacteraceae.id.2966,Egger Intercept,0.0130748852277488,0.0240072186135339,0.5959888810488569,0.0823166457398524,0.0990199295921597,0.4220300718152012,-0.0692417605121036,-0.6795827978998903,0.49676866482664517
class.Deltaproteobacteria.id.3087,Egger Intercept,0.0026974818919419,0.0159328572474054,0.868631515084699,-0.0472340090655891,0.0717543667535613,0.5239004548653303,0.049931490957530994,0.6793214599194325,0.49693420196357496
genus.Hungatella.id.11306,MR Egger,0.3127467575933244,0.4428756944748206,0.5309823974944412,2.5452584752469725,3.26652039825592,0.4926822615228947,-2.232511717653648,-0.6772562375278324,0.4982433919127689
family.Lactobacillaceae.id.1836,Inverse-Variance Weighted,0.12899191708851,0.1293634845426193,0.3187025168536025,0.3253045369753201,0.2596743567984751,0.2103002270132212,-0.1963126198868101,-0.6766758757588464,0.4986116259723863
family.Prevotellaceae.id.960,Inverse-Variance Weighted,-0.0497040148268815,0.1009704324009435,0.6225333848942625,-0.2592241141427491,0.2928463256840669,0.376055131379559,0.2095200993158676,0.6763852874776611,0.49879605583735964
phylum.Lentisphaerae.id.2238,Weighted mode,0.0365317335694721,0.1443302385132306,0.8065643764921547,0.421493286423706,0.5514209024068796,0.4665880409392552,-0.3849615528542339,-0.6753750644153712,0.49943750379668383
family.Peptostreptococcaceae.id.2042,Inverse-Variance Weighted,-0.1406040040284371,0.0734992216310621,0.0557480645602926,0.1480760351985745,0.4224982533762528,0.7259805442788265,-0.2886800392270116,-0.6731591173198104,0.5008460672753796
genus.Escherichia.Shigella.id.3504,Egger Intercept,-0.0106924914231031,0.0210668961959284,0.6254628749753832,0.0475860778085648,0.084066999041073,0.5868828713012502,-0.0582785692316679,-0.6724466709852068,0.5012993796053502
genus.Coprococcus1.id.11301,Weighted Median,0.1397811213296358,0.1343031357088278,0.2979738492439429,-0.1612114178441089,0.4287401416379507,0.7069080100558551,0.3009925391737447,0.6699393695367124,0.5028964413363881
genus.Ruminiclostridium9.id.11357,Egger Intercept,-0.0495887070712991,0.0357320376757823,0.2077690201146707,-0.1410317093179431,0.1318280641016906,0.3201982130683528,0.09144300224664399,0.6694960140781442,0.503179122487323
genus.Victivallis.id.2256,Weighted mode,-0.0529212268420321,0.1063218815404673,0.6294262885744599,0.1590675404538493,0.2990460648429083,0.6063981589390486,-0.2119887672958814,-0.6679242315926647,0.5041819587947283
genus.Alloprevotella.id.961,Egger Intercept,-0.0175088885271098,0.0775909189449226,0.8359676475790923,0.1844724221109319,0.2927708913248367,0.5733575929437789,-0.2019813106380417,-0.6668732680934593,0.5048530873571577
genus.ChristensenellaceaeR.7group.id.11283,Weighted mode,0.0614488280549396,0.2976610615711512,0.8416052110541941,-0.7563156852372481,1.190630773756347,0.543020666316974,0.8177645132921877,0.6663254460370014,0.5052031043865517
genus.Eisenbergiella.id.11304,MR Egger,-0.3167729916864806,0.4182722988575574,0.4682116007684088,0.8155226816999228,1.6479797056221013,0.6325530083400799,-1.1322956733864034,-0.6659653969631114,0.5054332182216239
family.Ruminococcaceae.id.2050,Egger Intercept,-0.0009193577020833,0.0179454473483331,0.9603977700970115,0.0521708557762322,0.0777716027441057,0.5212268465264539,-0.053090213478315496,-0.6651644523951858,0.5059453141865995
class.Bacteroidia.id.912,Egger Intercept,0.018424349254695,0.0155106659377452,0.2623395109749529,0.0603100305645754,0.0611064660937573,0.3469371738226581,-0.0418856813098804,-0.6643851402305987,0.5064438410910144
order.Bacteroidales.id.913,Egger Intercept,0.018424349254695,0.0155106659377452,0.2623395109749529,0.0603100305645754,0.0611064660937573,0.3469371738226581,-0.0418856813098804,-0.6643851402305987,0.5064438410910144
genus.Desulfovibrio.id.3173,MR Egger,-0.1528976868407909,0.3089030142334925,0.6339279356035292,0.4713263538103192,0.903708360280287,0.6161126804556258,-0.62422404065111,-0.6536073274048226,0.5133648222403644
genus..Eubacteriumxylanophilumgroup.id.14375,Egger Intercept,0.0674233780640568,0.0233556860201383,0.0234227459186582,0.1243607622987342,0.0839771685257658,0.1821850193971037,-0.05693738423467741,-0.6532174633308232,0.5136160934606568
order.Burkholderiales.id.2874,Weighted Median,-0.2246203040279067,0.1162661982124725,0.0533658661053463,0.1576357203353242,0.5751390699534048,0.7840209999912576,-0.3822560243632309,-0.6514544796778272,0.5147531524491102
order.Bacillales.id.1674,Weighted Median,-0.0807384465143155,0.0746059940984107,0.2791646230230753,0.1050370370353253,0.2754244805488959,0.7029330207104969,-0.1857754835496408,-0.6510439686743233,0.5150181044288338
genus.RuminococcaceaeUCG014.id.11371,Weighted Median,-0.0303838353723027,0.1146925297897269,0.7910745139017953,-0.342049236763693,0.4660735028866755,0.4630124425503533,0.31166540139139026,0.6493326721929054,0.5161233719545804
genus.Clostridiumsensustricto1.id.1873,Weighted Median,0.1090253702308407,0.1248875573573325,0.3826694818524956,-0.2086524717788088,0.4752142785014294,0.6606106047376672,0.3176778420096495,0.6465399166799948,0.5179297549222004
family.Porphyromonadaceae.id.943,Weighted Median,0.1166073456075573,0.1512189666337937,0.4406382524138112,0.5260350015568501,0.6171642641347401,0.3940243208715491,-0.4094276559492928,-0.6443415212718415,0.5193539964393361
genus..Ruminococcustorquesgroup.id.14377,Weighted mode,-0.3811759253494213,0.2553249819315087,0.1738106158907364,-0.9903217051574504,0.9105100171649442,0.3084265913324305,0.6091457798080291,0.6441680953068332,0.5194664372899762
genus.Collinsella.id.815,Inverse-Variance Weighted,0.2178183203437388,0.146324587353435,0.1365935606482081,-0.1346461472513312,0.5296291857449479,0.7993200348061099,0.35246446759507,0.6414619026184278,0.5212226254496455
genus.Phascolarctobacterium.id.2168,Egger Intercept,0.0389206685681315,0.0346198710695072,0.2979846845972795,-0.0518234066097142,0.1373258670298617,0.7170757565997763,0.09074407517784569,0.6407462274210491,0.5216875745103824
genus.Marvinbryantia.id.2005,Egger Intercept,-0.0375069225082987,0.0298607412550685,0.244532940336943,0.0584955889037764,0.1469456815145124,0.7009860443092882,-0.09600251141207511,-0.6402344995722968,0.5220201569028744
family.Porphyromonadaceae.id.943,MR Egger,-0.4416426536610028,0.6822964627230411,0.5380855736478469,0.9596789981224992,2.0807606369212563,0.6586325108693292,-1.401321651783502,-0.6399400660864317,0.5222115646402838
genus.Adlercreutzia.id.812,Egger Intercept,-0.0070742310338812,0.032449819372115,0.8346503038868867,-0.0914767841144368,0.128100773844734,0.501986950874076,0.0844025530805556,0.6387025582286244,0.5230164481702695
genus.Ruminococcus1.id.11373,Weighted Median,-0.0188787236010748,0.1322478127389635,0.8864855464842223,0.3314074570187291,0.532947071863643,0.5340475134207323,-0.3502861806198039,-0.637915940121536,0.523528400831615
genus.Parabacteroides.id.954,Inverse-Variance Weighted,-0.1249699044532524,0.1710979029917106,0.4651457322739957,-0.6552185453958608,0.8157574278775783,0.4218576016413304,0.5302486409426084,0.6361654467351686,0.5246685918772056
order.Desulfovibrionales.id.3156,Inverse-Variance Weighted,-0.1494562965890944,0.0855454804976302,0.0806204239993832,0.1092271014720116,0.3976940189403446,0.7835842999995211,-0.258683398061106,-0.6359129777214432,0.5248331434822184
genus.Turicibacter.id.2162,Weighted mode,-0.1441440940405792,0.1527157532385426,0.3674805554424819,0.2053385368524489,0.5288620406455025,0.7059575203030967,-0.3494826308930281,-0.6348804955815076,0.5255063587498152
genus.Lachnoclostridium.id.11308,Weighted mode,0.0628471911625667,0.1872333845513174,0.7429212535940652,0.4751302407851154,0.6245945500886148,0.4615215955685686,-0.4122830496225487,-0.6322833953622436,0.5272017117191574
genus.Alistipes.id.968,Weighted Median,0.0268870116121278,0.1434684904098215,0.8513414677995943,-0.3130200192041463,0.519921554333589,0.5471392584629192,0.3399070308162741,0.6302125830321962,0.5285555077053119
genus.Hungatella.id.11306,Egger Intercept,-0.0526280868285754,0.0573431310008716,0.4264177345150829,-0.3205179669867143,0.4229654711645132,0.5036682956653378,0.2678898801581389,0.6276194509622357,0.5302532634662842
genus.Allisonella.id.2174,Weighted Median,-0.0554312879726672,0.0747507835946891,0.458361288728522,0.1056077968798046,0.2458300524547637,0.6674889859701381,-0.1610390848524718,-0.6267483850910587,0.530824181925351
genus.Streptococcus.id.1853,Inverse-Variance Weighted,-0.0159220124945929,0.1067876524645277,0.8814749216122403,0.2439063079464337,0.4022201870215532,0.5442491906943585,-0.2598283204410266,-0.6243552218033397,0.5323943254228625
genus.Ruminiclostridium5.id.11355,Weighted mode,-0.1613978433896415,0.221856861676938,0.4836123275497299,0.2919871980879227,0.693049591894602,0.6824426947526308,-0.4533850414775642,-0.6230437421646177,0.5332557774383808
genus.Holdemanella.id.11393,Weighted mode,-0.0215712652330219,0.1268488670303757,0.8683581584416925,0.2755096871742162,0.4603536400997645,0.5628332875338445,-0.2970809524072381,-0.6221456119496503,0.5338461251022477
family.Oxalobacteraceae.id.2966,Weighted Median,-0.050617396931853,0.0620390929343648,0.4145600888136723,0.1137948341983891,0.2572731310825507,0.6582638955866424,-0.1644122311302421,-0.6212498321902918,0.5344352564596824
genus.Howardella.id.2000,Weighted mode,0.020719515220355,0.0906242646328476,0.8242661680121441,-0.1555913757209788,0.2689871416463118,0.5771567364487044,0.17631089094133381,0.6211564164727684,0.5344967124675242
genus.Odoribacter.id.952,Weighted mode,-0.3240274155056477,0.2417640281011371,0.2286794284003312,0.1407052604931846,0.7084928096938861,0.8491356685621416,-0.4647326759988323,-0.6207968898521004,0.5347332698630558
class.Betaproteobacteria.id.2867,Weighted mode,-0.2257519635658871,0.1919712694211996,0.2697763296033758,0.1961522121060093,0.6547166400839485,0.7712870923257358,-0.4219041756718964,-0.6183733820069388,0.536329239763794
genus.Coprobacter.id.949,Inverse-Variance Weighted,-0.0236581424131348,0.0615764732415928,0.7008246651162553,-0.1788793419416116,0.2439619400209873,0.4634203388165092,0.1552211995284768,0.6169045862780341,0.5372976615736735
class.Gammaproteobacteria.id.3303,Inverse-Variance Weighted,0.0511007816014383,0.1358086800600768,0.7067159086031538,0.4897716836154691,0.701203453880622,0.4848814342477877,-0.4386709020140308,-0.6141836848388529,0.5390939533240524
order.Burkholderiales.id.2874,Inverse-Variance Weighted,-0.1547805337576413,0.1052201397727613,0.1412867266108557,0.0935115795624539,0.3907693116026395,0.8108720064533167,-0.2482921133200952,-0.6135404320752138,0.5395190569949604
genus..Ruminococcusgnavusgroup.id.14376,Weighted mode,-0.1247928078187758,0.16050535811073,0.4548645041021514,0.211246951557769,0.5244027919356207,0.695548003471981,-0.33603975937654484,-0.6127459375232119,0.5400443427854
genus.Alistipes.id.968,Inverse-Variance Weighted,-0.0352344275970425,0.1080085637134627,0.7442587935236343,-0.291997577646458,0.408029880827471,0.4742211248676329,0.2567631500494155,0.6083235388134751,0.542972912191096
genus.Anaerotruncus.id.2054,Weighted mode,0.0659541035982134,0.1499354578115732,0.6685393485784474,-0.3809491775184495,0.7210037865216835,0.6077446980368738,0.4469032811166629,0.6068521420471916,0.5439490409553609
genus..Eubacteriumrectalegroup.id.14374,Egger Intercept,-0.0160448598040481,0.0254271899898632,0.548074298736406,-0.0775991500511744,0.0983644389306979,0.4560569128285057,0.0615542902471263,0.6058626710606881,0.544605949240671
genus..Eubacteriumnodatumgroup.id.11297,Inverse-Variance Weighted,-0.0207176122962027,0.0442235171590398,0.6394449434028966,-0.1299450664445169,0.1754173547686901,0.4588289235017404,0.1092274541483142,0.6037802829225759,0.5459897299556085
class.Clostridia.id.1859,Weighted mode,0.0430082240102946,0.2126807775142133,0.8437997778958509,-0.451739791957308,0.7926471981259184,0.5813135837263299,0.4947480159676026,0.6028481666831369,0.5466097005972599
phylum.Actinobacteria.id.400,Egger Intercept,-0.0708029391521191,0.0354871937431616,0.0674209180156313,-0.0158233502642682,0.0845593456839496,0.8544498221993144,-0.0549795888878509,-0.5995331510387362,0.548817410187739
genus.Sellimonas.id.14369,MR Egger,0.2198122400154483,0.2661914859283535,0.4465333151882033,0.8720454818492518,1.055454119100634,0.4462951734312381,-0.6522332418338035,-0.5992014236146457,0.5490385735649477
genus.RuminococcaceaeUCG011.id.11368,MR Egger,0.0410957148500895,0.2553570876736498,0.8774271345592851,0.7823845597658128,1.2126402576693214,0.5426719073306523,-0.7412888449157233,-0.598182575710714,0.549718116437818
genus.Ruminiclostridium9.id.11357,MR Egger,0.7757830365022065,0.5493764954682014,0.2007920512203538,2.0312213337691944,2.027907011430193,0.3498795991453404,-1.255438297266988,-0.5975418367628513,0.550145683498807
family.Oxalobacteraceae.id.2966,Weighted mode,-0.0524414497937996,0.0914928956032856,0.5763070740702863,0.1748432177126679,0.3694160955438354,0.6438507988841928,-0.22728466750646747,-0.5972100099090114,0.5503671769350451
genus..Clostridiuminnocuumgroup.id.14397,Egger Intercept,-0.0012341309121772,0.036987739886768,0.9744650458011151,0.0881980271942083,0.1461963710163346,0.568408067235964,-0.0894321581063855,-0.5930406003978117,0.5531539812621884
genus.Ruminiclostridium6.id.11356,MR Egger,-0.2820203695997351,0.1836632312057666,0.1454753454107201,0.2781709408784628,0.9278375532704244,0.7684399199943228,-0.5601913104781979,-0.5922681124459901,0.5536710653207746
class.Clostridia.id.1859,Weighted Median,0.0034973282270174,0.1229305742337376,0.9773035484887655,-0.2916741588045116,0.482979739984853,0.5459064204026642,0.295171487031529,0.5922634156807344,0.5536742099415668
genus.Alistipes.id.968,Weighted mode,0.0956602068147982,0.2962526183573468,0.7528251430528383,-0.4385325849274513,0.8523115631273878,0.6170671003747612,0.5341927917422495,0.5920144545799858,0.5538409091512506
genus..Ruminococcusgnavusgroup.id.14376,MR Egger,0.1948351519365443,0.2840463267580361,0.5100407380971408,0.8824250384258784,1.1280331014003833,0.4541450973142198,-0.6875898864893341,-0.5910959103138489,0.5544561599299904
genus.Enterorhabdus.id.820,MR Egger,-0.2071407650479929,0.2391429138732372,0.4352555848785656,0.3709655800034684,0.9506407343205552,0.7162580181723084,-0.5781063450514613,-0.5897487459292688,0.5553591093529524
genus.Bifidobacterium.id.436,Weighted Median,0.0408450471362229,0.1088057859562382,0.7073674123469629,-0.1867857610568014,0.371283611809904,0.6149072670222184,0.22763080819302428,0.588348062745251,0.5562986912329617
genus.Victivallis.id.2256,Inverse-Variance Weighted,0.0496870220168747,0.051132531127815,0.3311848145923751,0.1580282788602417,0.1774425034399979,0.3731498926404341,-0.10834125684336701,-0.5866975496087236,0.5574068537798562
genus.Ruminiclostridium5.id.11355,Inverse-Variance Weighted,-0.0068018599006883,0.1008391492375699,0.9462214186272496,0.2272618420575324,0.3875036711710552,0.5575552706736709,-0.23406370195822068,-0.5845610632541379,0.5588428951354782
family.Alcaligenaceae.id.2875,Inverse-Variance Weighted,0.0014066583096187,0.1397677154642893,0.9919700197065616,-0.2410225538503483,0.392428609731405,0.5390951246983041,0.242429212159967,0.5819573059528722,0.5605954389495016
genus.RikenellaceaeRC9gutgroup.id.11191,Weighted Median,-0.0212587088554619,0.0667362997794043,0.7500693583768296,0.1362481601115004,0.2624453274792508,0.6036570244040675,-0.1575068689669623,-0.5816407888751702,0.5608086624208362
family.Acidaminococcaceae.id.2166,MR Egger,-0.2851257898698511,0.2786653539693465,0.3531493369766414,0.373868260376627,1.0986649440688108,0.7474664664203768,-0.6589940502464782,-0.5814031942623472,0.5609687451351937
family.Enterobacteriaceae.id.3469,Weighted Median,0.6870112024693513,0.1719109035252531,6.43344087226815e-05,0.3301672230071522,0.5913142008974713,0.5765973968582981,0.35684397946219915,0.579483218632373,0.562263166639845
genus.LachnospiraceaeND3007group.id.11317,Weighted mode,0.1228771465956125,0.2732192946508887,0.6969425111527935,-0.5047768525555485,1.0556365906886571,0.6796947011340059,0.6276539991511609,0.5756071715982931,0.5648807325201588
genus.Intestinibacter.id.11345,Inverse-Variance Weighted,0.1218016912517578,0.0725802736630012,0.0933148485106096,-0.0481498712611972,0.2871681477063862,0.8668418357379584,0.169951562512955,0.5737762658102286,0.5661192116003897
genus.Alloprevotella.id.961,MR Egger,0.1013567567000785,0.5616805376499449,0.8682989206447839,-1.1529696866167354,2.1189482868585197,0.6241915442011767,1.254326443316814,0.5721957027139207,0.5671893984745513
class.Betaproteobacteria.id.2867,Egger Intercept,-0.012153917784181,0.0218949078158643,0.5940015131957732,-0.0629627821756198,0.0863899210528769,0.4868962106129165,0.05080886439143881,0.5701091267893157,0.5686036852997431
genus.Peptococcus.id.2037,Inverse-Variance Weighted,0.0455627059664211,0.0501365968845501,0.3634707996408232,-0.0706538108804896,0.198270940865897,0.7215786159154765,0.1162165168469107,0.568263353534482,0.5698561587563198
phylum.Proteobacteria.id.2375,MR Egger,-0.3902946415367865,0.2536036031575346,0.1548258226503866,0.1941075742487,0.997642625336693,0.8496284435547606,-0.5844022157854865,-0.567727239865229,0.5702201921188705
genus.LachnospiraceaeUCG010.id.11330,Weighted mode,0.179532442280295,0.2017585616809518,0.3967148231187097,-0.3445163388127041,0.90080479274959,0.7109998444968677,0.5240487810929991,0.5676912692903843,0.5702446209243213
genus.Anaerofilum.id.2053,Inverse-Variance Weighted,-0.1027547366761233,0.0613232357174358,0.0938117012789416,0.0466372907143044,0.2573520902658179,0.8561950647710725,-0.1493920273904277,-0.5646865533044366,0.5722869819411529
genus.Holdemanella.id.11393,Weighted Median,-0.0106850574567439,0.0725239502119677,0.8828704238397777,0.1592973400423388,0.2923272224803949,0.5858029170530978,-0.1699823974990827,-0.5643708438743623,0.5725017770484102
order.Lactobacillales.id.1800,Egger Intercept,0.0085133212815793,0.0185538452266551,0.6539235301734811,-0.0274945792237885,0.0610476263965875,0.6598564091730285,0.0360079005053678,0.5643443253270001,0.5725198208693203
genus..Eubacteriumbrachygroup.id.11296,MR Egger,-0.0766910723167144,0.2394730860165227,0.7569839522851189,0.400768530129227,0.8128799436305935,0.6352431962040939,-0.4774596024459414,-0.563427148841504,0.5731440546673912
family.Methanobacteriaceae.id.121,Weighted Median,0.1045528253731054,0.0602557526809061,0.0827140751396834,-0.0389143353848667,0.2478970211272051,0.8752623239159013,0.1434671607579721,0.5623625915898788,0.5738690009529108
genus..Ruminococcusgnavusgroup.id.14376,Inverse-Variance Weighted,-0.0156863890474075,0.059421899574714,0.7917927883376543,-0.1510875309846921,0.2349930002865081,0.5202599089677207,0.1354011419372846,0.5586097537864297,0.5764280818549099
genus.RuminococcaceaeUCG002.id.11360,Weighted Median,-0.0525905752384407,0.090937223341514,0.5630498737598206,0.1344781237927399,0.3233877804057739,0.6775258439977416,-0.18706869903118062,-0.5568674279568259,0.5776180104446267
genus..Eubacteriumoxidoreducensgroup.id.11339,Egger Intercept,0.0178777363304036,0.032193456591187,0.6173972436640326,0.107168973610347,0.1571097931885391,0.5441042041809621,-0.0892912372799434,-0.5567678563466955,0.5776860482007959
genus.LachnospiraceaeUCG008.id.11328,Egger Intercept,0.0316074703827231,0.0461425676491591,0.5106012192148919,0.1057959024345693,0.125079768089951,0.4195680157042807,-0.07418843205184619,-0.5564710391469594,0.5778888871884844
order.Burkholderiales.id.2874,Egger Intercept,-0.0155762191863139,0.0240564956496778,0.5354525911120424,-0.0654316200679222,0.0864215623102592,0.4706858635531762,0.04985540088160831,0.5557562816648854,0.5783774757414191
class.Bacteroidia.id.912,Weighted Median,-0.2031716595183859,0.1160644792007641,0.0800309026428812,0.0684332157346604,0.4751937173473445,0.8854916283892924,-0.2716048752530463,-0.5552445850208161,0.5787273767323762
phylum.Cyanobacteria.id.1500,Inverse-Variance Weighted,-0.0956510774188761,0.0728085615000499,0.188935759514628,-0.2979747706867303,0.3583138074102875,0.4056331729781376,0.20232369326785418,0.5533469132804057,0.5800258827541795
class.Bacilli.id.1673,Weighted Median,-0.1283288916690537,0.1107549357080864,0.246588992200082,0.1020140839496801,0.4022121014544484,0.7997794416531983,-0.2303429756187338,-0.5521396053053905,0.580852708855015
genus.RikenellaceaeRC9gutgroup.id.11191,Weighted mode,-0.014288005762657,0.0883099974385543,0.8750422660980377,0.2619132472069747,0.4950785689270695,0.6095799624674301,-0.27620125296963166,-0.5492246097717453,0.582851317571025
genus.Paraprevotella.id.962,Inverse-Variance Weighted,-0.0282062897726721,0.0612607079076983,0.6452073473039908,-0.155177276919051,0.2229417817665519,0.4864013104711528,0.12697098714637892,0.5491697700841108,0.5828889480385688
genus.Lachnospira.id.2004,Weighted Median,0.3593360601751427,0.1627541150530823,0.0272549938049492,-0.0032878649011846,0.640267003668357,0.9959027638497224,0.3626239250763273,0.5489070252580365,0.5830692567386508
genus.Faecalibacterium.id.2057,Weighted Median,-0.0121175419429209,0.0903195353223485,0.8932736644612477,-0.25085918585493,0.4261462740618726,0.5560832036518327,0.2387416439120091,0.54805965014615,0.5836509452545182
genus.ErysipelotrichaceaeUCG003.id.11384,MR Egger,-0.0460912434442344,0.1923808438753716,0.8138962693098367,0.3815383156399312,0.7600496513223277,0.622961789487669,-0.42762955908416556,-0.5454326170817715,0.5854560125527657
genus.Escherichia.Shigella.id.3504,Inverse-Variance Weighted,0.0859942716445987,0.091046621137517,0.3449100617889855,-0.117136757535625,0.3617248557462563,0.7460680033712369,0.2031310291802237,0.5445767226467182,0.5860446677601563
genus.Methanobrevibacter.id.123,Egger Intercept,0.0410883295360173,0.0385316755015741,0.3463505390416636,0.1202218023744868,0.1401767644776656,0.4394370954917467,-0.0791334728384695,-0.5443361304234879,0.5862101883713633
genus.Oscillibacter.id.2063,Weighted Median,-0.0660861217979023,0.0866766460625468,0.4457948263071737,0.1345183920235047,0.3594236167241926,0.708209834536641,-0.200604513821407,-0.542574450305957,0.5874228343069725
genus..Eubacteriumxylanophilumgroup.id.14375,Weighted Median,-0.0540715278794208,0.1067690500802211,0.6125516775637168,-0.3172318417194126,0.4731241450395038,0.5025362745913265,0.2631603138399918,0.5425742663286215,0.5874229610076902
genus.Oxalobacter.id.2978,Weighted Median,-0.0538667068151756,0.0681195122538231,0.4290795892423388,0.103736929641299,0.282516174211589,0.7134777847417354,-0.1576036364564746,-0.5423153067386637,0.5876013127174611
genus.Blautia.id.1992,Inverse-Variance Weighted,-0.1149730352226189,0.1063720386744928,0.2797604249663725,0.093410852724804,0.3702829107819822,0.8008332456927694,-0.2083838879474229,-0.5408930739270196,0.5885812850670238
order.Burkholderiales.id.2874,Weighted mode,-0.2289503766489444,0.240857941216844,0.3666536303479867,0.1779544820230456,0.7188961219677976,0.8100463053024033,-0.40690485867199,-0.5366922952549881,0.5914801789751745
order.Enterobacteriales.id.3468,Weighted Median,0.6870112024693513,0.1741232868823985,7.961879425392105e-05,0.3301672230071522,0.6427505603668701,0.6074766998444998,0.35684397946219915,0.5358674954140179,0.5920501304948349
genus.RuminococcaceaeUCG004.id.11362,MR Egger,-0.1061201520122563,0.5624867909154811,0.8545430004135632,0.798112227443399,1.5969407523978252,0.6292230767128459,-0.9042323794556554,-0.5340668984239548,0.5932952504453839
genus..Eubacteriumrectalegroup.id.14374,Weighted Median,-0.0549432090275457,0.1473189439478443,0.7091825814666117,-0.3615565986229462,0.5555715908219319,0.5151865151670032,0.3066133895954005,0.5334523549079858,0.5937204840638117
genus.Butyricicoccus.id.2055,Egger Intercept,-0.0066848559637032,0.0285384459442175,0.8225866977108796,-0.0455083203273251,0.0669875620601264,0.5222431985963749,0.038823464363621905,0.5331919501321929,0.5939007133110881
genus.RuminococcaceaeUCG011.id.11368,Egger Intercept,-0.0027209655929141,0.0338183910414315,0.9384894594378168,-0.0900578801422552,0.1606490022593251,0.5953756947677797,0.0873369145493411,0.5319907416635301,0.5947324078391885
genus.Parabacteroides.id.954,Weighted Median,-0.0661158670551838,0.1895538136770683,0.7272414563398518,-0.4788842133696536,0.7542630975351127,0.5254914123265724,0.4127683463144698,0.5307437489830191,0.5955963649282572
class.Betaproteobacteria.id.2867,Inverse-Variance Weighted,-0.1822330246784241,0.1003938252741591,0.0694960059464472,0.0345233965201496,0.3961582537764844,0.9305558844074842,-0.2167564211985737,-0.5303802764413522,0.595848298229309
family.Defluviitaleaceae.id.1924,Egger Intercept,0.0377553931983581,0.0292677226205286,0.2292086780672606,-0.0157774086369099,0.0966453183564024,0.8739280764313939,0.053532801835268,0.5301338420532978,0.5960191366420338
genus.Howardella.id.2000,Inverse-Variance Weighted,-0.0780353437475892,0.045370044989586,0.0854369835587106,0.0194813485825732,0.1789384576319485,0.9133041890237648,-0.09751669233016241,-0.5282574805179875,0.5973206387509769
genus.Terrisporobacter.id.11348,Inverse-Variance Weighted,0.0083976671891757,0.1147691287199822,0.9416707692922,0.2151543554694945,0.3742511663726603,0.5653637011039705,-0.2067566882803188,-0.5281768010710879,0.5973766294635923
family.Rhodospirillaceae.id.2717,Inverse-Variance Weighted,0.0377480357843865,0.0590403882083208,0.5225890597354355,-0.0889578159225277,0.2328867821214407,0.7024770821447092,0.1267058517069142,0.5273827364531375,0.59792782946761
genus.LachnospiraceaeUCG010.id.11330,MR Egger,-0.0444174056518302,0.3250451292750137,0.8946837909767691,-0.657061542773123,1.1208397360498126,0.5738895323196183,0.6126441371212928,0.5249644856112429,0.5996078795818935
order.Selenomonadales.id.2165,Egger Intercept,-0.0070403495479272,0.0245862618080621,0.7804525293307417,0.0373464940207742,0.0812634529825397,0.6556515550583492,-0.0443868435687014,-0.5228051446775437,0.6011098590874433
class.Negativicutes.id.2164,Egger Intercept,-0.0070403495479272,0.0245862618080621,0.7804525293307417,0.0373464940207742,0.0812634529825397,0.6556515550583492,-0.0443868435687014,-0.5228051446775437,0.6011098590874433
class.Methanobacteria.id.119,Weighted Median,0.1045528253731054,0.0612135055704918,0.0876358639736215,-0.0389143353848667,0.2687840633619983,0.8848852236254019,0.1434671607579721,0.520437597659258,0.6027586107867107
family.Clostridiaceae1.id.1869,Egger Intercept,-0.0141958997402756,0.0194093207227375,0.4854064092488707,0.0269002289997421,0.0766004820008984,0.734525636644074,-0.041096128740017696,-0.520064369581579,0.6030187112103542
genus.Enterorhabdus.id.820,Inverse-Variance Weighted,-0.1386543280816675,0.0894438064740124,0.1210974384327585,0.0510121670168918,0.3545427760583873,0.8855939986867816,-0.1896664950985593,-0.5187088492483027,0.6039637897509933
genus.Romboutsia.id.11347,MR Egger,-0.2431518944646974,0.2306203796340001,0.3143361389508764,-0.7335194130520838,0.9176330767325476,0.4410011889242455,0.49036751858738636,0.518266183223074,0.6042725637398034
order.Methanobacteriales.id.120,Weighted Median,0.1045528253731054,0.0584478384576226,0.0736433596603751,-0.0389143353848667,0.2706811732613269,0.8856864602727283,0.1434671607579721,0.5180824221713912,0.6044007638781759
class.Bacilli.id.1673,Inverse-Variance Weighted,-0.0072254082089295,0.0762998456415294,0.9245550665356588,0.1615344384703768,0.3178177210401445,0.611270127543798,-0.1687598466793063,-0.5163247874698129,0.6056275866981105
order.Methanobacteriales.id.120,Egger Intercept,0.0392969815366263,0.0328268084080315,0.2655337265606781,-0.029845051549309,0.1303187404558488,0.8246027802606505,0.0691420330859353,0.5144893361954448,0.606909914090197
class.Methanobacteria.id.119,Egger Intercept,0.0392969815366263,0.0328268084080315,0.2655337265606781,-0.029845051549309,0.1303187404558488,0.8246027802606505,0.0691420330859353,0.5144893361954448,0.606909914090197
family.Methanobacteriaceae.id.121,Egger Intercept,0.0392969815366263,0.0328268084080315,0.2655337265606781,-0.029845051549309,0.1303187404558488,0.8246027802606505,0.0691420330859353,0.5144893361954448,0.606909914090197
genus..Eubacteriumrectalegroup.id.14374,MR Egger,0.1350374114661837,0.4116594640368482,0.7524811896524335,0.979571899582172,1.5921518384688569,0.5578533167773678,-0.8445344881159882,-0.5135480013291116,0.6075680424333934
genus.Akkermansia.id.4037,Weighted Median,-0.0441349977836216,0.1097771763755075,0.6876533697885612,-0.2304751136339753,0.3486909823998487,0.5086300171374347,0.1863401158503537,0.509734383160661,0.6102375612407827
genus.Ruminococcus1.id.11373,Inverse-Variance Weighted,0.0419228126308982,0.1105201769239242,0.704448240055275,0.2990480405367163,0.493646789754572,0.544651854240708,-0.2571252279058181,-0.5082857874210124,0.611252935812785
family.Lactobacillaceae.id.1836,Egger Intercept,0.0555087975108387,0.0376213844778322,0.1905403494466157,0.0097278443636169,0.0818466912716115,0.9092701143405196,0.0457809531472218,0.5082304165926504,0.611291762133646
genus.Barnesiella.id.944,Weighted mode,-0.0433153164243906,0.1973674749923057,0.8299763493196459,0.3403715796695401,0.7293412783687002,0.64908514639853,-0.3836868960939307,-0.5078082503120677,0.611587823303092
family.BacteroidalesS24.7group.id.11173,Egger Intercept,-0.0185442067338094,0.0286870185895826,0.541921058261289,0.0468774542298916,0.1264604968765701,0.7236045331281791,-0.065421660963701,-0.504510858230167,0.6139024338451757
order.Desulfovibrionales.id.3156,MR Egger,-0.1006391763195302,0.2240203086933752,0.6628370034907114,0.4338679978438134,1.0358671330765472,0.6841833290083188,-0.5345071741633436,-0.5043405258024339,0.6140221038496478
order.Bacteroidales.id.913,Weighted Median,-0.2031716595183859,0.1271439252558943,0.1100505618370887,0.0684332157346604,0.5251981865106073,0.8963292427089041,-0.2716048752530463,-0.5026284795967338,0.6152255021851278
genus.Parabacteroides.id.954,MR Egger,-1.661290321743989,0.8578432423131955,0.1482059240143658,-4.421418824993656,5.438645678724687,0.475762882099545,2.7601285032496667,0.5013052139137255,0.6161563364078146
phylum.Verrucomicrobia.id.3982,Egger Intercept,0.0079047138968291,0.0188518301532618,0.684822405553291,-0.0417619212002167,0.097520846523054,0.67854518059424,0.049666635097045796,0.5000352613270501,0.6170502490895897
family.Pasteurellaceae.id.3689,Weighted mode,-0.0162128592020226,0.1094714446320567,0.8845353678589919,-0.2993364933558315,0.5593121907086023,0.6015561155700659,0.2831236341538089,0.4967737869613091,0.6193485822146605
family.Erysipelotrichaceae.id.2149,Egger Intercept,0.0033564331957428,0.0308124558824174,0.9152189031002425,0.0546275266281653,0.0987539129534646,0.5912131575785339,-0.0512710934324225,-0.49561600849038684,0.6201653560666938
order.Erysipelotrichales.id.2148,Egger Intercept,0.0033564331957428,0.0308124558824174,0.9152189031002425,0.0546275266281653,0.0987539129534646,0.5912131575785339,-0.0512710934324225,-0.49561600849038684,0.6201653560666938
class.Erysipelotrichia.id.2147,Egger Intercept,0.0033564331957428,0.0308124558824174,0.9152189031002425,0.0546275266281653,0.0987539129534646,0.5912131575785339,-0.0512710934324225,-0.49561600849038684,0.6201653560666938
genus.Allisonella.id.2174,Weighted mode,-0.0650288003820885,0.0961283777445713,0.5204553482094625,0.131970809136966,0.3876875784522131,0.7435386933815917,-0.19699960951905449,-0.49320492993236276,0.6218677948307558
genus.LachnospiraceaeFCS020group.id.11314,MR Egger,-0.4609324560318655,0.20809834349909,0.0487923970307427,0.0012383731447152,0.9244301042320258,0.9989551342344573,-0.4621708291765807,-0.48774672730951707,0.6257292495433311
genus.Oscillibacter.id.2063,Egger Intercept,0.0029949127213919,0.027217405239053,0.9143621572803128,0.0621672243803092,0.1183255041723312,0.6097380601594966,-0.0591723116589173,-0.48735404333687393,0.626007455335897
genus..Eubacteriumfissicatenagroup.id.14373,Weighted mode,-0.0444630065315657,0.1075245590949873,0.6900920041854648,0.1583474082515559,0.4025760463368248,0.7043463518426227,-0.20281041478312162,-0.4867199148589887,0.6264568303255653
order.Pasteurellales.id.3688,Weighted mode,-0.0162128592020226,0.1085236862721856,0.8835350029143575,-0.2993364933558315,0.5726634365715709,0.609969836435756,0.2831236341538089,0.48575251052756435,0.6271426483541469
genus.Methanobrevibacter.id.123,Weighted Median,0.0093383956324471,0.0876161873554361,0.9151198099919492,-0.1712863840764402,0.3617960320354013,0.635903890266601,0.1806247797088873,0.485219309586421,0.6275207861646612
order.Erysipelotrichales.id.2148,MR Egger,0.0228793282933367,0.507598418178721,0.9648564349399442,-0.803296010225869,1.627071900024145,0.6312229779134324,0.8261753385192058,0.4847275782846138,0.6278696010795712
class.Erysipelotrichia.id.2147,MR Egger,0.0228793282933367,0.507598418178721,0.9648564349399442,-0.803296010225869,1.627071900024145,0.6312229779134324,0.8261753385192058,0.4847275782846138,0.6278696010795712
family.Erysipelotrichaceae.id.2149,MR Egger,0.0228793282933367,0.507598418178721,0.9648564349399442,-0.803296010225869,1.627071900024145,0.6312229779134324,0.8261753385192058,0.4847275782846138,0.6278696010795712
genus..Ruminococcustorquesgroup.id.14377,Weighted Median,-0.1925739229473512,0.1678160878431171,0.2511628196678012,-0.490023379442759,0.5924849634417702,0.408200409033434,0.29744945649540777,0.4830350342213503,0.6290708607800131
genus..Eubacteriumbrachygroup.id.11296,Weighted Median,-0.0346642110423247,0.0702434436243604,0.6216686762457404,-0.1596000456222831,0.2492012711007196,0.521882454807336,0.12493583457995841,0.4825417239459407,0.6294211659427198
genus.LachnospiraceaeNC2004group.id.11316,Egger Intercept,-0.0586461645210704,0.0545530322305646,0.3180131584148737,0.0055308722580012,0.1214397906509833,0.96494563111772,-0.0641770367790716,-0.48206211699928225,0.6297618201732305
genus.Lachnoclostridium.id.11308,MR Egger,-0.3967422153558241,0.305978963224395,0.2212978639118541,-1.112665299368259,1.4544864413235192,0.4603760946103795,0.715923084012435,0.4816741909831697,0.6300374130864894
genus.Ruminococcus1.id.11373,Egger Intercept,0.0263387079481346,0.0222745422847242,0.2709738928698912,0.0775152558962705,0.104275997833107,0.4785199583166842,-0.05117654794813589,-0.4799518287219812,0.6312616463409872
genus.Fusicatenibacter.id.11305,Weighted Median,-0.0173542823446694,0.1127288529084898,0.8776514298417465,0.1670507575093434,0.3681609916341448,0.6500132570872694,-0.1844050398540128,-0.47893324130863335,0.6319861219530392
genus.Coprococcus2.id.11302,Inverse-Variance Weighted,-0.0919314216227065,0.1182277135252586,0.4368170736481783,0.0992655351348786,0.3814839901659379,0.7947026279650212,-0.19119695675758508,-0.47872926405906785,0.6321312443390155
family.Veillonellaceae.id.2172,Egger Intercept,0.0012751818336229,0.0102084353853035,0.9021472134367996,0.0206452077002638,0.0395124692826841,0.6084826695089331,-0.0193700258666409,-0.4746404451117847,0.6350432732140256
genus.Ruminiclostridium6.id.11356,Inverse-Variance Weighted,0.0149362415673986,0.0709175526737764,0.8331883534695802,0.1829776099102978,0.3474733741651131,0.5984751278803113,-0.1680413683428992,-0.4738411577678043,0.6356131823676248
class.Alphaproteobacteria.id.2379,Weighted mode,0.0348943329379033,0.1432530933873824,0.8156667394325102,-0.3010433224327764,0.6965926505808414,0.6807207003636084,0.33593765537067966,0.47237320912784203,0.6366604236089697
genus.Bacteroides.id.918,MR Egger,0.8113791848189261,0.7075869315238872,0.2891916224270903,-0.261765397529218,2.163802200036893,0.9071103711658788,1.073144582348144,0.4713889486639877,0.6373630064382685
family.Bacteroidaceae.id.917,MR Egger,0.8113791848189261,0.7075869315238872,0.2891916224270903,-0.261765397529218,2.163802200036893,0.9071103711658788,1.073144582348144,0.4713889486639877,0.6373630064382685
genus.Barnesiella.id.944,Weighted Median,-0.00423341580724,0.1130812329199501,0.9701366160917554,0.2079557013666784,0.4366774840921967,0.6339157765932222,-0.2121891171739184,-0.47040075974065104,0.6380687214791863
family.Verrucomicrobiaceae.id.4036,Weighted Median,-0.0442150923869574,0.0949965975358464,0.6416173292239276,-0.2444823705206715,0.415291372349811,0.5560619892229405,0.20026727813371412,0.47009119472216687,0.6382898648329145
genus..Eubacteriumfissicatenagroup.id.14373,Inverse-Variance Weighted,-0.0103903485854013,0.0671582155226748,0.8770464117958341,0.0954119235175032,0.215014570002336,0.6572260046850666,-0.10580227210290451,-0.4696922356708069,0.638574915890497
class.Mollicutes.id.3920,Weighted mode,1.2976509307427442e-05,0.1535925316064535,0.9999341021903508,-0.2827702740352,0.5847508493007711,0.6381707474424165,0.2827832505445074,0.46773040454703096,0.6399773952696017
order.Victivallales.id.2254,Inverse-Variance Weighted,0.0905413938858424,0.0776336226004603,0.2435072308178566,-0.0498140380967093,0.2906154476569114,0.8639023548500785,0.14035543198255168,0.466597671374438,0.6407877533418249
class.Lentisphaeria.id.2250,Inverse-Variance Weighted,0.0905413938858424,0.0776336226004603,0.2435072308178566,-0.0498140380967093,0.2906154476569114,0.8639023548500785,0.14035543198255168,0.466597671374438,0.6407877533418249
class.Verrucomicrobiae.id.4029,MR Egger,0.0096549778999716,0.2669089659674988,0.9719337950042424,0.5180532833163147,1.0646877275919395,0.6381871115641252,-0.5083983054163431,-0.46317653682139953,0.643237832888389
order.Verrucomicrobiales.id.4030,MR Egger,0.0096549778999716,0.2669089659674988,0.9719337950042424,0.5180532833163147,1.0646877275919395,0.6381871115641252,-0.5083983054163431,-0.46317653682139953,0.643237832888389
genus.CandidatusSoleaferrea.id.11350,Egger Intercept,-0.0065844439264345,0.0614720611546792,0.9177047794551508,-0.1650995118417679,0.3367550502265672,0.6389381023080571,0.1585150679153334,0.4630614806543016,0.6433202991663238
genus.Parabacteroides.id.954,Weighted mode,0.061008922803605,0.2767207750015852,0.8363000738953453,-0.483556835351937,1.150530318527201,0.6958688949610718,0.544565758155542,0.46019368375741504,0.6453772042543158
family.FamilyXI.id.1936,Inverse-Variance Weighted,0.025194333989819,0.0511603166328432,0.6223952360188945,-0.0710798109264039,0.203542447423722,0.7269288826699895,0.09627414491622291,0.4587245324895933,0.6464319946874406
family.FamilyXIII.id.1957,Weighted mode,0.0275338826404761,0.1718154165595641,0.8762211576240072,0.4495745899965442,0.9038903555438178,0.630847338139872,-0.42204070735606813,-0.4587024220108101,0.646447874541562
class.Lentisphaeria.id.2250,Weighted Median,0.0604148816196915,0.0827389457624242,0.4652760426506923,-0.1075998707904675,0.3568500721003472,0.7630127945482292,0.168014752410159,0.4586601938543573,0.646478203457816
phylum.Proteobacteria.id.2375,Inverse-Variance Weighted,-0.0256919895673005,0.0908814302444039,0.7774084254254345,-0.1955802151339286,0.3591791828818705,0.5860837535945337,0.16988822556662808,0.45853960853518133,0.6465648129360086
order.Clostridiales.id.1863,Weighted mode,-0.0380657997835975,0.1760540741463487,0.8327763158018986,-0.3185777786341108,0.5863008954820803,0.5977147175750045,0.2805119788505133,0.45823071565512963,0.646786694715695
family.Verrucomicrobiaceae.id.4036,MR Egger,0.0101289793472943,0.2668927456182849,0.9705548419110576,0.5130433026148259,1.064621637543104,0.6413778633720879,-0.5029143232675316,-0.45820875987452864,0.646802467034691
phylum.Euryarchaeota.id.55,MR Egger,-0.0015620789878169,0.2118057572938831,0.9942765005054666,-0.3739971520935639,0.7850065996207513,0.6451250347411749,0.37243507310574697,0.45805535673988607,0.6469126712864652
class.Verrucomicrobiae.id.4029,Weighted Median,-0.044226288495618,0.112223749474247,0.6935143893351619,-0.2420383621020524,0.4185916675886042,0.5631151330385604,0.1978120736064344,0.45644640660737285,0.6480690013508652
genus.LachnospiraceaeUCG008.id.11328,Weighted mode,0.0024171197382266,0.1727384081219556,0.9891108433304778,-0.2766128318266705,0.5867077786949225,0.6474256998611595,0.2790299515648971,0.4562233750158659,0.6482293581467489
genus.Enterorhabdus.id.820,Weighted Median,-0.1280786923253638,0.1122099002302955,0.2536949336984636,0.0895999109577809,0.4639023274890136,0.8468462621796372,-0.2176786032831447,-0.4560813192937898,0.6483315028589003
family.Ruminococcaceae.id.2050,MR Egger,0.1453224977142974,0.2053232771416664,0.4991831157983845,-0.2713266950189869,0.8909284293830534,0.76848542107489,0.41664919273328427,0.45571203157141166,0.6485970689735734
order.Victivallales.id.2254,Weighted Median,0.0604148816196915,0.0786444717853527,0.4423668750186736,-0.1075998707904675,0.361213462793185,0.7657913627295267,0.168014752410159,0.4544922893005579,0.6494745404699045
genus.Escherichia.Shigella.id.3504,Weighted Median,0.0964179505888263,0.1152654830292493,0.4028816092404662,-0.1257092517131837,0.4764960144381215,0.7919185042702338,0.22212720230201,0.45309953060777164,0.6504770733428049
genus.LachnospiraceaeND3007group.id.11317,Weighted Median,0.0369219464365521,0.2655591075980694,0.8894226823396822,-0.3969695325470105,0.9209131891165004,0.6664241968594344,0.4338914789835626,0.452707044649879,0.6507597061937265
order.Verrucomicrobiales.id.4030,Weighted Median,-0.044226288495618,0.0961990240719149,0.6457047263903704,-0.2420383621020524,0.4271160563619555,0.5709312370454586,0.1978120736064344,0.4518160989188162,0.6514014709890299
class.Actinobacteria.id.419,Weighted mode,0.0406754099933261,0.2009377117676102,0.8424943932357357,-0.223809618112178,0.5508013235933963,0.6906398978049565,0.2644850281055041,0.4511018897693947,0.6519161157429614
genus.Ruminiclostridium6.id.11356,Egger Intercept,0.0283114520248867,0.0161522083274069,0.1000457566113994,-0.0090799745899944,0.0816194183984988,0.912894848998697,0.0373914266148811,0.4494037434081611,0.6531404313901832
genus.Bilophila.id.3170,MR Egger,-0.0862358521051221,0.5722536095192298,0.8829440718121333,-0.8444357542755289,1.6038354362014944,0.6089863441514063,0.7581999021704068,0.4452485608749633,0.6561401367997384
genus.RuminococcaceaeUCG011.id.11368,Weighted Median,0.0383471779678794,0.0721143367809488,0.5948955127352469,0.1807923816331826,0.3119613262297721,0.5622285089240988,-0.1424452036653032,-0.44487991341774646,0.6564065393048195
genus.Akkermansia.id.4037,MR Egger,0.0107893260665203,0.2667331438577176,0.9686175706097996,0.497560946028979,1.0639367531663904,0.6511444653312379,-0.4867716199624587,-0.4437853334553555,0.6571977931553485
genus.Butyricimonas.id.945,Weighted Median,0.0009427654055979,0.1205985613349806,0.993762692591024,-0.1997750829202548,0.4365960317075887,0.6472583778406609,0.2007178483258527,0.44313855105948574,0.6576655222619587
genus.Faecalibacterium.id.2057,Inverse-Variance Weighted,0.0611061529759861,0.0803798100393934,0.4471244765480596,-0.0828107838522912,0.3178524527940492,0.7944533169133391,0.1439169368282773,0.43896072253259516,0.6606899965608384
order.Coriobacteriales.id.810,Inverse-Variance Weighted,0.2196471624561369,0.0916240247377086,0.0165179260529953,0.3741803062744837,0.3440796703524296,0.2768240313216521,-0.15453314381834676,-0.4339966368437765,0.6642908832819172
family.Coriobacteriaceae.id.811,Inverse-Variance Weighted,0.2196471624561369,0.0916240247377086,0.0165179260529953,0.3741803062744837,0.3440796703524296,0.2768240313216521,-0.15453314381834676,-0.4339966368437765,0.6642908832819172
class.Coriobacteriia.id.809,Inverse-Variance Weighted,0.2196471624561369,0.0916240247377086,0.0165179260529953,0.3741803062744837,0.3440796703524296,0.2768240313216521,-0.15453314381834676,-0.4339966368437765,0.6642908832819172
genus.LachnospiraceaeUCG001.id.11321,MR Egger,0.2570346339373623,0.324352098231683,0.4464873780826135,-0.2569868460652142,1.1450021782131572,0.8269326661374662,0.5140214800025765,0.43193034663567503,0.6657920380234565
genus.CandidatusSoleaferrea.id.11350,MR Egger,0.0427798629901755,0.6587510969649497,0.9500367792469798,1.6264360259342936,3.608595801691449,0.665826751311485,-1.5836561629441182,-0.4317220700473388,0.6659434249000311
genus.Ruminococcus2.id.11374,Weighted mode,-0.2015213321931133,0.1143565126684464,0.0998411730920897,0.0100386660053852,0.479070440899988,0.9835777017049148,-0.2115599981984985,-0.4295371962647296,0.6675323307049794
genus.Coprobacter.id.949,Weighted Median,0.0031233347950014,0.0784498626853597,0.968242106136334,-0.1498370092963625,0.3477455484590455,0.6665547745931343,0.15296034409136391,0.42907967838076094,0.6678652405599887
genus..Eubacteriumhalliigroup.id.11338,MR Egger,0.1144284350409979,0.1922294143194768,0.5627208237314139,0.4113778860707459,0.6649073370070346,0.5476793139629523,-0.296949451029748,-0.4290326363730983,0.6678994740716271
genus..Eubacteriumcoprostanoligenesgroup.id.11375,Egger Intercept,-0.0308439601777139,0.0223907983506357,0.1957296009607653,-0.072970656321112,0.0959898842247173,0.4631229740433079,0.042126696143398104,0.42739253197271393,0.6690934459303515
genus.Enterorhabdus.id.820,Egger Intercept,0.0096230520490199,0.0311632591757646,0.7728923804968758,-0.0448153070080341,0.1235475777138619,0.7351558176266912,0.054438359057054,0.42724485064729395,0.6692009968880441
genus.FamilyXIIIUCG001.id.11294,Weighted Median,0.0069066112029885,0.1424726272581994,0.9613362863630908,-0.2032282048944544,0.4710115341990227,0.6661253368665202,0.2101348160974429,0.42702715714244505,0.6693595475530536
genus.Sutterella.id.2896,Weighted Median,-0.1042295261196296,0.1185197883950079,0.3791696873868723,-0.2531626414352576,0.3292498872037828,0.4419483441410095,0.14893311531562797,0.4256058343259413,0.6703950882471981
family.FamilyXIII.id.1957,Weighted Median,0.0244625651923087,0.1425701591968294,0.8637656513877197,0.2605447872687622,0.5363712030047687,0.6271411560148452,-0.2360822220764535,-0.4253766062019021,0.6705621569194276
genus..Eubacteriumeligensgroup.id.14372,MR Egger,0.0722534092038104,0.4454452741897153,0.8774958141812997,-0.6988695673240217,1.760246007594754,0.7077264306171369,0.7711229765278321,0.4246895548162272,0.6710629991578361
family.BacteroidalesS24.7group.id.11173,MR Egger,0.2158418934935811,0.2943064111242445,0.4909698662472685,-0.3476050758687488,1.2966627716790038,0.7976183406031415,0.5634469693623299,0.4237580715161631,0.6717422591493039
genus.ErysipelotrichaceaeUCG003.id.11384,Egger Intercept,0.0047851080010903,0.0169719699505643,0.7818408307706572,-0.0245157637498345,0.0670755848372066,0.7198449670367986,0.0293008717509248,0.4234874836724876,0.6719396285902286
genus.RuminococcaceaeUCG002.id.11360,Weighted mode,-0.1260239499553697,0.1719423588671979,0.4720970811431657,0.0833238646302567,0.4642480622563582,0.8593656693067849,-0.2093478145856264,-0.42286841462962976,0.672391268702879
family.Lactobacillaceae.id.1836,Weighted Median,-0.0263180601966993,0.0757459005860359,0.7282518174668251,0.1265751425607285,0.3538035504712861,0.7205263449641641,-0.1528932027574278,-0.4225659302099102,0.6726119883897816
family.Christensenellaceae.id.1866,Weighted mode,-0.1594889202742385,0.1342843478550542,0.2623977947963046,-0.3489340361943718,0.4306478511777479,0.4366516059023689,0.1894451159201333,0.4199639666454352,0.6745117771744664
genus.ErysipelotrichaceaeUCG003.id.11384,Inverse-Variance Weighted,0.004564115776494,0.0687787467309841,0.9470916998493416,0.1220661084890733,0.2714552692963941,0.6529462341089702,-0.1175019927125793,-0.4196005260267275,0.6747773040334824
genus.Intestinibacter.id.11345,MR Egger,0.1717459358205893,0.2256584537145266,0.4612994697845868,-0.2148682708558286,0.8937186756148222,0.8140625203295948,0.3866142066764179,0.41942715911166206,0.674903978806457
genus.Parasutterella.id.2892,Weighted Median,0.0353920536853796,0.0956884805168459,0.711481260034754,0.2123770278592069,0.4114467675950551,0.6057347479587727,-0.1769849741738273,-0.4189715525964419,0.6752369227446493
family.Oxalobacteraceae.id.2966,MR Egger,-0.1140390851929396,0.1778057964431853,0.5333420302127923,-0.4290610109098378,0.7333975448291878,0.5693637782561944,0.3150219257168982,0.4174446774715979,0.6763531816133477
genus.Hungatella.id.11306,Weighted mode,-0.0394304072043326,0.1144700178446709,0.7478479385839023,0.2456137556229305,0.6832889167831492,0.7374256236807448,-0.2850441628272631,-0.4114313266574584,0.6807562871848059
genus.RuminococcaceaeUCG004.id.11362,Egger Intercept,0.0105250210677087,0.0472299534017234,0.8286305108239681,-0.0478636910824014,0.1341330341769737,0.7294368339034953,0.0583887121501101,0.41059456777106446,0.6813698476161427
genus.Parabacteroides.id.954,Egger Intercept,0.1347504275084778,0.0742644622094042,0.167242193321403,0.3305836367186045,0.4711939108836266,0.533465394030617,-0.19583320921012673,-0.4105428589971502,0.6814077704265356
family.Ruminococcaceae.id.2050,Weighted Median,0.1898845284443345,0.1268811194637031,0.1345091796038963,0.3970126921630522,0.490178739373691,0.4179777986420023,-0.20712816371871767,-0.40907425918596174,0.6824851658489255
genus.Erysipelatoclostridium.id.11381,Inverse-Variance Weighted,0.1014711469245113,0.0626271796041044,0.1051804390582588,-0.0070314678298116,0.2592947539155148,0.9783658866720842,0.10850261475432289,0.4067566344849058,0.6841867399770589
genus.Bilophila.id.3170,Egger Intercept,-0.0045185377199723,0.0414314339814161,0.9151184971075704,0.0455327050987747,0.1161258406101438,0.7024760153829298,-0.050051242818747003,-0.4059454908726391,0.6847826520635587
genus.Lactobacillus.id.1837,MR Egger,-0.2685880411350236,0.3313042974927507,0.4442232237585756,0.0227661036421853,0.6380528601447127,0.9725332147886626,-0.2913541447772089,-0.40525544770322885,0.6852897514031282
family.Lachnospiraceae.id.1987,Weighted Median,0.0240193199015095,0.1351385479804067,0.8589283648960938,-0.1716001285157066,0.4644703947236814,0.7117898623819543,0.1956194484172161,0.40439760894459964,0.6859203581949864
genus.RuminococcaceaeUCG011.id.11368,Inverse-Variance Weighted,0.0209647880305595,0.0510428232435462,0.6812709684343918,0.1163375435237248,0.2304239720716986,0.6136398040743717,-0.0953727554931653,-0.4041052423717559,0.6861353301199817
genus.RuminococcaceaeUCG014.id.11371,MR Egger,-0.0044005994753512,0.1900367223603009,0.9820306659905296,0.306408916387468,0.7472416687284106,0.6913558204055332,-0.3108095158628192,-0.40311058025837254,0.6868668775331761
genus.Olsenella.id.822,MR Egger,-0.1695099387851303,0.1638100966749642,0.3277677101817153,-0.4166194982754929,0.591270862903388,0.4988749333341121,0.2471095594903626,0.4027583558349186,0.6871259995580674
genus.Hungatella.id.11306,Weighted Median,-0.0602848897539142,0.0901502571055644,0.503676868438828,0.1272843166893992,0.4590783429430546,0.7815800443078338,-0.18756920644331343,-0.40092072509865995,0.6884784906154349
family.ClostridialesvadinBB60group.id.11286,Weighted Median,0.0824622248274172,0.0973527026042611,0.3969694392319411,0.2310905334825684,0.3583010168175837,0.5189518240340271,-0.1486283086551512,-0.40030117088800654,0.6889347056532211
family.Christensenellaceae.id.1866,Weighted Median,-0.0938825166288059,0.110974911621423,0.3975640981209548,-0.2711551847545568,0.4288790676088186,0.5272290227915433,0.1772726681257509,0.400160278826013,0.6890384687525304
phylum.Lentisphaerae.id.2238,Egger Intercept,-0.013031780026253,0.0398107462844412,0.752980052267519,-0.0753101579243242,0.1510596858723159,0.6333806607867349,0.062278377898071204,0.3986644026561069,0.6901405005471155
genus.LachnospiraceaeNC2004group.id.11316,MR Egger,0.4654420931898359,0.4742404898259219,0.3590681712740129,0.0082705172369053,1.0546437830957192,0.9939618643103448,0.4571715759529306,0.39535267566110727,0.6925826294898552
genus.Clostridiumsensustricto1.id.1873,Weighted mode,0.125882587962928,0.1590902876110994,0.4589171238430506,-0.1404536058532999,0.6559251714820862,0.8375368880317968,0.2663361938162279,0.3946056791037694,0.6931339216632839
genus.Ruminococcus1.id.11373,Weighted mode,-0.1299288047610699,0.160994853375341,0.4404507028681707,0.2200263533930941,0.8802623619485928,0.808233786178361,-0.349955158154164,-0.3910708752427249,0.6957448479670547
genus.RuminococcaceaeUCG003.id.11361,Inverse-Variance Weighted,-0.0432431441388079,0.1070985350767137,0.6863820745200377,0.1147486321744102,0.3900545797825341,0.7686157082695289,-0.1579917763132181,-0.3905944014285314,0.6960970645683209
genus.LachnospiraceaeUCG004.id.11324,Weighted mode,0.0431183224206339,0.1723915995712211,0.8067264003255921,-0.2800360276475406,0.8094774370444613,0.7353723018980765,0.3231543500681745,0.39045717844997,0.6961985140172062
genus.Parasutterella.id.2892,Weighted mode,0.0503003857587499,0.1244774477824518,0.6927138396703674,0.2593860352534038,0.5239784069155744,0.6288389192268451,-0.2090856494946539,-0.38823017188218795,0.6978457069079678
genus..Eubacteriumruminantiumgroup.id.11340,MR Egger,0.1433780362319665,0.1636276935950346,0.3938622311166195,-0.1146420442376906,0.6448513675129208,0.8611265981414028,0.2580200804696571,0.38783251452226,0.6981399820567522
genus.Dorea.id.1997,Weighted mode,-0.1058447284360413,0.2296054396423103,0.6557464580206132,0.2230827169746012,0.8183474245753466,0.7913108713110504,-0.3289274454106425,-0.38699725748802866,0.6987582382839259
genus.Coprococcus3.id.11303,Weighted mode,0.2750125370095682,0.2508173179084019,0.3047808407382505,-0.0910450669792179,0.912183770838442,0.9229510288248676,0.36605760398878606,0.38693738385800613,0.6988025643529014
genus..Eubacteriumcoprostanoligenesgroup.id.11375,Inverse-Variance Weighted,0.0351492157356051,0.0938794333889203,0.7081007535887649,-0.1207901900927319,0.3955636393639239,0.7600902944282337,0.15593940582833699,0.3835663904273596,0.7012998545512277
phylum.Tenericutes.id.3919,Weighted mode,1.2976509307427442e-05,0.1508248732415236,0.9999328929559606,-0.2827702740352,0.725889402405712,0.7043054964816939,0.2827832505445074,0.38142153220539055,0.7028904860743113
genus.Gordonibacter.id.821,Egger Intercept,-0.0244476615807699,0.0414531730935339,0.5698555715007356,-0.0710741643589903,0.1150390283492393,0.5520003204039983,0.046626502778220405,0.38131001157923655,0.7029732256706747
family.Lachnospiraceae.id.1987,Egger Intercept,-0.0089897539853099,0.0196754212335926,0.6547498861463432,0.0191957790346254,0.0718816500259661,0.7933264582618433,-0.0281855330199353,-0.3781983648011687,0.7052832401140623
genus.Enterorhabdus.id.820,Weighted mode,-0.0909535930389734,0.1562859949567849,0.58583948113585,0.1282118744780178,0.5649556507571175,0.8294560601756026,-0.21916546751699117,-0.37389135405388296,0.7084851491861568
family.FamilyXI.id.1936,Egger Intercept,0.0075323022715981,0.046440418369754,0.8764783115283981,-0.0631376284372773,0.1833155453251645,0.7422809602358775,0.0706699307088754,0.3737042239773911,0.7086243823859628
genus.Hungatella.id.11306,Inverse-Variance Weighted,-0.088140405052497,0.0730869800978059,0.2278306425267657,0.1038639115962832,0.5095295611067899,0.8384763773399655,-0.1920043166487802,-0.3730088450148103,0.7091418609209272
genus..Eubacteriumeligensgroup.id.14372,Egger Intercept,-0.0017820831797389,0.0355014294912766,0.9619085772174784,0.0516294369662667,0.1403179133883304,0.7279761809722824,-0.0534115201460056,-0.3690187521750218,0.7121137474753723
genus.FamilyXIIIUCG001.id.11294,Weighted mode,0.0039886185389627,0.1990006886234779,0.98456822882827,-0.2661111989047582,0.7043898225105893,0.7167815044887058,0.2700998174437209,0.3690086917913536,0.712121246165726
genus.Dorea.id.1997,Egger Intercept,0.014570173861699,0.0230656249273504,0.5452168356401799,-0.0199052712134606,0.0906065607452962,0.8316152901752378,0.0344754450751596,0.3687356385537877,0.7123247820028382
genus.Allisonella.id.2174,Inverse-Variance Weighted,-0.0484133739362841,0.0536761943456871,0.3670821379215176,0.0242998707705752,0.1916062215933346,0.8990813384699675,-0.0727132447068593,-0.36542512789163145,0.7147940869285794
genus.LachnospiraceaeNC2004group.id.11316,Weighted Median,0.0708713794646449,0.0937408891385934,0.4496282987208979,-0.042915029260778,0.2985718848844864,0.8857102627530771,0.1137864087254229,0.3636025456736331,0.7161548255487311
family.Porphyromonadaceae.id.943,Egger Intercept,0.0406869949879808,0.0398431950965837,0.3411589993515125,-0.0055583493833454,0.1213751963953269,0.964752888049895,0.0462453443713262,0.362005924383409,0.7173476032639057
family.Clostridiaceae1.id.1869,Weighted mode,-0.0853739773805594,0.1645148686506461,0.6163179424982972,0.1648253936837056,0.6713845532171622,0.8115754480603943,-0.250199371064265,-0.36195366545712176,0.7173866556772426
genus.Howardella.id.2000,MR Egger,0.0471493764948153,0.1896317977303119,0.8099059164003518,0.3190334095885672,0.7311104430510967,0.6741066055402575,-0.27188403309375186,-0.3599668143557842,0.7188719506408923
order.Gastranaerophilales.id.1591,Inverse-Variance Weighted,-0.0562898838996996,0.0638240785928053,0.3778018317695598,-0.1889294414850194,0.364164487555132,0.6038984840906733,0.13263955758531978,0.35876149537490315,0.7197735198601907
genus..Eubacteriumfissicatenagroup.id.14373,Weighted Median,-0.030624223793187,0.0800890606630179,0.7021816641662812,0.0734966984105944,0.2798224662335254,0.7928167008545934,-0.10412092220378141,-0.35773232160622737,0.7205436425026968
family.ClostridialesvadinBB60group.id.11286,MR Egger,0.2196712091301055,0.1764569683996134,0.2351433725720444,-0.0440260966296194,0.7174692233042578,0.952003461336371,0.2636973057597249,0.3569024130544435,0.7211648631248264
genus.DefluviitaleaceaeUCG011.id.11287,MR Egger,0.1625554855581201,0.2820328433034209,0.5824145713228466,-0.2502774294214584,1.122237607416051,0.829890788555944,0.4128329149795785,0.35677182627088544,0.7212626294598969
family.Victivallaceae.id.2255,Inverse-Variance Weighted,-0.002779035680218,0.0450120579253512,0.9507700405883248,0.0716211482033767,0.2061049886891263,0.7282169407241764,-0.0744001838835947,-0.3526694902898654,0.7243362347205715
genus.Coprobacter.id.949,MR Egger,0.2576913038700525,0.2405922680650871,0.3120184344488826,-0.0888816839686603,0.9537775783536334,0.9277948485683206,0.3465729878387128,0.3523320068274778,0.7245892871664257
genus.Marvinbryantia.id.2005,MR Egger,0.3717321347327896,0.3467154027283795,0.3149258105709026,-0.2403428627779082,1.7065277012051778,0.8914801036993625,0.6120749975106978,0.35148591967896914,0.7252238339571837
class.Clostridia.id.1859,Inverse-Variance Weighted,-0.0274628846169315,0.0970452890161079,0.7771842003008183,0.1110144251548665,0.3829353209563738,0.7718897935651476,-0.138477309771798,-0.35053924390156055,0.7259340437184401
family.ClostridialesvadinBB60group.id.11286,Weighted mode,0.1126541666711808,0.1374680696488598,0.4262366088852282,0.2835811292864423,0.4680487341767326,0.5542914221275617,-0.1709269626152615,-0.3503903423506136,0.7260457732681735
genus.Ruminococcus2.id.11374,Inverse-Variance Weighted,-0.1731799325234851,0.0695013947613379,0.012711633876132,-0.2720171851107598,0.2741008113955507,0.3210032575107482,0.09883725258727469,0.34952613840838714,0.7266943511035315
genus.RuminococcaceaeUCG014.id.11371,Weighted mode,-0.0294633342411263,0.1249039883440612,0.8182806539868122,-0.224817949628437,0.54775007665284,0.6901397640219731,0.19535461538731072,0.3477232622739236,0.7280480248359202
order.MollicutesRF9.id.11579,MR Egger,0.0863915638910553,0.2169588819772002,0.6981073384302355,-0.2205150622327556,0.8572091484902113,0.8017361365080727,0.3069066261238109,0.3470855866692366,0.7285270213945134
genus.Prevotella9.id.11183,Inverse-Variance Weighted,0.0027640436025586,0.0643434424130963,0.9657352865854676,0.0864449624158813,0.2343085213986819,0.7121750672315177,-0.08368091881332271,-0.34439052896407185,0.730552610540729
order.Rhodospirillales.id.2667,Inverse-Variance Weighted,0.0773472995773752,0.0606216959390365,0.2019904177736063,-0.0178128638357706,0.2699958572985094,0.9473980619538886,0.0951601634131458,0.3438888133314028,0.7309299050491336
genus.Odoribacter.id.952,Weighted Median,-0.2152957584342115,0.1577571970030866,0.1723383674799764,-0.0042332422001383,0.5935195352174125,0.9943091848612676,-0.2110625162340732,-0.3436785753635004,0.731088025185543
family.Bifidobacteriaceae.id.433,Egger Intercept,-0.0630364929228223,0.0263671113388022,0.0358154844441054,-0.0366339169074282,0.0723488542109925,0.6226047631111346,-0.026402576015394107,-0.3428737907218467,0.7316934098532375
order.Bifidobacteriales.id.432,Egger Intercept,-0.0630364929228223,0.0263671113388022,0.0358154844441054,-0.0366339169074282,0.0723488542109925,0.6226047631111346,-0.026402576015394107,-0.3428737907218467,0.7316934098532375
family.Ruminococcaceae.id.2050,Weighted mode,0.3127468265727898,0.1702376715995993,0.0993655838739551,0.5165052625715099,0.5712017504403654,0.3894292778326579,-0.20375843599872007,-0.34185910121012847,0.7324569297335533
genus.Bifidobacterium.id.436,Weighted mode,0.0167739907992208,0.1854615350983473,0.9294260768710384,-0.1415731895106642,0.4260527818415159,0.7454025532887489,0.15834718030988498,0.3407744000979752,0.7332734239240528
class.Alphaproteobacteria.id.2379,Inverse-Variance Weighted,0.041064042123178,0.0879840325766179,0.6406991253578864,0.1624597831568536,0.3465658989643712,0.6392338668670228,-0.12139574103367562,-0.33951158025215583,0.7342243748265744
genus..Eubacteriumnodatumgroup.id.11297,Weighted Median,0.0090851623327746,0.0542151343696356,0.866916752169439,-0.0657240085936449,0.2159963974299432,0.7609123773810975,0.0748091709264195,0.33592434508601854,0.7369279180515897
phylum.Tenericutes.id.3919,Weighted Median,0.0010132852714153,0.1052239743698577,0.9923166542298076,-0.1331633615730854,0.3855215168518284,0.7297854302984959,0.1341766468445007,0.3357576668841846,0.7370536156580889
genus.Ruminococcus2.id.11374,Weighted Median,-0.1717369360778307,0.0916424576013059,0.0609319734535038,-0.0534242174033325,0.3439084190750794,0.8765498821792697,-0.11831271867449819,-0.3324239076520521,0.7395691883162052
genus.Veillonella.id.2198,Egger Intercept,0.0282879824751723,0.064939270932675,0.6855980464263307,-0.0528209312972427,0.2361630437954825,0.8339783529578026,0.081108913772415,0.33115309677326765,0.7405288465794597
genus.LachnospiraceaeNC2004group.id.11316,Weighted mode,0.0341954010041911,0.1243650150936936,0.7903146518653841,-0.131109744377617,0.4844186566378908,0.7935091182849422,0.1653051453818081,0.3305256263105788,0.7410028326288798
class.Mollicutes.id.3920,Weighted Median,0.0010132852714153,0.1079792706752844,0.992512703569096,-0.1331633615730854,0.3926026259949896,0.7344733618759502,0.1341766468445007,0.3295258268858729,0.7417582759851173
class.Lentisphaeria.id.2250,Egger Intercept,-0.0123814761830641,0.0422529281538695,0.7793679226526573,-0.0658914300630647,0.156835275123656,0.6890194337219677,0.05350995388000059,0.32943949943621986,0.7418235162510776
order.Victivallales.id.2254,Egger Intercept,-0.0123814761830641,0.0422529281538695,0.7793679226526573,-0.0658914300630647,0.156835275123656,0.6890194337219677,0.05350995388000059,0.32943949943621986,0.7418235162510776
genus.Blautia.id.1992,Weighted Median,-0.1100396429884344,0.1459916095066124,0.4510056575183646,0.0645421523818144,0.5096886142509873,0.8992328117776922,-0.17458179537024882,-0.329284733886596,0.7419404819047399
order.Rhodospirillales.id.2667,Weighted Median,0.0136882176354991,0.0739720564285688,0.853193120312778,-0.1048422643617776,0.3527602828646035,0.766309692107261,0.1185304819972767,0.3288561340830137,0.7422644317126812
family.Lachnospiraceae.id.1987,MR Egger,0.1139990528323641,0.3285481318999104,0.7337680891754167,-0.2949084008172893,1.201216030750012,0.8096254057157359,0.4089074536496534,0.3283508869488085,0.74264637272877
genus.Sellimonas.id.14369,Egger Intercept,-0.0239219322198574,0.0392507722522737,0.5688463827106158,-0.0765121319051906,0.1555933888183895,0.643726120944651,0.0525901996853332,0.327730476297317,0.7431154581508754
family.Rhodospirillaceae.id.2717,Weighted Median,0.0121791209282341,0.0925878186253936,0.8953471270952142,-0.1027106967232937,0.3386334080529958,0.7616540812008743,0.11488981765152781,0.3272628652433285,0.743469076589097
genus..Ruminococcustorquesgroup.id.14377,Inverse-Variance Weighted,-0.1654214433508856,0.1218463495484102,0.1745832452543373,-0.3205512426846202,0.4582553623237095,0.484237408965827,0.1551297993337346,0.32715539520642956,0.7435503556005627
genus.DefluviitaleaceaeUCG011.id.11287,Weighted Median,0.1760796576178267,0.1139589334146885,0.1223184489127413,0.0287767559776752,0.4363818811318738,0.9474224295522026,0.1473029016401515,0.3266021028851411,0.7439688528215336
genus..Eubacteriumruminantiumgroup.id.11340,Egger Intercept,-0.0141713092651979,0.015733031456514,0.3810868633043135,0.0066865090068949,0.0620479640987941,0.9155230312194502,-0.0208578182720928,-0.32584462186744506,0.7445419161679616
class.Clostridia.id.1859,Egger Intercept,-0.0021740318474504,0.0278104810636389,0.9394007796152416,0.0344880243019942,0.1096680494532962,0.7603270974230008,-0.0366620561494446,-0.32404347781360915,0.7459051180492708
genus.RuminococcaceaeUCG013.id.11370,Egger Intercept,-0.0175144079453903,0.0294673359738312,0.5669057755774669,-0.0633162843706898,0.1382672881622933,0.6578603097910398,0.045801876425299495,0.3239802350512635,0.7459529980309187
genus.Veillonella.id.2198,MR Egger,-0.2270016745689326,0.8554752453239419,0.8038527262476343,0.8122388523711153,3.110130790438871,0.8068649082197581,-1.039240526940048,-0.32218121856519527,0.7473154119508205
genus.Holdemania.id.2157,Weighted Median,-0.0133342336906193,0.0929359937990357,0.8859129978711069,-0.1105200194082589,0.2877187577968932,0.7008856700861161,0.0971857857176396,0.32142827930328705,0.7478858554009451
genus.Ruminiclostridium9.id.11357,Weighted Median,-0.072940097333866,0.1561679679251485,0.6404556400462273,-0.2517840487518222,0.5340586416172564,0.6373166071068784,0.1788439514179562,0.3214169859094089,0.7478944125778522
phylum.Actinobacteria.id.400,Weighted mode,-0.0592592606992694,0.2484707962453453,0.8149520775011466,0.1816131837984005,0.7124031667323419,0.8024836542361369,-0.2408724444976699,-0.3192517660823031,0.7495356054014262
genus.Clostridiumsensustricto1.id.1873,Egger Intercept,-0.0222616501685041,0.0241693412083876,0.3992754949609136,0.0092069455144315,0.0956662326840711,0.9270681395855292,-0.0314685956829356,-0.3189208778836885,0.7497865121003529
family.Peptococcaceae.id.2024,Egger Intercept,-0.0049513718827894,0.0205898693556187,0.8160090560254216,-0.0301156481009111,0.0764226482709325,0.7038273002882437,0.0251642762181217,0.31794057470252973,0.7505300140885485
genus.Coprococcus1.id.11301,Egger Intercept,-0.0120128524264522,0.0180822715698573,0.5231244643451485,-0.0325862875504363,0.0621536625042812,0.6127457585959879,0.020573435123984102,0.3178318384720455,0.7506124983803213
genus.Sutterella.id.2896,Inverse-Variance Weighted,-0.1312951509462493,0.0820706678038685,0.1096470239851922,-0.2374194960208412,0.3245881626725246,0.4645053042131445,0.1061243450745919,0.316975460521941,0.7512622225319541
genus..Eubacteriumcoprostanoligenesgroup.id.11375,MR Egger,0.5110585696549075,0.3580086652229914,0.1812020772777972,1.0050651987381012,1.5347913192575438,0.526017931241879,-0.4940066290831937,-0.3134573334078899,0.7539332314489249
genus.Eggerthella.id.819,Weighted mode,0.003399440111532,0.1216094660042164,0.9783090802832388,-0.1480478054496647,0.4692398623557433,0.7595710458099443,0.1514472455611967,0.3124284918980198,0.7547148998998172
phylum.Lentisphaerae.id.2238,MR Egger,0.1748029826517189,0.2749882940075491,0.5452016150065335,0.5113372125980122,1.043865234719114,0.6392180162605475,-0.33653422994629334,-0.31175639221404694,0.7552256673775943
genus.CandidatusSoleaferrea.id.11350,Inverse-Variance Weighted,-0.027440283637896,0.0646401254561961,0.6711949970473933,-0.1342106241415622,0.3366049831642585,0.6901006563858154,0.10677034050366621,0.3115059374519096,0.7554160298430086
genus.Eisenbergiella.id.11304,Weighted Median,0.0087290567424503,0.0687574528805868,0.8989765409903677,0.0963523764964131,0.2727755636621644,0.7239163922516125,-0.0876233197539628,-0.31148553391458805,0.7554315385581734
family.Streptococcaceae.id.1850,Inverse-Variance Weighted,-0.0600860910602433,0.1004859652605095,0.5498699217799652,-0.1922383191805657,0.4134506512426282,0.6419595745529212,0.1321522281203224,0.310590790784713,0.7561117290672648
genus.Lactococcus.id.1851,Weighted Median,0.0180495673598637,0.0799219602016573,0.8213259443053431,-0.07407477408081,0.2895111728722489,0.7980577541462338,0.09212434144067369,0.30673329712246244,0.7590463832469962
genus.Butyrivibrio.id.1993,Egger Intercept,-0.0298102808613277,0.0254628055978752,0.2627177199273996,-0.001253795685388,0.0899206885113872,0.9890868929237002,-0.0285564851759397,-0.3055596842867545,0.7599399204063486
phylum.Bacteroidetes.id.905,Weighted Median,-0.1981657838050499,0.1360413622966415,0.1452107172959185,-0.0010148417890987,0.6317392455985987,0.9987182587554004,-0.1971509420159512,-0.30508279302168334,0.7603030960624952
genus.Catenibacterium.id.2153,Weighted Median,0.0394449585608552,0.0855642315530014,0.644799881164243,0.1572805225012807,0.377276184069159,0.6767630288056803,-0.11783556394042549,-0.30459699057993056,0.7606731123412946
class.Actinobacteria.id.419,Egger Intercept,-0.0430568210339742,0.0194706787127657,0.0455362816409082,-0.0630654955754161,0.0630943432667601,0.3357743484768879,0.020008674541441902,0.30302251755631976,0.7618727013415882
family.FamilyXI.id.1936,MR Egger,-0.0310811464753563,0.3513204486425259,0.9323825231705338,0.4002866937175789,1.3857866991324577,0.7824150399889112,-0.4313678401929352,-0.30173472294518094,0.762854296145729
genus.Butyricimonas.id.945,Egger Intercept,-0.0391096822444354,0.028652922102041,0.199537293585276,-0.0680169086281056,0.0915455099828427,0.4730605680832318,0.028907226383670194,0.3013529507819353,0.7631453674585633
class.Negativicutes.id.2164,MR Egger,-0.0518550925791554,0.3885363353985608,0.8964751193036378,-0.4540513621322986,1.2840128770593808,0.7309661178301765,0.4021962695531432,0.29980858642817937,0.764323165421414
order.Selenomonadales.id.2165,MR Egger,-0.0518550925791554,0.3885363353985608,0.8964751193036378,-0.4540513621322986,1.2840128770593808,0.7309661178301765,0.4021962695531432,0.29980858642817937,0.764323165421414
family.Ruminococcaceae.id.2050,Inverse-Variance Weighted,0.1360026410019209,0.0908622624661527,0.1344452875657083,0.2582536497563114,0.4001256493177363,0.5186476738040486,-0.12225100875439049,-0.29794597662036404,0.7657443963223227
genus.Allisonella.id.2174,MR Egger,0.4523462235211269,0.3340772263420917,0.2245042871627471,0.8517102274744475,1.2981072178426396,0.5360839516493223,-0.39936400395332056,-0.29794242588660136,0.7657471064006829
genus.Adlercreutzia.id.812,Weighted Median,-0.0133189102275325,0.113425612595352,0.90652391901534,0.1011148570348864,0.3700910000322396,0.784687027033224,-0.1144337672624189,-0.2956316088097384,0.767511431703384
genus.Holdemania.id.2157,Weighted mode,-0.0577996372675954,0.1451985561716742,0.6965804598087485,0.0835872572568963,0.4559299078153381,0.8571649375603998,-0.14138689452449169,-0.2954842742093102,0.7676239636995643
family.Enterobacteriaceae.id.3469,Weighted mode,0.8095625000763009,0.4003019236060323,0.0896045566630517,0.5602409299486975,0.744293484782521,0.4801006835846731,0.24932157012760348,0.29501598322310213,0.7679816699742494
family.Peptococcaceae.id.2024,Weighted Median,0.024207099897957,0.0975790365236462,0.8040749477387901,-0.0886717281110749,0.3711835921398606,0.8111915489045914,0.1128788280090319,0.29411196946577123,0.7686723448682069
genus.LachnospiraceaeNC2004group.id.11316,Inverse-Variance Weighted,-0.0287071668653057,0.1178177147765918,0.8074961110261462,0.0548280158871842,0.2593818007368637,0.8325910901931031,-0.0835351827524899,-0.29322337526999115,0.7693514180666188
phylum.Lentisphaerae.id.2238,Inverse-Variance Weighted,0.0879420571971779,0.0680157679351516,0.1960229112477901,0.0091982577438015,0.2610081649095039,0.9718873584389772,0.07874379945337641,0.2919413877043902,0.7703314383786131
genus.LachnospiraceaeNK4A136group.id.11319,Inverse-Variance Weighted,-0.0089167765923535,0.0819796546870923,0.9133863747708808,0.080291472898754,0.296690816047804,0.7866807082268362,-0.0892082494911075,-0.2898173204804903,0.7719559964593903
genus.Turicibacter.id.2162,Egger Intercept,0.0048093363235126,0.0274825361056951,0.8649563065638441,0.0371388586128078,0.108353477204419,0.7396510897500066,-0.0323295222892952,-0.28921302550490363,0.7724183646692153
phylum.Actinobacteria.id.400,Weighted Median,0.1082993770149707,0.1414865998264863,0.4440101117444772,-0.0370069283208337,0.4898431940555304,0.93977829446685,0.1453063053358044,0.2849883953548843,0.7756530326025393
genus.Intestinimonas.id.2062,Weighted Median,-0.0919233065388092,0.0949790565528878,0.333130718226737,-0.1987059622160914,0.362971442885277,0.5840748241556524,0.1067826556772822,0.2846077737370987,0.7759446548873663
order.Desulfovibrionales.id.3156,Egger Intercept,-0.0039144537683378,0.0164685296702756,0.8169184260245522,-0.0260545641102864,0.0761826996103999,0.7394287527670691,0.0221401103419486,0.2840573696333866,0.7763664159167496
genus.Lachnoclostridium.id.11308,Weighted Median,0.0178067765359737,0.1293200586027562,0.8904811590801726,0.1442625374272698,0.4284978637754693,0.7363653965723966,-0.1264557608912961,-0.282527796872764,0.7775388355416752
genus..Ruminococcusgauvreauiigroup.id.11342,Egger Intercept,-0.0491363125367497,0.0289036315658047,0.1199684204028585,-0.079418261159709,0.1037614629079932,0.4617200239758217,0.030281948622959298,0.28113828251972006,0.7786043395579809
genus.Methanobrevibacter.id.123,Weighted mode,-0.0317467680665237,0.1378664587442887,0.8270052398265956,-0.1505352255915637,0.4043461733407977,0.7249330843756907,0.11878845752504001,0.27806047030973335,0.7809659396656496
class.Melainabacteria.id.1589,Weighted mode,-0.0377390193597142,0.1232392984952999,0.766398500794966,0.1667543185267086,0.7261123213777724,0.8234952901574933,-0.20449333788642282,-0.27765692088592636,0.7812757328357842
order.Bacillales.id.1674,Weighted mode,-0.0937747235908529,0.1010276655730807,0.3841889383094939,0.0208168508959448,0.40140467947837,0.9600891227921836,-0.1145915744867977,-0.27684268756082975,0.7819009017400056
family.Prevotellaceae.id.960,Weighted Median,-0.1179061899293131,0.0993718225636632,0.2354188547298503,-0.2244484618446424,0.3728852338928259,0.547224923651553,0.1065422719153293,0.2760883793400558,0.7824801858773154
phylum.Bacteroidetes.id.905,Egger Intercept,0.0181657832645458,0.016612466801703,0.3060029996092203,0.0378578020685923,0.0694594564270557,0.6005900735922685,-0.0196920188040465,-0.27572746518120206,0.7827573988858378
genus.Tyzzerella3.id.11335,Weighted mode,0.0715161855206235,0.1127406805369904,0.5377629616504989,-0.0838151831587148,0.5522242616032166,0.8818843302391328,0.1553313686793383,0.2755982593673302,0.7828566467330962
genus.Anaerostipes.id.1991,MR Egger,0.175711544413114,0.3350793987566099,0.6104130066215769,-0.1973729155076899,1.3149351682492318,0.8834019299405191,0.3730844599208039,0.274941961583898,0.7833608282914399
family.BacteroidalesS24.7group.id.11173,Inverse-Variance Weighted,0.0316603780479212,0.0737343859381564,0.6676436725520476,0.1177050429097508,0.3043665369992505,0.6989624968609743,-0.0860446648618296,-0.27475343561482496,0.7835056746785527
genus.Romboutsia.id.11347,Egger Intercept,0.0217699058717907,0.0189452613746165,0.2748893717280216,0.0429396347753315,0.0752629455170817,0.579786923381798,-0.021169728903540797,-0.2727678762000306,0.7850316545502332
family.Pasteurellaceae.id.3689,Weighted Median,0.0066332195530083,0.0946484663378626,0.9441278406046992,-0.0908552698530116,0.347649579247795,0.7938291495922309,0.0974884894060199,0.2705733032647813,0.7867192310431934
order.MollicutesRF9.id.11579,Egger Intercept,0.0033594294431636,0.0177325361587482,0.8531905770702239,-0.0161525958534992,0.0701086435457921,0.8220144855314143,0.0195120252966628,0.26981458763298305,0.7873028996026676
order.Pasteurellales.id.3688,Weighted Median,0.0066332195530083,0.0764868309266697,0.9308911523345592,-0.0908552698530116,0.3532906320051253,0.797048594975724,0.0974884894060199,0.2696960126480201,0.787394128365636
genus..Clostridiuminnocuumgroup.id.14397,Weighted Median,-0.0055905140483082,0.0698900012999051,0.936245063163092,-0.0743170768681215,0.2451410989947062,0.7617676158990271,0.0687265628198133,0.2696117894580902,0.7874589294496661
phylum.Bacteroidetes.id.905,Weighted mode,-0.1439781382108622,0.2286130228014197,0.54448700698331,0.001234559763231,0.4877500609759088,0.998035667218942,-0.1452126979740932,-0.26957697932818864,0.7874857126949171
genus.LachnospiraceaeUCG010.id.11330,Egger Intercept,0.0025043490624346,0.0249200011650147,0.9224238160478968,0.026589261266087,0.0858030007784457,0.7645651965255603,-0.0240849122036524,-0.269561343750736,0.7874977429388217
genus..Eubacteriumrectalegroup.id.14374,Inverse-Variance Weighted,-0.1155177813989246,0.1064094391618068,0.2776572715979811,-0.2319120876985467,0.420303460011642,0.5811039097925723,0.11639430629962211,0.2684591815645589,0.7883458903825242
genus.Parasutterella.id.2892,MR Egger,0.1173130882547654,0.1902083659360181,0.5489153534857758,0.3500301935846155,0.8465040623669001,0.6865335007933153,-0.23271710532985013,-0.268227560730746,0.7885241616314107
family.Alcaligenaceae.id.2875,Weighted Median,-0.0192248229957167,0.1471752624880183,0.8960716729792176,-0.1499365652426559,0.4685354842668034,0.7489599006662291,0.13071174224693918,0.2661573744837304,0.7901180095255225
order.Rhodospirillales.id.2667,Weighted mode,-0.028866778234566,0.1236494991047134,0.8193419129819488,-0.1636951896511718,0.4913264951950737,0.7447550023590397,0.1348284114166058,0.26611917067178564,0.7901474311272445
genus.RikenellaceaeRC9gutgroup.id.11191,Egger Intercept,0.0287218454025006,0.0406424813053125,0.4998182608573612,-0.0399772693038972,0.2553799788977667,0.8794854744815774,0.0686991147063978,0.26566421572151033,0.790497824990984
genus..Eubacteriumeligensgroup.id.14372,Inverse-Variance Weighted,0.0506548352773719,0.115271923747057,0.660344375410377,-0.0733215915662125,0.4561807889600429,0.872306658558315,0.1239764268435844,0.2634884352213087,0.7921741360799022
order.Gastranaerophilales.id.1591,Weighted Median,-0.0457543185077426,0.0809911620107781,0.5721215340403079,-0.1571184723196517,0.4151171754181862,0.7050652387470413,0.1113641538119091,0.2633069349206497,0.7923140149432222
family.Christensenellaceae.id.1866,Inverse-Variance Weighted,-0.0483615296308469,0.0753346909977243,0.5209019872162504,-0.1466957082984892,0.3706897693838922,0.6922989554801338,0.09833417866764231,0.25995943722150733,0.7948950625396074
genus.Ruminococcus1.id.11373,MR Egger,-0.2742869579816586,0.2884600734421648,0.3695111775501476,-0.6295327218037461,1.3478972390226156,0.6529219759177112,0.3552457638220875,0.2577199107885458,0.7966230784774331
genus..Eubacteriumruminantiumgroup.id.11340,Inverse-Variance Weighted,0.002783417480454,0.049095589165468,0.954789081034442,-0.0483655863446959,0.1938734203408334,0.8029973071168924,0.0511490038251499,0.25575371493135335,0.7981410155748148
genus.Parasutterella.id.2892,Inverse-Variance Weighted,-0.0231984412676787,0.0672966268735233,0.7303054612975797,0.0532668947402313,0.2940707901935041,0.8562605929207143,-0.07646533600791,-0.2534711160976968,0.7999041785417569
genus.Ruminiclostridium9.id.11357,Inverse-Variance Weighted,0.032143724172783,0.1280120676733815,0.8017374362081955,-0.0850120356686969,0.4465552016599163,0.8490168847620301,0.11715575984147991,0.2521966397881396,0.8008890752143014
phylum.Bacteroidetes.id.905,MR Egger,-0.4836763600295662,0.2277259947604048,0.0664166083812208,-0.2378650494588087,0.9504096927431476,0.808681095339359,-0.2458113105707575,-0.25151788113045426,0.8014137392973839
family.Streptococcaceae.id.1850,Weighted mode,-0.2301811901203372,0.212693435750341,0.2974432772216234,-0.4124410780863128,0.6940207789236352,0.5618075685240578,0.18225988796597561,0.2510878069784733,0.8017462226264553
genus.Eggerthella.id.819,Inverse-Variance Weighted,0.0305436949791267,0.0723932879924351,0.6730882620760319,0.0911750412264256,0.2314943859048734,0.6936886698584663,-0.0606313462472989,-0.24997476415406497,0.8026068644897599
genus.Lactococcus.id.1851,Egger Intercept,-0.0287903794301981,0.0322033587778737,0.401004218558257,-0.0614572928513042,0.1270918341388729,0.6434533656502412,0.0326669134211061,0.24915973544296716,0.8032372238414494
class.Deltaproteobacteria.id.3087,Inverse-Variance Weighted,-0.103215414611368,0.0800737107061106,0.1973963433610067,-0.0098580202285521,0.3661068583391963,0.9785182615774988,-0.0933573943828159,-0.24911162052010177,0.8032744408817845
genus.Intestinibacter.id.11345,Egger Intercept,-0.0042182089709592,0.0180460146770063,0.819121189931705,0.0140729347657327,0.0714395602758229,0.8471318204847972,-0.0182911437366919,-0.24823908735431666,0.803949425273677
genus.RuminococcaceaeUCG005.id.11363,Weighted Median,-0.0581965433557456,0.0995593777336178,0.5588563544869845,-0.1589666873456953,0.3948822129105833,0.6872665303007082,0.1007701439899497,0.2474468647714737,0.8045624087276548
genus.DefluviitaleaceaeUCG011.id.11287,Weighted mode,0.2224041236094242,0.1426236004742826,0.1575260942197418,0.0843328896830915,0.5415052038181207,0.8800976329224144,0.1380712339263327,0.24656781375159484,0.8052427164600164
genus.Ruminococcus2.id.11374,Egger Intercept,-0.0088586367000018,0.0133742155101623,0.5193067984667226,-0.0222536852263904,0.0526685967230912,0.6795482300525684,0.013395048526388603,0.2465037583530566,0.8052922954428827
genus.Allisonella.id.2174,Egger Intercept,-0.0719415775327489,0.0474696292156481,0.1804196860431404,-0.1188476573059288,0.1844152982569719,0.5431165349148543,0.04690607977317991,0.24632078377556368,0.8054339223754281
genus.RikenellaceaeRC9gutgroup.id.11191,MR Egger,-0.230853735252099,0.2975958920459277,0.4602238904289693,0.2363993361929682,1.873468645771099,0.9027009338706647,-0.4672530714450672,-0.246317089526165,0.8054367818832855
family.Christensenellaceae.id.1866,Egger Intercept,0.0069424500025372,0.0123616784140181,0.588091332363927,-0.0091262746063292,0.0641147512630798,0.8899448486669719,0.0160687246088664,0.2460920824751118,0.8056109519185153
genus.LachnospiraceaeNK4A136group.id.11319,Weighted mode,0.0039933304628856,0.0983970861590944,0.9682007660533164,0.1337326870321411,0.5192340328392965,0.8004954640258803,-0.1297393565692555,-0.24549756115961963,0.8060711963201435
genus.RuminococcaceaeUCG013.id.11370,MR Egger,0.1788346932438433,0.3847120272200063,0.6530777429198221,0.6300097433917436,1.8096903651112544,0.7357457845853645,-0.4511750501479004,-0.24386121426886306,0.8073383089505028
genus..Clostridiuminnocuumgroup.id.14397,Weighted mode,0.0186264957148419,0.1195649477948783,0.8805993939354677,-0.0777285086950239,0.3830335120875144,0.844963224011466,0.0963550044098658,0.24013045637237485,0.8102291240729464
family.Desulfovibrionaceae.id.3169,Inverse-Variance Weighted,-0.0959332474081962,0.086901813322973,0.2696248587451972,0.0150863970040743,0.4547166518491728,0.9735329787577394,-0.1110196444122705,-0.23981112925925896,0.8104766787965412
genus.Howardella.id.2000,Egger Intercept,-0.0195299320030313,0.0286892536199159,0.5152513716352867,-0.0467998951679545,0.1107495875077379,0.6837349796663895,0.027269963164923198,0.23836301820370384,0.8115995480438898
genus.Sutterella.id.2896,Weighted mode,-0.1036526205268472,0.1594227851628227,0.5289245502026616,-0.2575239185874762,0.6275801994838861,0.6894324943528782,0.153871298060629,0.2376344563125813,0.8121646236317255
class.Clostridia.id.1859,MR Egger,0.0056276295553934,0.4342797498477416,0.9899435844394696,-0.4136210977507797,1.711667230732926,0.8144687384012282,0.41924872730617313,0.23741359846878482,0.8123359412186499
genus.Bilophila.id.3170,Inverse-Variance Weighted,-0.1473480102143337,0.1112273978223777,0.1852555303304602,-0.2286310185965584,0.325113160603879,0.4819091859894453,0.08128300838222471,0.2365537304263827,0.8130030191836086
order.Coriobacteriales.id.810,Weighted mode,-0.0062655758810643,0.214626652073988,0.9770956114226736,-0.1959582572350573,0.7760121436735083,0.8040670777484188,0.189692681353993,0.23560046770838414,0.813742710495905
genus.Slackia.id.825,Weighted Median,0.0001157510134943,0.1269320828118593,0.9992723988158216,0.1103160589374736,0.4502721253528624,0.8064574833736511,-0.1102003079239793,-0.23556070454248013,0.8137735686350429
genus.Butyricimonas.id.945,MR Egger,0.3064515460129454,0.3347221800828295,0.3795413575606746,0.5686651754557036,1.0701487483969063,0.6057134177660773,-0.2622136294427582,-0.23385312730996566,0.8150990032370129
genus.Anaerotruncus.id.2054,Inverse-Variance Weighted,0.0948088147337355,0.0959500105029853,0.3231005658109526,0.0062984050464384,0.3701598261514904,0.9864243569799293,0.08851040968729709,0.2314642799844391,0.8169541324408338
order.Enterobacteriales.id.3468,Weighted mode,0.8095625000763009,0.4614603278309273,0.1299067769696056,0.5602409299486975,0.9751635620845518,0.5865014338935549,0.24932157012760348,0.23110213527150428,0.8172354563121358
genus.Prevotella7.id.11182,Egger Intercept,0.0061017980311633,0.0373619945667919,0.8738783615756148,0.0411831789625924,0.1478506857383619,0.7868875084937319,-0.0350813809314291,-0.2300443452310654,0.8180573111119458
family.Defluviitaleaceae.id.1924,MR Egger,-0.2909703524611212,0.2867283268357597,0.3367067103219675,-0.0700364879066312,0.9488558903683246,0.9427748439961592,-0.22093386455449,-0.2228881754793237,0.8236225395137171
genus..Eubacteriumeligensgroup.id.14372,Weighted mode,-0.0014675070302,0.2064856127136509,0.9945598387182571,0.1544709202468033,0.6685652380485896,0.8249544433626161,-0.1559384272770033,-0.2228565710630269,0.8236471376201817
genus..Eubacteriumruminantiumgroup.id.11340,Weighted mode,-0.0381132614629878,0.0975474764362277,0.7008608740651536,-0.135696149503318,0.4292755706838478,0.7557709300556839,0.09758288804033019,0.2216688128813037,0.8245717098421632
genus.Fusicatenibacter.id.11305,MR Egger,-0.3738217133791418,0.2957324426408121,0.2243165218480909,-0.6400340596816594,1.1666662551709586,0.5908531223216293,0.2662123463025176,0.22118658088500825,0.8249471574158216
family.Alcaligenaceae.id.2875,Weighted mode,-0.0115269815675425,0.1988343801221717,0.9549123911792444,-0.2052749065461996,0.854724387589363,0.8150539295507391,0.1937479249786571,0.2207835088334819,0.8252610047842004
class.Bacteroidia.id.912,Weighted mode,-0.1618071147928877,0.1938876175113111,0.4217308167009789,-0.043470603653348,0.5000259137157734,0.932284201013352,-0.1183365111395397,-0.22065333022546593,0.8253623728138151
family.Rhodospirillaceae.id.2717,Weighted mode,-0.0249879069924214,0.106751188882509,0.8185718557773607,-0.1490243316481012,0.552880507523249,0.7917438553248459,0.1240364246556798,0.2202773448704444,0.8256551630257785
genus.Olsenella.id.822,Weighted mode,0.0512038444071234,0.0994151198567384,0.617709759076554,0.130797112497689,0.352091680423001,0.7180255576882024,-0.07959326809056559,-0.21755248011646922,0.827777812963342
class.Coriobacteriia.id.809,Weighted mode,-0.0062655758810643,0.1643693874717409,0.9700956037420616,-0.1959582572350573,0.8577213899050277,0.822371091127593,0.189692681353993,0.21720647566284548,0.828047438304663
genus.Marvinbryantia.id.2005,Weighted Median,-0.1155030672990899,0.1095057986139709,0.2915320484882048,-0.0096670517201619,0.4758640067626067,0.9837923004997152,-0.10583601557892801,-0.2167432993217477,0.828408402017857
phylum.Tenericutes.id.3919,Inverse-Variance Weighted,-0.0150595930237664,0.0830731751179494,0.8561469737256819,0.0516977891209094,0.2968601028853337,0.8617486322829868,-0.0667573821446758,-0.21655869278900172,0.8285522801345131
class.Mollicutes.id.3920,Inverse-Variance Weighted,-0.0150595930237664,0.0830731751179494,0.8561469737256819,0.0516977891209094,0.2968601028853337,0.8617486322829868,-0.0667573821446758,-0.21655869278900172,0.8285522801345131
genus.Fusicatenibacter.id.11305,Egger Intercept,0.028467202555081,0.0193472803414482,0.1605828498992421,0.0454924226575644,0.0763353418413186,0.5595424696192186,-0.017025220102483404,-0.21619607454109663,0.8288349132594413
genus.Coprococcus3.id.11303,Weighted Median,0.1188934514888391,0.1743404947346335,0.4952634908312363,-0.0013590475212084,0.5351420026346079,0.9979736932185878,0.1202524990100475,0.21365891128505712,0.8308130554299482
family.Coriobacteriaceae.id.811,Weighted mode,-0.0062655758810643,0.1994818424990811,0.975357281572638,-0.1959582572350573,0.868699969471588,0.8245754570356676,0.189692681353993,0.21282470258199104,0.8314636952388192
phylum.Verrucomicrobia.id.3982,MR Egger,-0.1020742692815498,0.2046541191241145,0.6299074599232382,0.1220123467695236,1.0615061682616718,0.911014140730406,-0.2240866160510734,-0.20728523227930473,0.8357871066255447
genus.Gordonibacter.id.821,MR Egger,0.1618036988174309,0.2774918801205512,0.5741484353658668,0.3292699107916284,0.7698122801375624,0.678901852786191,-0.16746621197419748,-0.2046517011543339,0.837844258507807
order.Methanobacteriales.id.120,MR Egger,-0.1092548809431827,0.2027184018358616,0.6045915943576581,0.0594580206246551,0.806061997128929,0.9430095254704882,-0.1687129015678378,-0.20298431577146753,0.8391472912245024
family.Methanobacteriaceae.id.121,MR Egger,-0.1092548809431827,0.2027184018358616,0.6045915943576581,0.0594580206246551,0.806061997128929,0.9430095254704882,-0.1687129015678378,-0.20298431577146753,0.8391472912245024
class.Methanobacteria.id.119,MR Egger,-0.1092548809431827,0.2027184018358616,0.6045915943576581,0.0594580206246551,0.806061997128929,0.9430095254704882,-0.1687129015678378,-0.20298431577146753,0.8391472912245024
genus.FamilyXIIIAD3011group.id.11293,Weighted mode,-0.2892172579164265,0.1858827637263978,0.1456966558941432,-0.4379243834783173,0.7093799102054027,0.5485497717106773,0.1487071255618908,0.2027834844796383,0.8393042672231426
genus.LachnospiraceaeND3007group.id.11317,Inverse-Variance Weighted,-0.0493931016290839,0.1857195025731829,0.7902735702357505,0.1044427434560289,0.7356922404696691,0.8871074427120147,-0.1538358450851128,-0.20274320087051004,0.8393357549178582
genus.Coprobacter.id.949,Egger Intercept,-0.0308486766348129,0.0255012175770651,0.2572111178157212,-0.0098601716514346,0.1010199708188094,0.9243841900461208,-0.0209885049833783,-0.20144646810137926,0.8403494835675653
phylum.Euryarchaeota.id.55,Egger Intercept,0.0052517005815702,0.0304420321475832,0.8668499959417184,0.028679119170006,0.1127690145810627,0.8049656815626169,-0.0234274185884358,-0.2005674523028559,0.8410368101735488
genus.RuminococcaceaeUCG004.id.11362,Weighted mode,-0.2242548368110666,0.1872559391071996,0.258694440566709,-0.3600813054029177,0.6524062806204998,0.5931169733212989,0.13582646859185113,0.20011327353488464,0.8413919925489863
genus.Alistipes.id.968,Egger Intercept,-0.0216759704849039,0.0317206606832222,0.5099145633748301,-0.0458498256298106,0.11666601889973,0.7025665489471855,0.024173855144906702,0.19994677830121893,0.8415222052562432
genus.Erysipelatoclostridium.id.11381,Weighted Median,0.056900815669421,0.0855205743599736,0.5058288890508272,-0.0151528006261794,0.3504156801190815,0.9655083390804696,0.07205361629560039,0.19976018274160035,0.8416681431915951
genus.Butyricimonas.id.945,Inverse-Variance Weighted,-0.1319418063781134,0.0975763343279073,0.1763143358359423,-0.194363419194848,0.3008909193561936,0.5183054307886292,0.06242161281673461,0.19733874484180808,0.8435624614298647
genus.Flavonifractor.id.2059,MR Egger,-0.1524039137707666,0.5670797689158401,0.8055426952113429,-0.519785236947435,1.7868321244013734,0.7900814406844188,0.3673813231766684,0.19597228689745044,0.844631857240828
family.Streptococcaceae.id.1850,Weighted Median,-0.0991792476578307,0.1274266313303941,0.4363778348366969,-0.1929054333136642,0.461436155899655,0.6759073152294832,0.09372618565583349,0.19579009163280278,0.8447744657133052
family.Acidaminococcaceae.id.2166,Egger Intercept,0.0071939431892391,0.0276483842724971,0.8050892420791584,0.0291831925022596,0.1091625721722081,0.7998864128508968,-0.0219892493130205,-0.19526992480174507,0.8451816403733443
genus..Eubacteriumruminantiumgroup.id.11340,Weighted Median,-0.0181491579567352,0.062206414415394,0.7704724108813925,-0.0629457857708368,0.2217223067236608,0.7764910851003813,0.0447966278141016,0.19452830027128445,0.8457622385346688
family.FamilyXIII.id.1957,Inverse-Variance Weighted,0.0826533700393026,0.0938508074905302,0.3784861938446251,-0.0066305470496353,0.4522277045623528,0.9883018631458088,0.0892839170889379,0.19331235667988822,0.8467143496197223
genus.Parasutterella.id.2892,Egger Intercept,-0.0122255945859481,0.015446366973346,0.4440237634890066,-0.0258351037049769,0.0687675107758549,0.713706129652611,0.013609509119028801,0.1930949276859689,0.8468846250244908
class.Lentisphaeria.id.2250,MR Egger,0.1738735603473932,0.2963165677050115,0.5787427170628152,0.3938297309725386,1.1003536405566583,0.7326635580034623,-0.2199561706251454,-0.1930196485601539,0.8469435801147283
order.Victivallales.id.2254,MR Egger,0.1738735603473932,0.2963165677050115,0.5787427170628152,0.3938297309725386,1.1003536405566583,0.7326635580034623,-0.2199561706251454,-0.1930196485601539,0.8469435801147283
genus.Howardella.id.2000,Weighted Median,0.0040106667213509,0.0658331697045921,0.9514215903471972,-0.0479162974307975,0.2630697383833589,0.8554705455367655,0.0519269641521484,0.1914837945561375,0.8481465757048134
genus.Intestinibacter.id.11345,Weighted Median,0.1071610964393554,0.0992453003916424,0.2802491086013354,0.0314416390773227,0.3853517187025075,0.9349711184912952,0.0757194573620327,0.1902849869684426,0.8490858173875235
genus.Sutterella.id.2896,MR Egger,-0.0399021598756742,0.3553363174306621,0.912812407660598,-0.3157277065798118,1.4108537105655217,0.8274303371783106,0.2758255467041376,0.18958214696402825,0.8496365781482222
genus.RuminococcaceaeUCG005.id.11363,Weighted mode,-0.0867214615682988,0.1322545954683409,0.5234425862643792,-0.197032677041137,0.5786069029433332,0.7388978749937967,0.1103112154728382,0.18585634231436732,0.852557419397246
class.Melainabacteria.id.1589,Inverse-Variance Weighted,-0.0706049722460401,0.060847609143922,0.245903332107887,-0.01175649678368,0.3114559248528357,0.9698894789261492,-0.058848475462360106,-0.18544063364875202,0.8528834400240397
genus..Eubacteriumbrachygroup.id.11296,Weighted mode,-0.1168756307436879,0.119950324494802,0.3553338318601835,-0.0384516231970728,0.406566534780986,0.9267234259166528,-0.0784240075466151,-0.1850094070457651,0.853221657192271
order.Pasteurellales.id.3688,Inverse-Variance Weighted,0.0441517015567862,0.056814864594001,0.4370907374277124,0.0982730852267576,0.2913458885429464,0.7358852825996496,-0.05412138366997139,-0.18232885901822388,0.8553246520349589
family.Pasteurellaceae.id.3689,Inverse-Variance Weighted,0.0441517015567862,0.056814864594001,0.4370907374277124,0.0982730852267576,0.2913458885429464,0.7358852825996496,-0.05412138366997139,-0.18232885901822388,0.8553246520349589
genus.Oscillibacter.id.2063,Weighted mode,-0.05228232711676,0.1117067476640379,0.6481480156184575,-0.168774491148357,0.6338446630255482,0.7945504927760665,0.11649216403159698,0.1809972727410017,0.8563697166983506
genus.Butyricicoccus.id.2055,Weighted mode,0.1505810699195697,0.1685699799108942,0.401370427055516,0.2470553319819934,0.5057775756498398,0.6401492604300927,-0.09647426206242368,-0.1809584872331428,0.8564001603905156
genus.Eggerthella.id.819,Weighted Median,0.0005977652596599,0.0819228090027534,0.9941781361594147,-0.0498542237714376,0.2666352783868439,0.8516799620891443,0.050451989031097495,0.18087249707114855,0.8564676569302723
genus.Tyzzerella3.id.11335,Weighted Median,0.045503153850085,0.0597006963594076,0.4459478121438883,-0.0119308101740722,0.3128109792061357,0.9695755508019012,0.0574339640241572,0.18035074774698695,0.8568772178293509
genus.LachnospiraceaeUCG008.id.11328,MR Egger,-0.4198635495090539,0.450679740005613,0.3758463493880872,-0.6535263202829197,1.2192666643407608,0.6049507446246012,0.23366277077386577,0.17975530223107897,0.8573446755832945
genus.RuminococcaceaeUCG013.id.11370,Inverse-Variance Weighted,-0.0355312233022796,0.1294855078714914,0.783774869637188,-0.146353745879105,0.6074338376741433,0.8096033587570977,0.1108225225768254,0.1784347195833033,0.8583815845131302
family.Porphyromonadaceae.id.943,Weighted mode,0.072293199006826,0.1734390615201974,0.6877683151199221,0.2334405008047337,0.8896513129575372,0.7996469527942294,-0.1611473017979077,-0.1777883278569912,0.8588892143328162
order.Methanobacteriales.id.120,Weighted mode,0.1106957588111622,0.0901438074919041,0.2505962279912912,0.0451315651882369,0.3624149836319805,0.9036326515254048,0.0655641936229253,0.17555997250607103,0.8606396511591288
genus.Oscillibacter.id.2063,MR Egger,-0.0952630499689561,0.291057378295613,0.7495852594216151,-0.3201195293648906,1.2641348873587246,0.8047591772958913,0.22485647939593448,0.17333865600374798,0.8623852404577295
genus.Coprococcus1.id.11301,MR Egger,0.1127695639135044,0.2488214980260033,0.6611231726442791,-0.0391071570615548,0.8554183734107016,0.9645341468802298,0.1518767209750592,0.17048098834939499,0.8646318845995837
genus.Dialister.id.2183,Weighted Median,-0.0133398048226921,0.1202438301929336,0.9116642273266669,0.0566407112479561,0.3962102200945549,0.8863247656076169,-0.0699805160706482,-0.16901281949960603,0.8657865579590318
order.Bacillales.id.1674,Egger Intercept,-0.0035953521156927,0.0399103006452839,0.9311510266681736,0.0176229168213801,0.119335799930578,0.887436856871985,-0.0212182689370728,-0.16862287025072095,0.8660932902983558
genus.Ruminiclostridium5.id.11355,Egger Intercept,0.0047376251600501,0.0279229285873408,0.8690237798200444,0.022425272482356,0.1019189834876534,0.830757301523211,-0.017687647322305898,-0.16737805743699016,0.8670725892437856
genus.LachnospiraceaeNK4A136group.id.11319,Weighted Median,0.0096100799929478,0.1247962968462804,0.9386186675586085,0.070984303826494,0.3631083433058774,0.8450088183797861,-0.061374223833546196,-0.1598472542508991,0.8730013991228598
family.Methanobacteriaceae.id.121,Weighted mode,0.1106957588111622,0.1072198436981428,0.3288204577962453,0.0451315651882369,0.4075620480454321,0.914256234350432,0.0655641936229253,0.15557566851611448,0.8763675050945008
genus..Ruminococcusgnavusgroup.id.14376,Weighted Median,-0.1044275497530195,0.0697509000208475,0.1343542701827338,-0.0524297388059061,0.3304089667820704,0.8739199375296538,-0.0519978109471134,-0.1539804046714598,0.8776251861158066
family.Alcaligenaceae.id.2875,Egger Intercept,0.0158966916480207,0.0426802911473954,0.7181701801094863,-0.0028109034216251,0.1144673157136451,0.9809446590115802,0.0187075950696458,0.1531333927259617,0.8782930828389122
order.Bacteroidales.id.913,Weighted mode,-0.1618071147928877,0.2451696227449839,0.522845375185577,-0.043470603653348,0.7329519523811734,0.9537698072777916,-0.1183365111395397,-0.15311325673470352,0.8783089617851332
genus.Sellimonas.id.14369,Weighted mode,0.0275762562054251,0.0828942009256941,0.7507004808431401,0.0906734023106301,0.4040420879340284,0.829880845555513,-0.063097146105205,-0.15297841933683498,0.8784152938329564
genus.Prevotella7.id.11182,MR Egger,-0.0304626393582164,0.2678260503403681,0.9119404417592264,0.1335576242034921,1.0598507005511577,0.9024898505957104,-0.1640202635617085,-0.15004134692542137,0.8807319943457317
order.Bacillales.id.1674,MR Egger,-0.0447737530129168,0.2647347070440704,0.8712546451710462,0.0801053989923205,0.790716698745716,0.922607126184586,-0.1248791520052373,-0.14976088706806623,0.8809532688597121
genus.Eisenbergiella.id.11304,Weighted mode,-0.0133052873768597,0.1241316641198211,0.9167606679877628,0.0587946674863566,0.4736623387783565,0.9036737073623244,-0.0720999548632163,-0.1472456210738054,0.882938152598238
genus.LachnospiraceaeFCS020group.id.11314,Egger Intercept,0.0248646516835681,0.0151847851498501,0.1297929372629557,0.0349206930496015,0.0671721201535793,0.6134561774278753,-0.0100560413660334,-0.14602107197279568,0.8839047536924913
genus.Intestinibacter.id.11345,Weighted mode,0.0448006378201926,0.1531828569372045,0.7745466827341939,0.1291518689426074,0.5734579138864616,0.8253129540259504,-0.08435123112241481,-0.14210959895112782,0.8869934362635801
genus.Odoribacter.id.952,Egger Intercept,-0.0051244390258856,0.0457528005709803,0.9151787245288834,0.0105875668242071,0.1007487129302754,0.9203908933351012,-0.0157120058500927,-0.14199618522761367,0.8870830189023402
genus.Anaerostipes.id.1991,Weighted mode,0.0679226915444272,0.2152245279409838,0.7577348744388467,0.1694380590007016,0.6854491362682924,0.8089375929502531,-0.1015153674562744,-0.14129888278382144,0.8876338321699353
genus.DefluviitaleaceaeUCG011.id.11287,Egger Intercept,-0.0009744241726318,0.0282770398644817,0.9734724606134424,0.0153215739562653,0.112230280639149,0.8952543285550576,-0.0162959981288971,-0.14080106160346784,0.8880271043832555
genus.Terrisporobacter.id.11348,MR Egger,0.0470994110967397,0.3985014486778919,0.9133855315323622,0.2155281917621941,1.1325314926765415,0.8612184492064692,-0.1684287806654544,-0.14028762977115786,0.8884327376832528
genus.Eisenbergiella.id.11304,Inverse-Variance Weighted,-0.0047690382217867,0.0564825210107882,0.932711473630799,-0.0365347037549664,0.2227925609413209,0.8697427202539886,0.03176566553317969,0.13820724351278443,0.8900766305426489
genus.FamilyXIIIAD3011group.id.11293,MR Egger,0.1033422797834547,0.4926311089418904,0.8376770990052885,0.34366566925241,1.6716897408676576,0.8408742311700621,-0.2403233894689553,-0.13789771096543674,0.8903212595110224
genus.FamilyXIIIUCG001.id.11294,Egger Intercept,0.0222230108439244,0.0255354838930538,0.4176009022502213,0.0082993469565298,0.098097802341321,0.935329471896232,0.0139236638873946,0.1373591354832486,0.8907469299808939
genus.Paraprevotella.id.962,Egger Intercept,0.0003824493894144,0.0256215795977442,0.9883578370431584,-0.0128285301906981,0.093252202450859,0.893067565300067,0.013210979580112501,0.1366068849979595,0.8913415340846795
genus.Alloprevotella.id.961,Weighted Median,-0.0512938463131464,0.0925863238100431,0.579571284571426,-0.0058120704113262,0.3238805381415663,0.9856826458493464,-0.045481775901820204,-0.135019127600028,0.8925967511737742
order.Clostridiales.id.1863,MR Egger,-0.007233329308347,0.411857103964379,0.9863331728385224,0.220149925323642,1.6335512520709432,0.8954695128713689,-0.227383254631989,-0.13497191504850065,0.8926340796521739
genus.Turicibacter.id.2162,MR Egger,-0.1044228900227453,0.2751480270860876,0.7131050907641421,0.0464509482580327,1.0842159238246882,0.9667622203476444,-0.150873838280778,-0.13487928638263774,0.8927073169517648
class.Methanobacteria.id.119,Weighted mode,0.1106957588111622,0.1051504261736105,0.3199037391043945,0.0451315651882369,0.4767362400003597,0.9266528998995968,0.0655641936229253,0.13429927662227517,0.8931659252329773
genus.ChristensenellaceaeR.7group.id.11283,Inverse-Variance Weighted,-0.1376611812394285,0.1411250293398708,0.3293343820018964,-0.2210078888992798,0.6247951896103588,0.7235423334382195,0.0833467076598513,0.13012042379451905,0.8964711516420125
class.Gammaproteobacteria.id.3303,Weighted mode,0.0236296317244009,0.1977769501949923,0.9087981416998884,0.1687706847277583,1.107509255675325,0.8838765078617481,-0.1451410530033574,-0.12901083044728653,0.8973490789911802
genus.Odoribacter.id.952,MR Egger,0.0433159336825137,0.6196271117048926,0.9469778981536416,-0.1456498977380825,1.3632977269003146,0.9190729894231168,0.1889658314205962,0.1261871902602196,0.8995837510016707
genus..Eubacteriumnodatumgroup.id.11297,Weighted mode,0.0223144072081267,0.0994706112834765,0.8270163728436164,-0.0293032437806886,0.3988432721836018,0.9428804910921658,0.0516176509888153,0.12557204712805942,0.9000706909317353
genus..Eubacteriumfissicatenagroup.id.14373,Egger Intercept,0.0394347104047923,0.045705106912242,0.4168213740444072,0.058250588695799,0.1436376214740972,0.6971905414635886,-0.0188158782910067,-0.1248284048284912,0.9006593994676051
genus.Veillonella.id.2198,Weighted mode,0.2748143819463133,0.1799190591451795,0.18718708961387,0.1844295553129327,0.7033744448021421,0.8036219776575806,0.0903848266333806,0.12449340710411974,0.9009246201414358
genus.Marvinbryantia.id.2005,Weighted mode,-0.1579938899009403,0.1608494593620657,0.3516442347870678,-0.2364453054100552,0.6190428465678518,0.7113584976868259,0.07845141550911491,0.12265723205453868,0.9023785319309008
genus.Sutterella.id.2896,Egger Intercept,-0.0062867632475055,0.0237820667236345,0.796879350171953,0.0053819394964322,0.0943636106589148,0.95564159359615,-0.0116687027439377,-0.11990734999916058,0.9045565420306345
family.Lachnospiraceae.id.1987,Inverse-Variance Weighted,-0.0298154011303958,0.0916649432342815,0.7449804900048274,0.0125158460155529,0.3430171365741264,0.9708936264632672,-0.0423312471459487,-0.11922487326506372,0.9050972011777265
genus.FamilyXIIIUCG001.id.11294,MR Egger,-0.2392018062562148,0.3034558328057089,0.4605448806169588,-0.3829523206180689,1.1671107975589967,0.7539690321774162,0.1437505143618541,0.11920443157347223,0.9051133957979394
genus.RuminococcaceaeUCG010.id.11367,Egger Intercept,-0.013830050379029,0.0241087594112397,0.59691531657004,-0.0237718753746903,0.0813388434956374,0.7846219504193273,0.009941824995661302,0.11718799648591656,0.9067110787935682
genus.Senegalimassilia.id.11160,Inverse-Variance Weighted,0.0257465897838798,0.1003272938791934,0.7974675198826768,-0.0343378439583616,0.5158727058869103,0.9469298968162022,0.0600844337422414,0.11432937486636512,0.9089766973890272
order.Clostridiales.id.1863,Weighted Median,-0.0644021554575736,0.1212423173241694,0.5952902713657979,-0.1233856410421391,0.5016352162761775,0.8057078832734271,0.058983485584565495,0.1142915705570169,0.909006664434848
genus.Fusicatenibacter.id.11305,Weighted mode,-0.0715206188316258,0.1838465968476668,0.702088521029826,0.0099416384547352,0.727526868501526,0.9892563546614216,-0.081462257286361,-0.10855895074435264,0.9135523208221001
class.Mollicutes.id.3920,Egger Intercept,-0.0050731278204262,0.0257745071798167,0.847905420821222,0.0048483885712462,0.0879967997274703,0.9571461845378932,-0.009921516391672401,-0.10820263820674762,0.9138349522585494
phylum.Tenericutes.id.3919,Egger Intercept,-0.0050731278204262,0.0257745071798167,0.847905420821222,0.0048483885712462,0.0879967997274703,0.9571461845378932,-0.009921516391672401,-0.10820263820674762,0.9138349522585494
genus.RikenellaceaeRC9gutgroup.id.11191,Inverse-Variance Weighted,-0.0231301403732544,0.0465249936457193,0.6190796434687231,-0.0532797481489273,0.2761135215234173,0.8469877900449563,0.030149607775672903,0.10767493763043212,0.9142535507798246
genus.Streptococcus.id.1853,Weighted Median,0.0432700680649632,0.1221667345628491,0.7231975256900065,-0.0052854290798383,0.4450971058833913,0.9905255210699077,0.04855549714480151,0.10519903548974933,0.916217876044634
family.Enterobacteriaceae.id.3469,MR Egger,1.638866324222889,1.3000907343629946,0.263085527150473,1.3242354608319038,2.6947278967101633,0.6439415874290053,0.3146308633909851,0.1051589578863896,0.916249676957479
order.Enterobacteriales.id.3468,MR Egger,1.638866324222889,1.3000907343629946,0.263085527150473,1.3242354608319038,2.6947278967101633,0.6439415874290053,0.3146308633909851,0.1051589578863896,0.916249676957479
genus..Eubacteriumhalliigroup.id.11338,Egger Intercept,-0.0120846833956244,0.015664025512517,0.4553390533246121,-0.0180107228460246,0.0541947555923566,0.7453708516113873,0.005926039450400201,0.10504729848790224,0.916338277542978
family.Erysipelotrichaceae.id.2149,Weighted mode,-0.0635986853923944,0.2897044681874414,0.8299274645583868,0.0202395042264327,0.7863430305926928,0.9798887747821868,-0.0838381896188271,-0.10004414481705834,0.9203092787281315
genus.Coprococcus1.id.11301,Weighted mode,0.0781371700828539,0.1677304385100939,0.6513042090368866,0.0153636651904331,0.6087187377310763,0.9803606083498466,0.0627735048924208,0.09941879829053116,0.920805757827442
genus.Desulfovibrio.id.3173,Weighted Median,-0.0676270970397805,0.1056897283996757,0.5222607453869803,-0.0236921681507081,0.4351634492200549,0.956581187123065,-0.0439349288890724,-0.09810972976807364,0.9218451615649952
family.ClostridialesvadinBB60group.id.11286,Egger Intercept,-0.0138189374758708,0.0160580504176351,0.4050718220871485,-0.0071822940345374,0.0657558876283635,0.9146907687176292,-0.006636643441333399,-0.09804721630962805,0.9218948007639169
class.Erysipelotrichia.id.2147,Weighted mode,-0.0635986853923944,0.2579668961653912,0.8094325530148092,0.0202395042264327,0.8375737549806186,0.9811186226932526,-0.0838381896188271,-0.09566202991180164,0.9237889982886254
order.Clostridiales.id.1863,Egger Intercept,-0.0050174180574093,0.0264065781283977,0.8531057039903893,0.0052818356634111,0.1047930194397313,0.960794147818263,-0.0102992537208204,-0.0953026724607485,0.924074420001483
genus.RuminococcaceaeUCG002.id.11360,MR Egger,0.2120110123561797,0.1928899663844434,0.2854444408845434,0.1475355323647118,0.6563452847978,0.8245475592132206,0.06447547999146788,0.09424833042333916,0.9249118934783167
genus.Lachnospira.id.2004,Inverse-Variance Weighted,0.2503380378812513,0.150806699406422,0.0969158974176061,0.1975216379051632,0.5462145636937489,0.7176366636103593,0.05281639997608811,0.09320803881370286,0.9257382881441463
genus.Terrisporobacter.id.11348,Weighted Median,-0.0417118386159375,0.1097336778671999,0.7038571994218935,0.0036815168790637,0.4815044455784174,0.9938995436377944,-0.045393355495001196,-0.09191725814925246,0.9267637794885797
genus.Senegalimassilia.id.11160,MR Egger,0.6408754187779491,0.3852179116493275,0.1947663004862448,0.4340057032054945,2.2574447410703167,0.8598202504666597,0.2068697155724546,0.09033310935469427,0.928022510234876
genus.RuminococcaceaeNK4A214group.id.11358,MR Egger,0.3653168068898503,0.2743942369242569,0.2100043111410186,0.4656443071231579,1.081308877848815,0.6750536969606377,-0.10032750023330761,-0.08993295460953046,0.9283404932577657
order.Gastranaerophilales.id.1591,Weighted mode,-0.0050995678593778,0.1325686395353452,0.9702576576264066,-0.0741792693197465,0.76273914135998,0.92491724269634,0.0690797014603687,0.0892301963400369,0.9288989678779533
genus.Flavonifractor.id.2059,Egger Intercept,0.0107770503162989,0.0464468406249827,0.8314419447353847,-0.0025799266299929,0.1463543748500705,0.987042502029568,0.0133569769462918,0.08698907539404348,0.9306801957615898
order.Erysipelotrichales.id.2148,Weighted mode,-0.0635986853923944,0.2758676991821595,0.8215552682967665,0.0202395042264327,0.9242755585220408,0.982889470512664,-0.0838381896188271,-0.08691800960794399,0.9307366840990772
genus.Erysipelatoclostridium.id.11381,Weighted mode,0.0100929413877624,0.1380344613754404,0.9427458246786736,0.0629766956862463,0.5957881439662934,0.9173174691085964,-0.052883754298483895,-0.08647221687718112,0.931091041046999
genus.Victivallis.id.2256,Egger Intercept,-0.0144510834087339,0.0467149638630079,0.7641003820301142,-0.0007561441084882,0.1544398961432871,0.9962003469947552,-0.0136949393002457,-0.08487697967460843,0.9323591932912254
family.Christensenellaceae.id.1866,MR Egger,-0.1188306029802875,0.1463548051659512,0.4377757361927592,-0.0544363217666241,0.756593169317759,0.9442158209713982,-0.06439428121366339,-0.08356181023347035,0.9334048317168231
genus.RuminococcaceaeUCG002.id.11360,Egger Intercept,-0.0147359838902815,0.0146634698250255,0.3275509875793054,-0.0104249989326864,0.0499343750909503,0.8368465932233938,-0.004310984957595101,-0.08283528323151186,0.9339825135618116
class.Erysipelotrichia.id.2147,Weighted Median,0.0087395916089438,0.129919321185723,0.9463672564124518,0.0475394338908733,0.462344713293897,0.918103856748508,-0.038799842281929495,-0.0807906456659099,0.9356084474286692
class.Actinobacteria.id.419,MR Egger,0.8589496138103152,0.2738485646159064,0.0078723301884342,0.7847415536646692,0.8886021193723561,0.3932102182968834,0.07420806014564596,0.07980714317865727,0.9363906430136122
genus.Actinomyces.id.423,Inverse-Variance Weighted,0.0705934673484863,0.0771654308557687,0.3602794115358941,0.1042050120917239,0.4176397780066531,0.802966841635384,-0.033611544743237604,-0.07914022951363685,0.9369210853181176
genus.Ruminococcus2.id.11374,MR Egger,-0.0721733795119038,0.1675848241340481,0.6737643432568896,-0.0188463507388655,0.6589067687379981,0.9776160896538812,-0.053327028773038306,-0.07843543466825269,0.9374816875536949
genus.FamilyXIIIAD3011group.id.11293,Weighted Median,-0.227799264702227,0.1135105429051598,0.0447650443901017,-0.2688641362131577,0.514358803283798,0.6011711444774522,0.04106487151093069,0.0779611792458514,0.9378589334398708
order.Erysipelotrichales.id.2148,Weighted Median,0.0087395916089438,0.1425163413731021,0.9511016274222224,0.0475394338908733,0.4805511927910431,0.9211963203058976,-0.038799842281929495,-0.07740789539160495,0.9382990600164809
genus.Butyrivibrio.id.1993,MR Egger,0.2268092899773738,0.1782138750881645,0.2254225843444437,0.1763098583976441,0.6289262703586942,0.7836321481040709,0.05049943157972969,0.07725307138746858,0.9384222228905872
genus.Lactococcus.id.1851,MR Egger,0.1863979620865902,0.2442528644556752,0.4703144649317268,0.2589374057278925,0.9630275405685098,0.7957755769507708,-0.07253944364130227,-0.07301258298951716,0.941796104459083
genus.Butyricicoccus.id.2055,Weighted Median,0.1132163781552044,0.1431719700454847,0.4290770802898385,0.0759370924116115,0.4943281773213781,0.8779119221347508,0.03727928574359289,0.07243702011398154,0.9422541243720182
genus.LachnospiraceaeUCG004.id.11324,Weighted Median,-0.0942730881162342,0.1038939981014728,0.3641969669470677,-0.1352570846084764,0.556896719936879,0.8081011287084605,0.040983996492242214,0.07234533888554556,0.9423270839861961
family.Erysipelotrichaceae.id.2149,Weighted Median,0.0087395916089438,0.1503386117188875,0.953642915961193,0.0475394338908733,0.5176821897134393,0.9268320669984954,-0.038799842281929495,-0.0719755073607294,0.9426213995806008
order.Enterobacteriales.id.3468,Egger Intercept,-0.079321096193567,0.094773478654692,0.4407737049698416,-0.0941925524184853,0.1961852433020012,0.651410035814079,0.014871456224918297,0.06825600305676245,0.945581846881131
family.Enterobacteriaceae.id.3469,Egger Intercept,-0.079321096193567,0.094773478654692,0.4407737049698416,-0.0941925524184853,0.1961852433020012,0.651410035814079,0.014871456224918297,0.06825600305676245,0.945581846881131
genus.Alistipes.id.968,MR Egger,0.3186222701721425,0.5295400469899836,0.560769052488459,0.4558452231717896,1.9461588202844615,0.8195336942760308,-0.1372229529996471,-0.0680360556733453,0.9457569324914545
genus.Senegalimassilia.id.11160,Egger Intercept,-0.0575933445024219,0.0348225143711115,0.1967179894487125,-0.0439080346486339,0.2042542405989708,0.8435768275956841,-0.013685309853787998,-0.06604836019015149,0.9473393236170606
genus.Slackia.id.825,Inverse-Variance Weighted,0.1332361777896355,0.1283132572361584,0.2990994960198346,0.1100723869647053,0.3288459342547287,0.7378338449139277,0.02316379082493021,0.06562113626880331,0.9476794610717771
class.Verrucomicrobiae.id.4029,Weighted mode,-0.0366666157045288,0.1542834793826198,0.816945239446053,-0.0749847607495359,0.5634889065219425,0.896775958710913,0.0383181450450071,0.06558758061735488,0.9477061770542059
family.Lactobacillaceae.id.1836,Weighted mode,-0.0248395490555922,0.0679623694572556,0.7255401880604531,0.0028093491641069,0.4315993409903842,0.9949880985474862,-0.0276488982196991,-0.06328174123271527,0.9495421550042158
genus.Holdemanella.id.11393,Inverse-Variance Weighted,-0.0221920346635598,0.0589537168944265,0.7065961494575302,-0.0071322092810342,0.2334253213815497,0.975624776661452,-0.0150598253825256,-0.06255251894933972,0.9501228397153276
genus.FamilyXIIIAD3011group.id.11293,Egger Intercept,-0.0280680321621393,0.0397915681058535,0.4952422569844729,-0.0193134371101513,0.1349248979628424,0.8887663833281745,-0.008754595051988001,-0.06223490734125838,0.950375764318599
phylum.Cyanobacteria.id.1500,Weighted Median,-0.1560486787830044,0.0956298942406066,0.1027220278023135,-0.1845571044486952,0.4541152306439958,0.6844411572185731,0.028508425665690784,0.061430626810325954,0.951016261744446
class.Coriobacteriia.id.809,Weighted Median,0.0882903756378412,0.1178569089858446,0.4537776817089135,0.1162508042720336,0.4437477303640773,0.7933407291964417,-0.027960428634192402,-0.06089843796401276,0.9514400934629856
genus.Veillonella.id.2198,Weighted Median,0.2210412323542673,0.1359524606040977,0.1039769920412541,0.1901183521306376,0.4989466164870219,0.703173964249237,0.030922880223629684,0.05979628847874507,0.9523178816541307
order.Coriobacteriales.id.810,Weighted Median,0.0882903756378412,0.1170479421821043,0.4506633946334766,0.1162508042720336,0.4916093832332154,0.8130680888421706,-0.027960428634192402,-0.05532868877549076,0.9558766068286326
genus.Adlercreutzia.id.812,Weighted mode,0.0169455878961155,0.1447463493658423,0.910092031613622,0.0568929283436907,0.708979059264495,0.9382874234180802,-0.039947340447575204,-0.05520607684914568,0.955974287695293
family.Coriobacteriaceae.id.811,Weighted Median,0.0882903756378412,0.1092388661673517,0.4189568901631909,0.1162508042720336,0.4954867292291377,0.8145041427049446,-0.027960428634192402,-0.055106854039519794,0.9560533357102978
order.Verrucomicrobiales.id.4030,Weighted mode,-0.0366666157045288,0.1600918582937261,0.8234580052095715,-0.0749847607495359,0.6805098206180481,0.9144394271465353,0.0383181450450071,0.0548116757045622,0.9562884985201878
class.Melainabacteria.id.1589,Weighted Median,-0.0525643412768809,0.0862505587307242,0.5422343620695012,-0.0334133852165072,0.3487362620208577,0.9236692796918592,-0.019150956060373703,-0.05330907234542474,0.9574856517956272
genus.Lactobacillus.id.1837,Egger Intercept,0.0375242059541534,0.0385293871004802,0.3625457040278956,0.0331655223902064,0.0745149576034082,0.669695834724047,0.004358683563947002,0.05195912087124455,0.958561266207592
genus.Terrisporobacter.id.11348,Weighted mode,-0.0787428565588292,0.1159804253383623,0.5344333218043903,-0.0384906845289476,0.7783467009754184,0.9629299960653012,-0.04025217202988161,-0.051150222828641956,0.9592058163103174
genus.Veillonella.id.2198,Inverse-Variance Weighted,0.1427000701993718,0.099101795180012,0.1498859988420919,0.1221710491571659,0.3922072420994829,0.7554234629852171,0.020529021042205914,0.050747342547263,0.9595268513261128
genus.Blautia.id.1992,Weighted mode,-0.0243670268517499,0.245723741300737,0.9226451205022052,-0.0596326633856527,0.6510255982248926,0.92852874427814,0.0352656365339028,0.050679560263153234,0.9595808642627148
genus.Akkermansia.id.4037,Weighted mode,-0.0372852726409443,0.1702326585572306,0.8310359548529956,-0.071721114052567,0.6671377413365598,0.9165141285904234,0.034435841411622696,0.05001470854238639,0.9601106672691673
genus.Fusicatenibacter.id.11305,Inverse-Variance Weighted,0.0459550443548805,0.0778760549377942,0.5551203003377577,0.0305945528658718,0.3079091167075827,0.9208506281418012,0.015360491489008702,0.04836356212432968,0.96142649851758
genus.Coprobacter.id.949,Weighted mode,-0.008683387445884,0.131041923780978,0.948473570169606,0.021456093976284,0.6101249901273225,0.9726388731804418,-0.030139481422168,-0.04829744382722172,0.9614791917087013
family.Verrucomicrobiaceae.id.4036,Weighted mode,-0.0366492409453473,0.1630442362504833,0.826676254680537,-0.0736236556934266,0.7558351419382899,0.9243278330103318,0.036974414748079304,0.04781871048382889,0.9618607248036344
genus.Desulfovibrio.id.3173,Inverse-Variance Weighted,-0.0843625112104886,0.0984360321446353,0.3914289867672816,-0.0993440479899589,0.3043539406992482,0.7441144753192641,0.014981536779470297,0.046835378332705,0.9626444321288727
genus.RuminococcaceaeUCG002.id.11360,Inverse-Variance Weighted,0.0329684357773139,0.0739440194808266,0.6557007687516675,0.0209935599656332,0.2518102075998048,0.93355689057382,0.011974875811680698,0.0456285584650045,0.9636063065084948
genus..Eubacteriumeligensgroup.id.14372,Weighted Median,-0.001659695423776,0.1455708890446804,0.99090328654385,0.0224154215549027,0.5106575444814463,0.9649879313006458,-0.0240751169786787,-0.04533912202768566,0.9638370046171143
genus.Coprococcus3.id.11303,Inverse-Variance Weighted,0.0366963863634818,0.1208066600942407,0.76130976355429,0.0143348890381603,0.5257025979307853,0.9782459332515138,0.0223614973253215,0.041455878638190134,0.9669324663393277
class.Mollicutes.id.3920,MR Egger,0.0404885880872258,0.29531146391719,0.8936691888749521,-0.0013936634069041,1.008285291691208,0.9989243403021332,0.0418822514941299,0.03986349431780265,0.9682019552696255
phylum.Tenericutes.id.3919,MR Egger,0.0404885880872258,0.29531146391719,0.8936691888749521,-0.0013936634069041,1.008285291691208,0.9989243403021332,0.0418822514941299,0.03986349431780265,0.9682019552696255
genus.Catenibacterium.id.2153,Inverse-Variance Weighted,0.0197828402077144,0.0730997944448907,0.7866772736528954,0.0022280830433481,0.4526282804199933,0.9960723932687944,0.017554757164366303,0.03828794029033779,0.9694581059912413
genus.Ruminiclostridium9.id.11357,Weighted mode,-0.1729757880589072,0.2506284963512908,0.5096114223874723,-0.2100453688728962,0.9728078678160176,0.8344563091688351,0.037069580813989006,0.03690078067559524,0.9705641172836217
family.Victivallaceae.id.2255,Weighted Median,-0.038764984567366,0.0612935314438798,0.5270940365920631,-0.0484573213528339,0.2615656139537468,0.8530260826641932,0.009692336785467902,0.036077772130455314,0.9712203460576618
genus.Terrisporobacter.id.11348,Egger Intercept,-0.0040690881996309,0.0395222538024819,0.9244935731654224,-3.91902666366648e-05,0.1120564753540449,0.999742906711275,-0.004029897932994235,-0.0339154257089578,0.9729445923277948
genus..Eubacteriumfissicatenagroup.id.14373,MR Egger,-0.3099370137715343,0.3538230035055409,0.4100982167435519,-0.3470762185809843,1.1120960876350552,0.7640616113086262,0.03713920480944999,0.03182381709726306,0.9746125529566625
genus.Odoribacter.id.952,Inverse-Variance Weighted,-0.0224729974689055,0.1803056131473603,0.9008098514923274,-0.0098771624734854,0.4351637142201512,0.9818915075820008,-0.012595834995420099,-0.026740545351339243,0.9786666741701731
genus.Barnesiella.id.944,Inverse-Variance Weighted,-0.0041585921752373,0.0952043279286528,0.9651589196116918,0.0047435112815628,0.3252191100302762,0.988362798777634,-0.0089021034568001,-0.02627014276277886,0.9790418693128049
class.Alphaproteobacteria.id.2379,Weighted Median,0.0231292358074493,0.1081119305285663,0.8305955102451427,0.0345102693619976,0.4292195024711693,0.9359172344006764,-0.011381033554548302,-0.025712541762958136,0.979486620284785
order.Actinomycetales.id.420,Inverse-Variance Weighted,0.0827021704145535,0.0912148614702232,0.3645790593472257,0.0918797842445705,0.3588889062549985,0.7979417487076562,-0.009177613830017,-0.024784328891268588,0.9802269909530235
family.Alcaligenaceae.id.2875,MR Egger,-0.2426486638135521,0.6713660344847575,0.7261208665148993,-0.1978452055893624,1.801554515561674,0.9149625505235456,-0.04480345822418971,-0.023303765863810163,0.9814079678058172
genus.Ruminiclostridium5.id.11355,MR Egger,-0.0798989272743421,0.4437025492374853,0.8610844112984067,-0.1187395868067953,1.6195578555292536,0.943158202128965,0.038840659532453206,0.023129933984963016,0.9815466282024032
family.Actinomycetaceae.id.421,Inverse-Variance Weighted,0.0826043393978677,0.0911849469840694,0.3649893885096993,0.0909763035409037,0.3587678635509732,0.799820159857144,-0.00837196414303601,-0.022616270892422678,0.9819563648521044
genus.Oxalobacter.id.2978,Weighted mode,-0.0592345163257092,0.1037748142352298,0.5807355486024515,-0.0503360884783927,0.4565674349426741,0.9143931425534434,-0.008898427847316495,-0.019005101379379295,0.9848370358333671
genus.Streptococcus.id.1853,Weighted mode,-0.001962987167926,0.2108629699582972,0.99269504400671,0.0100666962212603,0.6675409463931068,0.988166896888455,-0.0120296833891863,-0.017183962589249188,0.9862898563013998
family.Peptococcaceae.id.2024,MR Egger,0.0980321324034471,0.2214070781018496,0.6696605770619639,0.1079207677692535,0.8221192118876918,0.8988017991843025,-0.009888635365806392,-0.011614405527761803,0.9907332534856899
class.Bacteroidia.id.912,MR Egger,-0.4576007259325545,0.2263362265725804,0.0707703530100991,-0.4469430978303704,0.8900546563333233,0.6264321191815767,-0.010657628102184125,-0.011604788481616586,0.9907409262612334
order.Bacteroidales.id.913,MR Egger,-0.4576007259325545,0.2263362265725804,0.0707703530100991,-0.4469430978303704,0.8900546563333233,0.6264321191815767,-0.010657628102184125,-0.011604788481616586,0.9907409262612334
genus.Lactococcus.id.1851,Weighted mode,0.0251952579331688,0.1130194144701101,0.8291777369743729,0.0198097204354594,0.4529945313653719,0.9661909657919104,0.005385537497709401,0.011535151071329568,0.9907964851569464
genus.Butyricicoccus.id.2055,MR Egger,0.2327216779256492,0.3339243540233713,0.5119312427744561,0.2229969097737179,0.783871889791716,0.7856047872189211,0.009724768151931323,0.011413602057522398,0.9908934608542002
class.Erysipelotrichia.id.2147,Inverse-Variance Weighted,0.0766778205223368,0.1122965481980507,0.4947234519830181,0.0724081885343273,0.3758341664444242,0.8472252976519355,0.0042696319880095035,0.01088491367517863,0.9913152669297185
family.Erysipelotrichaceae.id.2149,Inverse-Variance Weighted,0.0766778205223368,0.1122965481980507,0.4947234519830181,0.0724081885343273,0.3758341664444242,0.8472252976519355,0.0042696319880095035,0.01088491367517863,0.9913152669297185
order.Erysipelotrichales.id.2148,Inverse-Variance Weighted,0.0766778205223368,0.1122965481980507,0.4947234519830181,0.0724081885343273,0.3758341664444242,0.8472252976519355,0.0042696319880095035,0.01088491367517863,0.9913152669297185
family.Peptococcaceae.id.2024,Weighted mode,-0.0117681873299748,0.1585737312748748,0.9424644272498512,-0.0058714668569166,0.5686803380602452,0.9919874524252568,-0.0058967204730582005,-0.009988088608911596,0.9920307908111659
genus.Alloprevotella.id.961,Weighted mode,-0.0646834657829757,0.0945314395905074,0.5314010379352205,-0.0683596349241029,0.4105735742738198,0.8758425554263285,0.0036761691411272,0.008725451782662836,0.9930381850745953
genus.Paraprevotella.id.962,MR Egger,-0.0316731935089246,0.2409117952797839,0.8977756216303352,-0.038858367694308,0.8769611535381581,0.965451246010938,0.007185174185383399,0.007900570613735341,0.9936963222640629
genus.Tyzzerella3.id.11335,Inverse-Variance Weighted,-0.0136392353432647,0.0510584210554628,0.7893690800959454,-0.0154194430956441,0.2378349759309612,0.9483073411206544,0.0017802077523794008,0.007318312591208288,0.9941608834939997
genus.Victivallis.id.2256,MR Egger,0.1562271325398016,0.3485525789498859,0.6645922798142099,0.1636015643662212,1.1520717528693365,0.8902030216184917,-0.007374431826419586,-0.006126756327159122,0.9951115863016251
family.Clostridiaceae1.id.1869,MR Egger,0.214358326503799,0.2647618539544076,0.4415684357130436,0.2098809958178317,1.0448698816585755,0.8458145923630735,0.0044773306859672846,0.004153782800157922,0.9966857703653991
phylum.Lentisphaerae.id.2238,Weighted Median,0.0658457303974066,0.0732140310157684,0.3684612327190484,0.0665622325620788,0.3126839757399616,0.8314253824956225,-0.0007165021646722003,-0.0022311137202464188,0.9982198302861285
genus.Dialister.id.2183,Inverse-Variance Weighted,-0.029584164881308,0.0824650817168873,0.7197837821173141,-0.0292113735774469,0.3267681760608289,0.928768161198562,-0.0003727913038610968,-0.0011061621583236246,0.9991174104721179
genus.Intestinimonas.id.2062,Weighted mode,-0.1763755024490356,0.1915400424204979,0.372735629853781,-0.1756986616109515,0.5966546506048135,0.7727176917934299,-0.000676840838084114,-0.0010801019556302715,0.9991382034930745
