exposure,outcome,method,nSNP,mean_F,b,se,or,or_lci95,or_uci95,pval,Q,Q_pval
class.Actinobacteria.id.419,adeno,Inverse-Variance Weighted,15,25.177929896516922,0.290854339475306,0.10722144595064673,1.337569738649799,1.0840459651702388,1.6503846361078718,0.006674740659480654,30.351494110721127,0.006824791784712099
class.Actinobacteria.id.419,adeno,MR Egger,15,25.177929896516922,0.8589496138103152,0.27384856461590645,2.360679765543563,1.3801696510589734,4.037770973424115,0.007872330188434232,22.05512710782597,0.054513486040163844
class.Actinobacteria.id.419,adeno,Egger Intercept,15,25.177929896516922,-0.043056821033974235,0.01947067871276576,0.9578569620977327,0.9219914292334498,0.9951176667682313,0.04553628164090829,22.05512710782597,0.054513486040163844
class.Actinobacteria.id.419,adeno,Weighted mode,15,25.177929896516922,0.040675409993326195,0.3054009413526971,1.041513985641727,0.572403890182072,1.8950803809916006,0.8959410350109162,,
class.Actinobacteria.id.419,adeno,Weighted Median,15,25.177929896516922,0.24666298171499146,0.10946044673729512,1.2797477417032306,1.0326419374703466,1.5859846699684792,0.02423117089322981,,
class.Actinobacteria.id.419,neuro,Inverse-Variance Weighted,15,25.177929896516922,-0.0486418734388565,0.3073175702419474,0.9525221921201804,0.5215321741152809,1.73967891438445,0.8742370686024994,15.881074398934146,0.3206908015472668
class.Actinobacteria.id.419,neuro,MR Egger,15,25.177929896516922,0.7847415536646692,0.8886021193723561,2.191840394407894,0.3840745516542528,12.508416123552236,0.3932102182968834,14.747674987491017,0.32336864966644935
class.Actinobacteria.id.419,neuro,Egger Intercept,15,25.177929896516922,-0.06306549557541613,0.06309434326676015,0.9388819790598758,0.8296673776119791,1.0624732204616714,0.3357743484768879,14.747674987491017,0.32336864966644935
class.Actinobacteria.id.419,neuro,Weighted mode,15,25.177929896516922,-0.22380961811217803,0.5065071299212316,0.799467323980224,0.296246443177197,2.157487513629995,0.6653330761878206,,
class.Actinobacteria.id.419,neuro,Weighted Median,15,25.177929896516922,-0.2005720231372013,0.396843083841035,0.8182625540671832,0.3759179161766899,1.7811165112807352,0.6132645969788403,,
class.Alphaproteobacteria.id.2379,adeno,Inverse-Variance Weighted,7,21.5343766534251,0.04106404212317801,0.08798403257661791,1.0419188301029245,0.8768804071772847,1.2380192779282444,0.6406991253578864,2.719810562971374,0.8431018020117627
class.Alphaproteobacteria.id.2379,adeno,MR Egger,7,21.5343766534251,-0.22632204277833082,0.32979361332196033,0.7974612436737397,0.4178145835511085,1.522073331564016,0.5230743299551194,2.0120947456123766,0.8474689788307268
class.Alphaproteobacteria.id.2379,adeno,Egger Intercept,7,21.5343766534251,0.02515902695997973,0.029906417332906752,1.0254781862366458,0.9670959626045131,1.0873848626304803,0.4385729341858044,2.0120947456123766,0.8474689788307268
class.Alphaproteobacteria.id.2379,adeno,Weighted mode,7,21.5343766534251,0.03489433293790334,0.12123976596164938,1.0355102836889618,0.8164940871118676,1.3132753372636259,0.7831729515728862,,
class.Alphaproteobacteria.id.2379,adeno,Weighted Median,7,21.5343766534251,0.02312923580744934,0.11000314366733863,1.0233987907703044,0.8249133522157341,1.2696425414098718,0.8334649314461243,,
class.Alphaproteobacteria.id.2379,neuro,Inverse-Variance Weighted,7,21.5343766534251,0.16245978315685364,0.3465658989643712,1.1764010063625754,0.5964204671759291,2.320375312275557,0.6392338668670228,3.2611912350144854,0.7754223833301674
class.Alphaproteobacteria.id.2379,neuro,MR Egger,7,21.5343766534251,1.00101147402176,1.2962394775154147,2.721032690890768,0.21446303168839845,34.52352065811434,0.47487024713657916,2.8104791458112506,0.7291761405112168
class.Alphaproteobacteria.id.2379,neuro,Egger Intercept,7,21.5343766534251,-0.07901521690996621,0.11769584549903754,0.9240258635197335,0.7336677026309272,1.1637745445132492,0.531759390428965,2.8104791458112506,0.7291761405112168
class.Alphaproteobacteria.id.2379,neuro,Weighted mode,7,21.5343766534251,-0.30104332243277643,0.683668519955742,0.7400457114716398,0.1937796439255559,2.82623935090913,0.6751145410911924,,
class.Alphaproteobacteria.id.2379,neuro,Weighted Median,7,21.5343766534251,0.03451026936199765,0.49256985048480645,1.0351126582681291,0.3941882714138841,2.7181382425808374,0.9441445696891492,,
class.Bacilli.id.1673,adeno,Inverse-Variance Weighted,18,21.538374757072077,-0.007225408208929559,0.07629984564152945,0.9928006322974552,0.8548980083277883,1.1529481714645706,0.9245550665356589,18.33433633562464,0.36804832787340097
class.Bacilli.id.1673,adeno,MR Egger,18,21.538374757072077,-0.060755394984425296,0.21603261241707766,0.9410533980070095,0.6162026974199695,1.437159398374032,0.7821365746829867,18.25364212918508,0.30925485909628386
class.Bacilli.id.1673,adeno,Egger Intercept,18,21.538374757072077,0.0042206163000068474,0.01586972747650144,1.0042295356449455,0.9734741097379064,1.0359566322037888,0.7936713210892933,18.25364212918508,0.30925485909628386
class.Bacilli.id.1673,adeno,Weighted mode,18,21.538374757072077,-0.19312323731004766,0.16029432673051508,0.8243803734590583,0.6021190367821669,1.12868545690968,0.24478416146589366,,
class.Bacilli.id.1673,adeno,Weighted Median,18,21.538374757072077,-0.12832889166905373,0.09766055026328317,0.879564050279789,0.7263352672133253,1.0651182084448758,0.18883611285617963,,
class.Bacilli.id.1673,neuro,Inverse-Variance Weighted,18,21.538374757072077,0.16153443847037685,0.31781772104014455,1.1753129334410597,0.6304078457992927,2.191217163172208,0.611270127543798,20.252264773883606,0.2615301583451827
class.Bacilli.id.1673,neuro,MR Egger,18,21.538374757072077,1.2220215589777652,0.8590197598846732,3.394042059271092,0.6302383672792707,18.2780390692981,0.1740626608410257,18.251490497673707,0.3093772842119703
class.Bacilli.id.1673,neuro,Egger Intercept,18,21.538374757072077,-0.08345668120787933,0.06301605909741902,0.919930936105102,0.8130455393529185,1.040867806588959,0.2039872084950955,18.251490497673707,0.3093772842119703
class.Bacilli.id.1673,neuro,Weighted mode,18,21.538374757072077,0.3256513742518754,0.7514973479235076,1.3849324615851963,0.31749810547400553,6.041100372201957,0.6702185834638982,,
class.Bacilli.id.1673,neuro,Weighted Median,18,21.538374757072077,0.10201408394968015,0.4452475825346936,1.1073990681708552,0.46270240847584304,2.6503702460189453,0.8187774683168487,,
class.Bacteroidia.id.912,adeno,Inverse-Variance Weighted,12,21.294929964886705,-0.21438396058799006,0.09645725858368018,0.8070384545664031,0.6680179814883821,0.974990322412834,0.02624414329630933,9.008210293340266,0.6211344472514024
class.Bacteroidia.id.912,adeno,MR Egger,12,21.294929964886705,-0.4576007259325545,0.2263362265725804,0.6328000864380423,0.4060740568358148,0.9861155684661218,0.0707703530100991,7.597221947815299,0.6681135600238929
class.Bacteroidia.id.912,adeno,Egger Intercept,12,21.294929964886705,0.018424349254695042,0.015510665937745225,1.0185951247744205,0.988094877503217,1.0500368454858622,0.2623395109749529,7.597221947815299,0.6681135600238929
class.Bacteroidia.id.912,adeno,Weighted mode,12,21.294929964886705,-0.16180711479288779,0.17201178433523767,0.850605257889331,0.6071677225982233,1.1916465217433025,0.36707041614798497,,
class.Bacteroidia.id.912,adeno,Weighted Median,12,21.294929964886705,-0.20317165951838598,0.13490834975230814,0.8161381315217612,0.6265090715432857,1.0631632963957998,0.13206777346188814,,
class.Bacteroidia.id.912,neuro,Inverse-Variance Weighted,12,21.294929964886705,0.34716028933612164,0.38056814213344664,1.4150435235802536,0.6711562758208145,2.9834306044111365,0.3616551044926598,6.324057002363427,0.8508910775904545
class.Bacteroidia.id.912,neuro,MR Egger,12,21.294929964886705,-0.44694309783037045,0.8900546563333233,0.6395803007461506,0.11175456186721348,3.660369243705541,0.6264321191815767,5.349954272483332,0.8666091026568052
class.Bacteroidia.id.912,neuro,Egger Intercept,12,21.294929964886705,0.06031003056457544,0.06110646609375733,1.0621657993659535,0.9422745024516141,1.1973115927549447,0.3469371738226581,5.349954272483332,0.8666091026568052
class.Bacteroidia.id.912,neuro,Weighted mode,12,21.294929964886705,-0.043470603653348094,0.8864504628316434,0.9574606995239072,0.16848416484221873,5.441051341479514,0.9617673368023241,,
class.Bacteroidia.id.912,neuro,Weighted Median,12,21.294929964886705,0.06843321573466049,0.44896990186001257,1.0708291080276195,0.44417005109599234,2.581612550800757,0.8788535347912311,,
class.Betaproteobacteria.id.2867,adeno,Inverse-Variance Weighted,10,21.77315767291043,-0.18223302467842417,0.10039382527415915,0.8334071133621782,0.6845422431933568,1.0146450763397081,0.06949600594644727,6.1544125584722575,0.7243700844689109
class.Betaproteobacteria.id.2867,adeno,MR Egger,10,21.77315767291043,-0.014098125178233705,0.31909429789699906,0.986000788012765,0.5275440294010318,1.8428747171408932,0.9658424692200319,5.8462737872486334,0.6644467141488808
class.Betaproteobacteria.id.2867,adeno,Egger Intercept,10,21.77315767291043,-0.012153917784181067,0.02189490781586431,0.9879196427567218,0.946420848678417,1.0312380817766595,0.5940015131957732,5.8462737872486334,0.6644467141488808
class.Betaproteobacteria.id.2867,adeno,Weighted mode,10,21.77315767291043,-0.22575196356588711,0.18407060965880193,0.7979159893597032,0.556253942160249,1.144567036421035,0.2511506364044956,,
class.Betaproteobacteria.id.2867,adeno,Weighted Median,10,21.77315767291043,-0.23140983597514186,0.12820956108250145,0.7934142296984996,0.6171145748141621,1.0200798451043438,0.07108496167729861,,
class.Betaproteobacteria.id.2867,neuro,Inverse-Variance Weighted,10,21.77315767291043,0.03452339652014965,0.3961582537764844,1.0351262464448863,0.47618598280578,2.250142559353962,0.9305558844074842,3.342384936563426,0.9491616673127727
class.Betaproteobacteria.id.2867,neuro,MR Egger,10,21.77315767291043,0.904203951237002,1.2573130063138713,2.4699649277238804,0.21010885169798826,29.03602915766373,0.4925142213566477,2.811204995791828,0.9456408946441375
class.Betaproteobacteria.id.2867,neuro,Egger Intercept,10,21.77315767291043,-0.06296278217561989,0.08638992105287696,0.9389784197727444,0.7927185586716504,1.1122238317169493,0.48689621061291655,2.811204995791828,0.9456408946441375
class.Betaproteobacteria.id.2867,neuro,Weighted mode,10,21.77315767291043,0.1961522121060093,0.7077051985778295,1.2167120895498764,0.3039323980602896,4.8707815234727585,0.787913103396252,,
class.Betaproteobacteria.id.2867,neuro,Weighted Median,10,21.77315767291043,0.1456035566342393,0.5239335221717604,1.1567375162238687,0.41424149795937637,3.230100528390285,0.7810855622858699,,
class.Clostridia.id.1859,adeno,Inverse-Variance Weighted,11,21.193997962452816,-0.027462884616931506,0.09704528901610798,0.9729107918400755,0.8043895187323737,1.1767376213088232,0.7771842003008183,8.355791030542187,0.5941268389470239
class.Clostridia.id.1859,adeno,MR Egger,11,21.193997962452816,0.005627629555393475,0.43427974984774165,1.0056434944091446,0.4293165814340315,2.3556482129559524,0.9899435844394695,8.349679995122163,0.4993268765075808
class.Clostridia.id.1859,adeno,Egger Intercept,11,21.193997962452816,-0.002174031847450416,0.02781048106363898,0.9978283296481543,0.9448939549850889,1.0537281672673393,0.9394007796152417,8.349679995122163,0.4993268765075808
class.Clostridia.id.1859,adeno,Weighted mode,11,21.193997962452816,0.04300822401029469,0.1862256849827672,1.04394648024191,0.7247024526143119,1.5038230513475015,0.822012659471081,,
class.Clostridia.id.1859,adeno,Weighted Median,11,21.193997962452816,0.0034973282270174093,0.12032455338191676,1.0035034510151002,0.7926775215167219,1.270402085166196,0.9768121197126627,,
class.Clostridia.id.1859,neuro,Inverse-Variance Weighted,11,21.193997962452816,0.11101442515486652,0.38293532095637384,1.1174110255652938,0.5275356653288803,2.366868217860617,0.7718897935651476,7.567871295660397,0.6709644912547219
class.Clostridia.id.1859,neuro,MR Egger,11,21.193997962452816,-0.4136210977507797,1.711667230732926,0.6612514534680107,0.023086924285029446,18.93944292081776,0.8144687384012282,7.468975826905824,0.5884132033827214
class.Clostridia.id.1859,neuro,Egger Intercept,11,21.193997962452816,0.03448802430199428,0.10966804945329625,1.0350896323810428,0.8348849461838241,1.283303228738323,0.7603270974230008,7.468975826905824,0.5884132033827214
class.Clostridia.id.1859,neuro,Weighted mode,11,21.193997962452816,-0.45173979195730807,0.600788885603213,0.6365197757431246,0.19606951627928018,2.066396819865531,0.46943216019233736,,
class.Clostridia.id.1859,neuro,Weighted Median,11,21.193997962452816,-0.2916741588045116,0.48650162737758423,0.7470119035733135,0.28787833141722186,1.9384119024626325,0.5488169920415713,,
class.Coriobacteriia.id.809,adeno,Inverse-Variance Weighted,16,20.68923366905193,0.2196471624561369,0.09162402473770861,1.2456371454899189,1.040877465207503,1.4906768088354698,0.01651792605299538,18.606902121154622,0.23210285037502917
class.Coriobacteriia.id.809,adeno,MR Egger,16,20.68923366905193,0.36219541088837015,0.38578306794389144,1.4364796182941892,0.6743949217957749,3.059740853741921,0.36372031413324457,18.41587775749767,0.1884906359350191
class.Coriobacteriia.id.809,adeno,Egger Intercept,16,20.68923366905193,-0.009813664482702898,0.025752477653707435,0.9902343323858802,0.9414928542313218,1.0414991772149855,0.7088669539145018,18.41587775749767,0.1884906359350191
class.Coriobacteriia.id.809,adeno,Weighted mode,16,20.68923366905193,-0.006265575881064356,0.18165046456501507,0.9937540119085511,0.6960731758710831,1.4187402566526142,0.9729392525632555,,
class.Coriobacteriia.id.809,adeno,Weighted Median,16,20.68923366905193,0.0882903756378412,0.126357326024657,1.092305254817236,0.8526808228763804,1.399270087576866,0.4847172141344702,,
class.Coriobacteriia.id.809,neuro,Inverse-Variance Weighted,16,20.68923366905193,0.3741803062744837,0.3440796703524296,1.4537992559541977,0.7406583340908787,2.8535860319552535,0.2768240313216521,16.730311107949003,0.33524040312216064
class.Coriobacteriia.id.809,neuro,MR Egger,16,20.68923366905193,-0.8081703594383781,1.4174447944682547,0.4456727416393943,0.02769891166601833,7.17083021294483,0.5776052719995506,15.890198819809054,0.3201256454576657
class.Coriobacteriia.id.809,neuro,Egger Intercept,16,20.68923366905193,0.08141314376421842,0.09462949109792336,1.084818990197948,0.901170631845199,1.3058928019929625,0.4040970169810354,15.890198819809054,0.3201256454576657
class.Coriobacteriia.id.809,neuro,Weighted mode,16,20.68923366905193,-0.19595825723505733,0.6606313399933665,0.8220465484578497,0.22519340153276277,3.000800748298788,0.7708222274958646,,
class.Coriobacteriia.id.809,neuro,Weighted Median,16,20.68923366905193,0.11625080427203363,0.4963718648094926,1.1232775596181976,0.42458712588091996,2.9717162839640254,0.8148289118780798,,
class.Deltaproteobacteria.id.3087,adeno,Inverse-Variance Weighted,13,21.057277222938982,-0.10321541461136807,0.0800737107061106,0.9019326630795206,0.7709283140746981,1.0551986661770145,0.19739634336100675,11.884465674501493,0.45500247002078875
class.Deltaproteobacteria.id.3087,adeno,MR Egger,13,21.057277222938982,-0.13741585236861256,0.2184404725127886,0.8716076906340601,0.5680424208278422,1.3374000576669667,0.542142196532827,11.853577907033667,0.37474940862876566
class.Deltaproteobacteria.id.3087,adeno,Egger Intercept,13,21.057277222938982,0.002697481891941916,0.015932857247405483,1.002701123369758,0.9718722450313635,1.0345079283280991,0.868631515084699,11.853577907033667,0.37474940862876566
class.Deltaproteobacteria.id.3087,adeno,Weighted mode,13,21.057277222938982,-0.14071906409406432,0.15433511294873412,0.8687333358052071,0.641968600431422,1.1755989439858325,0.3798389761466565,,
class.Deltaproteobacteria.id.3087,adeno,Weighted Median,13,21.057277222938982,-0.13653725791098675,0.10856377284402724,0.8723738168281063,0.70516585206202,1.0792299060736488,0.20851160029441662,,
class.Deltaproteobacteria.id.3087,neuro,Inverse-Variance Weighted,13,21.057277222938982,-0.009858020228552193,0.3661068583391963,0.9901904107775967,0.48315031499623995,2.0293416337802372,0.9785182615774987,16.081188895258173,0.18754570161410353
class.Deltaproteobacteria.id.3087,neuro,MR Egger,13,21.057277222938982,0.588588321752759,0.983446603170835,1.8014435608740749,0.26211628954695987,12.380760114618012,0.5616308597755231,15.47171012864026,0.1619038724887517
class.Deltaproteobacteria.id.3087,neuro,Egger Intercept,13,21.057277222938982,-0.04723400906558919,0.07175436675356135,0.9538641586109619,0.8287203060709829,1.0979058029798845,0.5239004548653303,15.47171012864026,0.1619038724887517
class.Deltaproteobacteria.id.3087,neuro,Weighted mode,13,21.057277222938982,0.7203241696609082,0.6144706576817826,2.0550993035188583,0.6162895856155082,6.853001001315994,0.2638370321053648,,
class.Deltaproteobacteria.id.3087,neuro,Weighted Median,13,21.057277222938982,0.5182837216934415,0.38917006424675893,1.6791432980158025,0.783104129293302,3.600443555080999,0.18293687250515922,,
class.Erysipelotrichia.id.2147,adeno,Inverse-Variance Weighted,13,21.71338902913281,0.07667782052233688,0.1122965481980507,1.079694165048531,0.8663871508196997,1.3455179811207074,0.49472345198301815,16.751949207740772,0.15916878896784942
class.Erysipelotrichia.id.2147,adeno,MR Egger,13,21.71338902913281,0.022879328293336765,0.507598418178721,1.0231430676774493,0.37832049533831713,2.76702359463843,0.9648564349399442,16.733897935486166,0.11599694827166948
class.Erysipelotrichia.id.2147,adeno,Egger Intercept,13,21.71338902913281,0.0033564331957428514,0.030812455882417464,1.0033620723249967,0.9445600831680274,1.0658246797850595,0.9152189031002425,16.733897935486166,0.11599694827166948
class.Erysipelotrichia.id.2147,adeno,Weighted mode,13,21.71338902913281,-0.06359868539239444,0.25579310140508593,0.9383815101836075,0.5683867670135735,1.549226529817221,0.8078486336693178,,
class.Erysipelotrichia.id.2147,adeno,Weighted Median,13,21.71338902913281,0.008739591608943886,0.13590353491027155,1.0087778933388707,0.7728801120349111,1.316676185922149,0.9487255279316842,,
class.Erysipelotrichia.id.2147,neuro,Inverse-Variance Weighted,13,21.71338902913281,0.07240818853432737,0.37583416644442424,1.075094095594194,0.5146713292429194,2.2457581153426953,0.8472252976519355,7.419648376555459,0.8286823068955027
class.Erysipelotrichia.id.2147,neuro,MR Egger,13,21.71338902913281,-0.803296010225869,1.627071900024145,0.4478504092612203,0.01845616285346324,10.867372089632715,0.6312229779134324,7.113653292661746,0.789806327937279
class.Erysipelotrichia.id.2147,neuro,Egger Intercept,13,21.71338902913281,0.05462752662816538,0.09875391295346465,1.0561471547114945,0.8702888223093668,1.2816972754461864,0.5912131575785339,7.113653292661746,0.789806327937279
class.Erysipelotrichia.id.2147,neuro,Weighted mode,13,21.71338902913281,0.020239504226432725,0.7733760785736599,1.0204457118223753,0.22411911394492562,4.64623223092236,0.9795516589293164,,
class.Erysipelotrichia.id.2147,neuro,Weighted Median,13,21.71338902913281,0.047539433890873395,0.5154430191471531,1.0486875541364948,0.3818494402122042,2.8800502773805956,0.9265151115724134,,
class.Gammaproteobacteria.id.3303,adeno,Inverse-Variance Weighted,7,21.523518980214032,0.0511007816014383,0.13580868006007685,1.0524289534139843,0.8064735069912513,1.3733950246130897,0.7067159086031538,7.602018788378276,0.2687336823910658
class.Gammaproteobacteria.id.3303,adeno,MR Egger,7,21.523518980214032,-0.49389117533329197,0.4044955858689285,0.6102471894242893,0.2761799801947297,1.34840198025096,0.2765148106799587,5.422888049170794,0.36647559118320533
class.Gammaproteobacteria.id.3303,adeno,Egger Intercept,7,21.523518980214032,0.04231698396081353,0.029854058579132006,1.043225111973294,0.9839334947459235,1.1060896290889286,0.2155403040899925,5.422888049170794,0.36647559118320533
class.Gammaproteobacteria.id.3303,adeno,Weighted mode,7,21.523518980214032,0.023629631724400912,0.23268792112670478,1.0239110234955129,0.6489246350937762,1.6155863521564797,0.9224219157376798,,
class.Gammaproteobacteria.id.3303,adeno,Weighted Median,7,21.523518980214032,-0.0036902373474041947,0.1575196963403474,0.9963165632106397,0.7316676909761988,1.3566906211253646,0.9813095494248008,,
class.Gammaproteobacteria.id.3303,neuro,Inverse-Variance Weighted,7,21.523518980214032,0.4897716836154691,0.701203453880622,1.631943577959383,0.4128846239314045,6.450324587736006,0.48488143424778773,13.26683509050047,0.03898894041947548
class.Gammaproteobacteria.id.3303,neuro,MR Egger,7,21.523518980214032,1.9870343340193855,2.3976466107713663,7.29387047162046,0.06638042812568366,801.4492819487065,0.44499550627154444,12.214751614587747,0.03196077578359883
class.Gammaproteobacteria.id.3303,neuro,Egger Intercept,7,21.523518980214032,-0.11623389484217038,0.17711894175996565,0.8902669700912876,0.629149091666889,1.259757485996913,0.5406595042400072,12.214751614587747,0.03196077578359883
class.Gammaproteobacteria.id.3303,neuro,Weighted mode,7,21.523518980214032,0.16877068472775836,0.8904308349077625,1.1838486332233369,0.20670269964426094,6.780257775040022,0.8559203587989923,,
class.Gammaproteobacteria.id.3303,neuro,Weighted Median,7,21.523518980214032,0.47784153222668435,0.6840105818250837,1.6125899196010156,0.4219707803794042,6.162621607260782,0.48480959281573743,,
class.Lentisphaeria.id.2250,adeno,Inverse-Variance Weighted,8,21.67710642190293,0.09054139388584241,0.0776336226004603,1.0947668233566534,0.9402396340083402,1.274690359959647,0.24350723081785663,11.610181826887366,0.11412919670522204
class.Lentisphaeria.id.2250,adeno,MR Egger,8,21.67710642190293,0.1738735603473932,0.2963165677050115,1.1899051051203373,0.6657061564360802,2.126875567399669,0.5787427170628152,11.446369067778392,0.07552241946591756
class.Lentisphaeria.id.2250,adeno,Egger Intercept,8,21.67710642190293,-0.01238147618306414,0.042252928153869586,0.9876948589212858,0.9091936098367263,1.0729740330167161,0.7793679226526573,11.446369067778392,0.07552241946591756
class.Lentisphaeria.id.2250,adeno,Weighted mode,8,21.67710642190293,0.012121582029040456,0.14517842759007282,1.012195346149119,0.7615281536318821,1.3453730027966782,0.9357959994335565,,
class.Lentisphaeria.id.2250,adeno,Weighted Median,8,21.67710642190293,0.060414881619691586,0.10049429076595509,1.0622771744095187,0.8723592741544998,1.2935413524034127,0.5477219336830352,,
class.Lentisphaeria.id.2250,neuro,Inverse-Variance Weighted,8,21.67710642190293,-0.04981403809670934,0.2906154476569114,0.9514063333836067,0.5382563660460287,1.6816782267746242,0.8639023548500785,10.38773135623298,0.16764496116993446
class.Lentisphaeria.id.2250,neuro,MR Egger,8,21.67710642190293,0.3938297309725386,1.1003536405566583,1.4826480781350748,0.17155293441515182,12.813801938694667,0.7326635580034623,10.090873944246407,0.12087691733268927
class.Lentisphaeria.id.2250,neuro,Egger Intercept,8,21.67710642190293,-0.06589143006306475,0.156835275123656,0.9362325054780068,0.6884665338666317,1.2731647236224644,0.6890194337219677,10.090873944246407,0.12087691733268927
class.Lentisphaeria.id.2250,neuro,Weighted mode,8,21.67710642190293,-0.6083924352690202,0.5488812638322849,0.5442250432256802,0.18559290023974853,1.5958632969870485,0.304304421049221,,
class.Lentisphaeria.id.2250,neuro,Weighted Median,8,21.67710642190293,-0.10759987079046757,0.37682811983195236,0.897986835317242,0.4290494984699812,1.8794576366565656,0.7752297127404184,,
class.Melainabacteria.id.1589,adeno,Inverse-Variance Weighted,10,21.937993337794985,-0.0706049722460401,0.060847609143922,0.9318299181121917,0.8270697172110555,1.0498594957834677,0.24590333210788706,4.757540823631912,0.8549111463974857
class.Melainabacteria.id.1589,adeno,MR Egger,10,21.937993337794985,-0.2120506665183662,0.18404047645612848,0.8089237111801205,0.5639611006325151,1.1602884840382057,0.282506331120441,4.0943687285565415,0.8485103348404786
class.Melainabacteria.id.1589,adeno,Egger Intercept,10,21.937993337794985,0.016452204833442837,0.02020277309211325,1.0165882876183743,0.9771205658310218,1.0576501842880854,0.43900866004256744,4.0943687285565415,0.8485103348404786
class.Melainabacteria.id.1589,adeno,Weighted mode,10,21.937993337794985,-0.03773901935971424,0.10813876251308722,0.9629642231193969,0.7790414744610967,1.1903090212872236,0.7351247385673157,,
class.Melainabacteria.id.1589,adeno,Weighted Median,10,21.937993337794985,-0.05256434127688097,0.08393643417054068,0.9487932725212019,0.8048657768877177,1.1184581328112237,0.5311576223468064,,
class.Melainabacteria.id.1589,neuro,Inverse-Variance Weighted,10,21.937993337794985,-0.01175649678368005,0.3114559248528357,0.9883123407976163,0.5367568343352684,1.8197463366861582,0.9698894789261491,14.986203420928781,0.09131564275534847
class.Melainabacteria.id.1589,neuro,MR Egger,10,21.937993337794985,-1.5443969387096443,0.8228839287211256,0.21344055015196373,0.04254259630423127,1.0708530368806353,0.09738207773450955,10.082489186449191,0.25928394172976726
class.Melainabacteria.id.1589,neuro,Egger Intercept,10,21.937993337794985,0.17783411947137123,0.09015532868446592,1.1946271394166021,1.0011303135732466,1.4255227145574583,0.08401416055647914,10.082489186449191,0.25928394172976726
class.Melainabacteria.id.1589,neuro,Weighted mode,10,21.937993337794985,0.16675431852670863,0.6011356102722498,1.1814639658414527,0.3636834336176472,3.8381102177156783,0.7877403439197989,,
class.Melainabacteria.id.1589,neuro,Weighted Median,10,21.937993337794985,-0.0334133852165072,0.39259806047325485,0.967138676110751,0.44802529605887,2.0877330522568336,0.9321752276010438,,
class.Methanobacteria.id.119,adeno,Inverse-Variance Weighted,10,21.66490062589394,0.12617704538654,0.049155348573263695,1.1344830054860795,1.0302820113395834,1.2492227133649458,0.010261110938713637,4.986208425559357,0.8355088445311785
class.Methanobacteria.id.119,adeno,MR Egger,10,21.66490062589394,-0.10925488094318275,0.20271840183586168,0.8965018871288981,0.6025510128676765,1.3338549209312769,0.6045915943576581,3.5531593451930936,0.8950250203447908
class.Methanobacteria.id.119,adeno,Egger Intercept,10,21.66490062589394,0.03929698153662638,0.03282680840803156,1.0400793221435263,0.9752674255835391,1.1091983265033962,0.2655337265606781,3.5531593451930936,0.8950250203447908
class.Methanobacteria.id.119,adeno,Weighted mode,10,21.66490062589394,0.11069575881116228,0.09569766078876724,1.1170550010088969,0.9260086933298586,1.34751637243485,0.27716439087128353,,
class.Methanobacteria.id.119,adeno,Weighted Median,10,21.66490062589394,0.10455282537310548,0.07021648631561925,1.1102140397880855,0.9674693948529094,1.274019850860478,0.1364855789440036,,
class.Methanobacteria.id.119,neuro,Inverse-Variance Weighted,10,21.66490062589394,-0.11965019805773018,0.19516655719259574,0.8872307374773002,0.6052118904283819,1.3006657568596882,0.53983196352825,3.2467026341526033,0.9537056195380751
class.Methanobacteria.id.119,neuro,MR Egger,10,21.66490062589394,0.05945802062465511,0.806061997128929,1.0612612089617801,0.21861928344535433,5.151765827320263,0.9430095254704882,3.1942543941681416,0.9215819676419088
class.Methanobacteria.id.119,neuro,Egger Intercept,10,21.66490062589394,-0.02984505154930903,0.13031874045584887,0.9705959142307374,0.7518114011404307,1.253048872752376,0.8246027802606505,3.1942543941681416,0.9215819676419088
class.Methanobacteria.id.119,neuro,Weighted mode,10,21.66490062589394,0.04513156518823691,0.4298179745468353,1.0461654898144606,0.45053853607119465,2.4292311188798776,0.9186774565446316,,
class.Methanobacteria.id.119,neuro,Weighted Median,10,21.66490062589394,-0.03891433538486677,0.24333589148792475,0.961833100679689,0.5969913333472439,1.5496421168730783,0.872943900557609,,
class.Mollicutes.id.3920,adeno,Inverse-Variance Weighted,12,21.290418091369386,-0.015059593023766402,0.0830731751179494,0.9850532355530266,0.8370403378749455,1.1592390867767888,0.8561469737256819,13.459603982261962,0.26434954188772175
class.Mollicutes.id.3920,adeno,MR Egger,12,21.290418091369386,0.040488588087225885,0.29531146391719004,1.041319426188249,0.5837269941703455,1.8576254964843828,0.8936691888749521,13.407661356314854,0.20176342747281775
class.Mollicutes.id.3920,adeno,Egger Intercept,12,21.290418091369386,-0.00507312782042626,0.025774507179816775,0.9949397187592204,0.9459257873544744,1.0464933477849268,0.847905420821222,13.407661356314854,0.20176342747281775
class.Mollicutes.id.3920,adeno,Weighted mode,12,21.290418091369386,1.2976509307427442e-05,0.12866625314157,1.0000129765935026,0.7771103798863193,1.2868518800401143,0.9999213359279636,,
class.Mollicutes.id.3920,adeno,Weighted Median,12,21.290418091369386,0.0010132852714153859,0.09319581412565475,1.0010137988183778,0.8338927263175658,1.2016277319622573,0.9913250530346187,,
class.Mollicutes.id.3920,neuro,Inverse-Variance Weighted,12,21.290418091369386,0.05169778912090942,0.2968601028853337,1.0530574490025104,0.5885178552122408,1.8842758653427003,0.8617486322829868,5.769225660537364,0.8883097777895339
class.Mollicutes.id.3920,neuro,MR Egger,12,21.290418091369386,-0.001393663406904111,1.008285291691208,0.9986073072909474,0.13839645709903056,7.205506376953792,0.9989243403021332,5.766189944942408,0.8345094564878807
class.Mollicutes.id.3920,neuro,Egger Intercept,12,21.290418091369386,0.004848388571246219,0.08799679972747039,1.0048601610252361,0.8456706152257877,1.1940156427760817,0.9571461845378932,5.766189944942408,0.8345094564878807
class.Mollicutes.id.3920,neuro,Weighted mode,12,21.290418091369386,-0.28277027403520005,0.4677260856846091,0.7536929108046356,0.30134080808405855,1.8850848891289456,0.5577330569136891,,
class.Mollicutes.id.3920,neuro,Weighted Median,12,21.290418091369386,-0.13316336157308542,0.37450400173452064,0.8753220864352768,0.42012995244761614,1.8236946700365013,0.7221606663984903,,
class.Negativicutes.id.2164,adeno,Inverse-Variance Weighted,12,21.65271444772662,-0.1582639562706992,0.1086246410672636,0.8536244327067798,0.6899278495260271,1.0561606878379575,0.1451218331396816,14.494240203059821,0.2068407362262931
class.Negativicutes.id.2164,adeno,MR Egger,12,21.65271444772662,-0.05185509257915548,0.38853633539856086,0.9494664416080785,0.4433541866606196,2.0333326059915615,0.8964751193036378,14.37635690271113,0.15650647834847378
class.Negativicutes.id.2164,adeno,Egger Intercept,12,21.65271444772662,-0.007040349547927228,0.024586261808062122,0.9929843756542358,0.9462680276902689,1.0420070650597681,0.7804525293307417,14.37635690271113,0.15650647834847378
class.Negativicutes.id.2164,adeno,Weighted mode,12,21.65271444772662,-0.27255686300477944,0.2398993271553868,0.7614301307390139,0.4757991135302055,1.2185307359981568,0.28004878008485046,,
class.Negativicutes.id.2164,adeno,Weighted Median,12,21.65271444772662,-0.19701456906566153,0.14101513476638106,0.8211786694195521,0.6228782322143941,1.0826103277238317,0.1623785460553241,,
class.Negativicutes.id.2164,neuro,Inverse-Variance Weighted,12,21.65271444772662,0.11040669519932461,0.374376986626167,1.1167321477205008,0.5361334373642079,2.3260826556230345,0.7680643097940343,6.086093904053463,0.8675584401936662
class.Negativicutes.id.2164,neuro,MR Egger,12,21.65271444772662,-0.45405136213229863,1.2840128770593808,0.6350501148802442,0.05126655948919896,7.86650503618012,0.7309661178301765,5.87488650355097,0.8256628727574642
class.Negativicutes.id.2164,neuro,Egger Intercept,12,21.65271444772662,0.03734649402077421,0.08126345298253972,1.0380526375642014,0.8852104427485037,1.217284869582292,0.6556515550583492,5.87488650355097,0.8256628727574642
class.Negativicutes.id.2164,neuro,Weighted mode,12,21.65271444772662,0.6651171526275572,0.6371298290670645,1.9447183368549985,0.5578543833788565,6.779420440856595,0.31891837513023535,,
class.Negativicutes.id.2164,neuro,Weighted Median,12,21.65271444772662,0.3589973483916272,0.5064692274159218,1.4318930047471445,0.5306342247692035,3.863899992382852,0.47843394161718733,,
class.Verrucomicrobiae.id.4029,adeno,Inverse-Variance Weighted,11,22.066729705503267,-0.04788288504651741,0.0793340145867499,0.9532454198334459,0.8159701107787087,1.1136153376577245,0.5461358177424918,6.298183956058657,0.7896198856643923
class.Verrucomicrobiae.id.4029,adeno,MR Egger,11,22.066729705503267,0.009654977899971676,0.2669089659674988,1.0097017375657853,0.598405539369884,1.7036901094145755,0.9719337950042424,6.247209613325808,0.7149441990831036
class.Verrucomicrobiae.id.4029,adeno,Egger Intercept,11,22.066729705503267,-0.004734089427644932,0.020968175369836698,0.9952770987115295,0.9552026967161121,1.0370327749546133,0.8264201420912378,6.247209613325808,0.7149441990831036
class.Verrucomicrobiae.id.4029,adeno,Weighted mode,11,22.066729705503267,-0.03666661570452889,0.13640822497501154,0.9639974633983857,0.737841138782487,1.2594731583711187,0.793547281360286,,
class.Verrucomicrobiae.id.4029,adeno,Weighted Median,11,22.066729705503267,-0.04422628849561807,0.10429964901778001,0.9567374343009097,0.7798500662200576,1.1737467980600205,0.6715431772173817,,
class.Verrucomicrobiae.id.4029,neuro,Inverse-Variance Weighted,11,22.066729705503267,-0.42384871015664527,0.31381851348626477,0.6545228970852466,0.35383202058480867,1.2107446412023715,0.1768180594012223,9.297161234715546,0.5041532621321078
class.Verrucomicrobiae.id.4029,neuro,MR Egger,11,22.066729705503267,0.5180532833163147,1.0646877275919397,1.6787564035386242,0.20830859629163515,13.529077112479703,0.6381871115641252,8.44004761348279,0.49047870438689856
class.Verrucomicrobiae.id.4029,neuro,Egger Intercept,11,22.066729705503267,-0.07728195534610595,0.08347547583702682,0.9256288308124812,0.7859250180498237,1.090165998987151,0.378703882413603,8.44004761348279,0.49047870438689856
class.Verrucomicrobiae.id.4029,neuro,Weighted mode,11,22.066729705503267,-0.07498476074953597,0.64863585411582,0.9277576245516351,0.2601983550434862,3.3079925112126123,0.9102550455556141,,
class.Verrucomicrobiae.id.4029,neuro,Weighted Median,11,22.066729705503267,-0.24203836210205243,0.45196677742713703,0.7850260617242862,0.3237145254540208,1.9037326691535041,0.5922886284619515,,
family.Acidaminococcaceae.id.2166,adeno,Inverse-Variance Weighted,7,21.2768224609609,-0.2166779087427519,0.0919308634098727,0.8051892719681303,0.6724265444698033,0.9641644414911734,0.018424939502039224,4.664344011019816,0.5875257305838475
family.Acidaminococcaceae.id.2166,adeno,MR Egger,7,21.2768224609609,-0.28512578986985115,0.27866535396934655,0.7519196644935513,0.43547848641323716,1.2983033593893487,0.35314933697664147,4.596643102948202,0.46705795946422457
family.Acidaminococcaceae.id.2166,adeno,Egger Intercept,7,21.2768224609609,0.0071939431892391915,0.027648384272497172,1.0072198817614426,0.9540903648212411,1.0633079712586868,0.8050892420791584,4.596643102948202,0.46705795946422457
family.Acidaminococcaceae.id.2166,adeno,Weighted mode,7,21.2768224609609,-0.1628419168605787,0.17976076778542974,0.8497255050731993,0.5973972229806702,1.2086320561876236,0.39991299427773197,,
family.Acidaminococcaceae.id.2166,adeno,Weighted Median,7,21.2768224609609,-0.14739672668833687,0.11719705938385436,0.8629515535844255,0.6858454534996652,1.0857918209326398,0.20850649234524188,,
family.Acidaminococcaceae.id.2166,neuro,Inverse-Variance Weighted,7,21.2768224609609,0.6511061018170478,0.362798560214811,1.9176607844326277,0.9417842390794028,3.90474031264895,0.07270523415443424,1.2921895461277562,0.9720866318659678
family.Acidaminococcaceae.id.2166,neuro,MR Egger,7,21.2768224609609,0.37386826037662707,1.0986649440688108,1.4533456746328461,0.16871995154587976,12.519050833176845,0.7474664664203768,1.220720484621822,0.9428741360028957
family.Acidaminococcaceae.id.2166,neuro,Egger Intercept,7,21.2768224609609,0.029183192502259623,0.10916257217220819,1.0296131946170188,0.831290930142371,1.275249484976222,0.7998864128508968,1.220720484621822,0.9428741360028957
family.Acidaminococcaceae.id.2166,neuro,Weighted mode,7,21.2768224609609,0.3846099082606549,0.5840303265957272,1.4690411488365445,0.46762455783592033,4.6149883722150875,0.5346272664206557,,
family.Acidaminococcaceae.id.2166,neuro,Weighted Median,7,21.2768224609609,0.45981855488765533,0.45914403356380507,1.5837865885864375,0.6439696051926582,3.895183775693615,0.3166000792667245,,
family.Actinomycetaceae.id.421,adeno,Inverse-Variance Weighted,5,21.31121622191709,0.08260433939786777,0.09118494698406944,1.0861119917984103,0.9083566813080431,1.2986520416513225,0.3649893885096993,2.771451389582622,0.5967706906214868
family.Actinomycetaceae.id.421,adeno,MR Egger,5,21.31121622191709,0.1680308419203148,0.21162240098005425,1.1829730952471185,0.7813367344478194,1.7910655961511142,0.4851965462622622,2.5713466954869735,0.46253499869159864
family.Actinomycetaceae.id.421,adeno,Egger Intercept,5,21.31121622191709,-0.010296753825628047,0.023018217611223732,0.9897560762624253,0.9460948408627533,1.0354322296114302,0.6849620291714908,2.5713466954869735,0.46253499869159864
family.Actinomycetaceae.id.421,adeno,Weighted mode,5,21.31121622191709,0.16060439382012948,0.15755175671867871,1.1742203480902822,0.8622611901950666,1.5990438182163147,0.36566297145216853,,
family.Actinomycetaceae.id.421,adeno,Weighted Median,5,21.31121622191709,0.08352606535333101,0.11936108287618998,1.0871135509224024,0.8603451293134453,1.373653237907214,0.48406697376240493,,
family.Actinomycetaceae.id.421,neuro,Inverse-Variance Weighted,5,21.31121622191709,0.09097630354090372,0.3587678635509732,1.0952430515687894,0.542152089474492,2.2125845593852542,0.799820159857144,3.5054534130977606,0.47704962567198095
family.Actinomycetaceae.id.421,neuro,MR Egger,5,21.31121622191709,-1.228050487865387,0.8286460300310184,0.2928629614122585,0.05771739332843962,1.4860115681089916,0.23495007005105034,0.38713943107665694,0.9428861854022219
family.Actinomycetaceae.id.421,neuro,Egger Intercept,5,21.31121622191709,0.15989177823401324,0.09054536244881553,1.1733838784447497,0.9825764444930467,1.4012443855240275,0.17559387711202074,0.38713943107665694,0.9428861854022219
family.Actinomycetaceae.id.421,neuro,Weighted mode,5,21.31121622191709,-0.3982898463817157,0.6266797531331545,0.6714673770643046,0.19660037525989493,2.2933244042163885,0.5596079610294731,,
family.Actinomycetaceae.id.421,neuro,Weighted Median,5,21.31121622191709,-0.4319574778699917,0.4350551274565224,0.6492369830376017,0.276743131069604,1.5231043260754065,0.3207685013819457,,
family.Alcaligenaceae.id.2875,adeno,Inverse-Variance Weighted,11,21.979111239890408,0.0014066583096187212,0.13976771546428934,1.0014076481174714,0.7614444450019318,1.3169933595163617,0.9919700197065616,19.87427008503483,0.030464561593251456
family.Alcaligenaceae.id.2875,adeno,MR Egger,11,21.979111239890408,-0.2426486638135521,0.6713660344847575,0.7845471051441207,0.21044602092517536,2.9248077843622795,0.7261208665148993,19.5725777535413,0.02074138895566251
family.Alcaligenaceae.id.2875,adeno,Egger Intercept,11,21.979111239890408,0.015896691648020798,0.04268029114739547,1.0160237162483954,0.9344878264278277,1.1046737718620532,0.7181701801094863,19.5725777535413,0.02074138895566251
family.Alcaligenaceae.id.2875,adeno,Weighted mode,11,21.979111239890408,-0.011526981567542505,0.22760020425587585,0.988539199550898,0.6327857498965566,1.544297970060921,0.9606051579833521,,
family.Alcaligenaceae.id.2875,adeno,Weighted Median,11,21.979111239890408,-0.01922482299571676,0.13439751596240276,0.9809587953544344,0.7537881231205689,1.2765923588707246,0.8862550511739494,,
family.Alcaligenaceae.id.2875,neuro,Inverse-Variance Weighted,11,21.979111239890408,-0.24102255385034835,0.39242860973140503,0.7858239028337743,0.36415246872480644,1.6957710280733276,0.5390951246983041,4.31188558121845,0.9321824260036868
family.Alcaligenaceae.id.2875,neuro,MR Egger,11,21.979111239890408,-0.19784520558936242,1.8015545155616741,0.8204968516348274,0.024019433284571644,28.027933697132188,0.9149625505235457,4.311282565196902,0.8897567983495965
family.Alcaligenaceae.id.2875,neuro,Egger Intercept,11,21.979111239890408,-0.002810903421625182,0.11446731571364516,0.9971930434684226,0.7967878333484203,1.2480034512612665,0.9809446590115802,4.311282565196902,0.8897567983495965
family.Alcaligenaceae.id.2875,neuro,Weighted mode,11,21.979111239890408,-0.20527490654619962,0.7845840585264323,0.8144233953113874,0.17498418837945753,3.7905451513834922,0.7989125425833311,,
family.Alcaligenaceae.id.2875,neuro,Weighted Median,11,21.979111239890408,-0.14993656524265592,0.5063218641143175,0.8607625769584539,0.3190755345170142,2.3220589914976713,0.7671316011257747,,
family.Bacteroidaceae.id.917,adeno,Inverse-Variance Weighted,9,22.333381859994685,0.01672218674926279,0.13908343917621915,1.0168627851248797,0.7742338230612719,1.3355266754990334,0.9042999007386155,13.937826383319422,0.08340041117632709
family.Bacteroidaceae.id.917,adeno,MR Egger,9,22.333381859994685,0.8113791848189261,0.7075869315238872,2.251010406159192,0.5624285355039089,9.00922966879186,0.28919162242709034,11.740690263290501,0.10941539860049165
family.Bacteroidaceae.id.917,adeno,Egger Intercept,9,22.333381859994685,-0.05257517658542447,0.04593566982775031,0.9487829921090459,0.8670929584406035,1.038169157473394,0.29002243766591523,11.740690263290501,0.10941539860049165
family.Bacteroidaceae.id.917,adeno,Weighted mode,9,22.333381859994685,0.055308220036776046,0.2187984943498848,1.0568663118532247,0.6882956366659454,1.6228003515186329,0.8068110496206695,,
family.Bacteroidaceae.id.917,adeno,Weighted Median,9,22.333381859994685,0.04194821863794861,0.14259916792760224,1.042840477652315,0.7885604976799307,1.3791158256465454,0.7686289604370143,,
family.Bacteroidaceae.id.917,neuro,Inverse-Variance Weighted,9,22.333381859994685,0.5215749268048916,0.4172323082491468,1.6846788072725363,0.7436383899145679,3.8165628915409715,0.21126930688670498,3.035295254420526,0.9321230738012605
family.Bacteroidaceae.id.917,neuro,MR Egger,9,22.333381859994685,-0.261765397529218,2.163802200036893,0.7696915740729844,0.011077738670511126,53.47888561191469,0.9071103711658788,2.8991754907008254,0.8941699813750635
family.Bacteroidaceae.id.917,neuro,Egger Intercept,9,22.333381859994685,0.05182566696880979,0.14047023425049301,1.0531921203333607,0.7997180970016265,1.387005804284087,0.7230758311048304,2.8991754907008254,0.8941699813750635
family.Bacteroidaceae.id.917,neuro,Weighted mode,9,22.333381859994685,0.9845378667301969,1.2476862648500626,2.6765746643612798,0.23202104218025235,30.876733707346652,0.4528078391722078,,
family.Bacteroidaceae.id.917,neuro,Weighted Median,9,22.333381859994685,0.7545204999624041,0.5724800638966542,2.1265915781012956,0.6924353343540085,6.531139466287375,0.18750845706472363,,
family.BacteroidalesS24.7group.id.11173,adeno,Inverse-Variance Weighted,8,22.786610575930943,0.03166037804792125,0.07373438593815641,1.0321668992345403,0.8932765868097438,1.192652447860872,0.6676436725520476,3.0231802672959285,0.8828496144651395
family.BacteroidalesS24.7group.id.11173,adeno,MR Egger,8,22.786610575930943,0.21584189349358118,0.29430641112424455,1.2409061681509346,0.6969799238395766,2.2093148819440906,0.49096986624726857,2.605305939695607,0.8565011026120035
family.BacteroidalesS24.7group.id.11173,adeno,Egger Intercept,8,22.786610575930943,-0.018544206733809496,0.02868701858958268,0.9816266791233083,0.9279561836830788,1.0384013319919272,0.541921058261289,2.605305939695607,0.8565011026120035
family.BacteroidalesS24.7group.id.11173,adeno,Weighted mode,8,22.786610575930943,0.07273879041868958,0.1547820021429649,1.0754495824871448,0.7940300804288422,1.456609557974326,0.6526838868369182,,
family.BacteroidalesS24.7group.id.11173,adeno,Weighted Median,8,22.786610575930943,0.06442424241410405,0.09434254817686137,1.066544776326504,0.8864884768650424,1.28317264081316,0.4946853312543885,,
family.BacteroidalesS24.7group.id.11173,neuro,Inverse-Variance Weighted,8,22.786610575930943,0.11770504290975085,0.3043665369992505,1.124912261581563,0.6194933145805006,2.042681602001549,0.6989624968609743,7.650611007889092,0.36440799494219733
family.BacteroidalesS24.7group.id.11173,neuro,MR Egger,8,22.786610575930943,-0.3476050758687488,1.2966627716790038,0.7063777867702803,0.055628250271278566,8.969715481058419,0.7976183406031415,7.479322094178507,0.2787822104994883
family.BacteroidalesS24.7group.id.11173,neuro,Egger Intercept,8,22.786610575930943,0.046877454229891674,0.1264604968765701,1.0479935740306323,0.8179246024691477,1.3427772289694953,0.7236045331281791,7.479322094178507,0.2787822104994883
family.BacteroidalesS24.7group.id.11173,neuro,Weighted mode,8,22.786610575930943,0.7779777583816498,0.6645023900249603,2.1770652590114556,0.5918826287109583,8.007690903713229,0.28000051353551647,,
family.BacteroidalesS24.7group.id.11173,neuro,Weighted Median,8,22.786610575930943,0.49308114228548744,0.428256052270661,1.6373533745940563,0.7072997558225304,3.7903675934071988,0.2495800778202507,,
family.Bifidobacteriaceae.id.433,adeno,Inverse-Variance Weighted,13,24.644536389956254,0.32505693851280254,0.12923587964407027,1.384109452870959,1.0743916714806696,1.7831104134366085,0.011895742359798562,34.930969434135804,0.0004803103099994793
family.Bifidobacteriaceae.id.433,adeno,MR Egger,13,24.644536389956254,1.1764246579713498,0.37256756263044394,3.2427594777053272,1.5623517766984856,6.7305514590758415,0.009117615609114888,22.98700168300942,0.017749880550430034
family.Bifidobacteriaceae.id.433,adeno,Egger Intercept,13,24.644536389956254,-0.06303649292282239,0.026367111338802294,0.9389092095226169,0.8916193000709628,0.9887072920653736,0.03581548444410548,22.98700168300942,0.017749880550430034
family.Bifidobacteriaceae.id.433,adeno,Weighted mode,13,24.644536389956254,0.283897964461,0.33672065026196457,1.3282973902977693,0.6865511761723276,2.5699088695887666,0.4156477689901993,,
family.Bifidobacteriaceae.id.433,adeno,Weighted Median,13,24.644536389956254,0.30009313009359284,0.11937351676680143,1.3499845259070788,1.0683560201946407,1.7058529045931077,0.011940415437925627,,
family.Bifidobacteriaceae.id.433,neuro,Inverse-Variance Weighted,13,24.644536389956254,-0.12594817476470707,0.3001389587434498,0.8816605378642536,0.48957356911015865,1.5877599467633423,0.6747536670063583,9.883292397384283,0.6261986739504708
family.Bifidobacteriaceae.id.433,neuro,MR Egger,13,24.644536389956254,0.36894596415023084,1.0224199643751954,1.4462094544065145,0.19495292379008217,10.7283427473335,0.7250418122003635,9.62690103098516,0.5642265805988265
family.Bifidobacteriaceae.id.433,neuro,Egger Intercept,13,24.644536389956254,-0.036633916907428205,0.07234885421099253,0.964028985471211,0.8365761980756087,1.1108992665180497,0.6226047631111346,9.62690103098516,0.5642265805988265
family.Bifidobacteriaceae.id.433,neuro,Weighted mode,13,24.644536389956254,-0.18141639405529641,0.4595224121284833,0.834087977101734,0.3388897919916272,2.052887900391084,0.6999225552804583,,
family.Bifidobacteriaceae.id.433,neuro,Weighted Median,13,24.644536389956254,-0.1775789565708661,0.43771175555357567,0.8372948867927135,0.3550509433329449,1.9745412330641507,0.684964221932205,,
family.Christensenellaceae.id.1866,adeno,Inverse-Variance Weighted,11,20.846479525679783,-0.04836152963084697,0.07533469099772436,0.952789263252853,0.8219978298731915,1.1043914560090269,0.5209019872162504,5.586043981481803,0.8487611746680175
family.Christensenellaceae.id.1866,adeno,MR Egger,11,20.846479525679783,-0.11883060298028751,0.14635480516595126,0.8879582054961739,0.6665194076013946,1.1829659657555267,0.4377757361927592,5.2706374816998265,0.8101067685190773
family.Christensenellaceae.id.1866,adeno,Egger Intercept,11,20.846479525679783,0.006942450002537214,0.012361678414018197,1.0069666046737347,0.9828621135921871,1.031662253438812,0.588091332363927,5.2706374816998265,0.8101067685190773
family.Christensenellaceae.id.1866,adeno,Weighted mode,11,20.846479525679783,-0.15948892027423855,0.12257634929637506,0.8525794136901855,0.6704953141367875,1.0841114640511977,0.22239040993445386,,
family.Christensenellaceae.id.1866,adeno,Weighted Median,11,20.846479525679783,-0.09388251662880596,0.09635069937632232,0.910389711610678,0.7537233505351302,1.0996202073587527,0.3298662365190115,,
family.Christensenellaceae.id.1866,neuro,Inverse-Variance Weighted,11,20.846479525679783,-0.14669570829848927,0.37068976938389225,0.8635567105813451,0.4175931456211307,1.7857816877737995,0.6922989554801338,15.628219642541655,0.1107811598376604
family.Christensenellaceae.id.1866,neuro,MR Egger,11,20.846479525679783,-0.05443632176662415,0.756593169317759,0.9470188114227094,0.2149480444820139,4.17237863852037,0.9442158209713982,15.59311524528705,0.07588012776544646
family.Christensenellaceae.id.1866,neuro,Egger Intercept,11,20.846479525679783,-0.009126274606329298,0.06411475126307987,0.9909152434400714,0.873898373906658,1.1236009231741346,0.8899448486669719,15.59311524528705,0.07588012776544646
family.Christensenellaceae.id.1866,neuro,Weighted mode,11,20.846479525679783,-0.3489340361943718,0.4155895549737418,0.7054396622199863,0.3123941572604624,1.5930039197824397,0.42074515971680504,,
family.Christensenellaceae.id.1866,neuro,Weighted Median,11,20.846479525679783,-0.27115518475455685,0.43616718016848127,0.7624981591335575,0.3243140774499119,1.7927172549944514,0.5341541565630574,,
family.Clostridiaceae1.id.1869,adeno,Inverse-Variance Weighted,10,20.283327817342386,0.03243768375979759,0.09072969431666295,1.032969520361506,0.8646828236962023,1.234008587605261,0.7207025279603689,5.4807564685316335,0.7905493509877434
family.Clostridiaceae1.id.1869,adeno,MR Egger,10,20.283327817342386,0.21435832650379907,0.2647618539544076,1.239066565646633,0.73743678680622,2.0819221139652426,0.4415684357130436,4.945816344571077,0.7633513622687279
family.Clostridiaceae1.id.1869,adeno,Egger Intercept,10,20.283327817342386,-0.014195899740275655,0.019409320722737555,0.9859043869304077,0.9491027936693784,1.0241329671053772,0.4854064092488707,4.945816344571077,0.7633513622687279
family.Clostridiaceae1.id.1869,adeno,Weighted mode,10,20.283327817342386,-0.08537397738055941,0.195348805218258,0.9181688458064611,0.6260921992323607,1.346501410564125,0.6723853111824325,,
family.Clostridiaceae1.id.1869,adeno,Weighted Median,10,20.283327817342386,0.026732461135633257,0.13265387710985227,1.0270929787129475,0.791940403583451,1.3320699160543243,0.8402916870406361,,
family.Clostridiaceae1.id.1869,neuro,Inverse-Variance Weighted,10,20.283327817342386,0.554582780646662,0.35816651233937,1.7412143648733378,0.8629283777350666,3.5134172692279724,0.1215275307975637,6.776999660794064,0.6603241908145383
family.Clostridiaceae1.id.1869,neuro,MR Egger,10,20.283327817342386,0.20988099581783176,1.0448698816585755,1.233531255843484,0.15912519888594107,9.562277815177888,0.8458145923630735,6.6536752783208435,0.5744168696137555
family.Clostridiaceae1.id.1869,neuro,Egger Intercept,10,20.283327817342386,0.026900228999742145,0.07660048200089847,1.0272653063633441,0.8840543682220903,1.1936754656617132,0.734525636644074,6.6536752783208435,0.5744168696137555
family.Clostridiaceae1.id.1869,neuro,Weighted mode,10,20.283327817342386,0.16482539368370563,0.6162397495829282,1.179187207200718,0.352394315629905,3.9458141290966644,0.7951360761866408,,
family.Clostridiaceae1.id.1869,neuro,Weighted Median,10,20.283327817342386,0.41871401006792996,0.45779713766088054,1.5200055863290778,0.6196698890541236,3.7284641763024338,0.36038703492419166,,
family.ClostridialesvadinBB60group.id.11286,adeno,Inverse-Variance Weighted,15,22.147238322163595,0.07825424653820169,0.06368505198626236,1.0813975653089711,0.9544992177507863,1.2251667392790877,0.2191582573417673,14.08991380471603,0.44303409146755024
family.ClostridialesvadinBB60group.id.11286,adeno,MR Egger,15,22.147238322163595,0.21967120913010557,0.17645696839961347,1.2456670992803829,0.8814522488614568,1.760375022281543,0.23514337257204443,13.330519407463557,0.42261778492518404
family.ClostridialesvadinBB60group.id.11286,adeno,Egger Intercept,15,22.147238322163595,-0.01381893747587083,0.016058050417635177,0.9862761057381716,0.9557176867450163,1.0178116092661351,0.40507182208714854,13.330519407463557,0.42261778492518404
family.ClostridialesvadinBB60group.id.11286,adeno,Weighted mode,15,22.147238322163595,0.11265416667118089,0.13190991706806,1.119244793856821,0.8642533959890547,1.4494694662344871,0.40746811651774695,,
family.ClostridialesvadinBB60group.id.11286,adeno,Weighted Median,15,22.147238322163595,0.08246222482741726,0.08859551866500961,1.0859576504265733,0.9128488257713259,1.2918941069169172,0.35197153552513016,,
family.ClostridialesvadinBB60group.id.11286,neuro,Inverse-Variance Weighted,15,22.147238322163595,-0.11689835657124238,0.25443317921116987,0.8896756182480965,0.5403234226785487,1.4649054112466793,0.6459137801793842,14.64454833185449,0.40287589046101313
family.ClostridialesvadinBB60group.id.11286,neuro,MR Egger,15,22.147238322163595,-0.04402609662961944,0.7174692233042578,0.9569289845259119,0.23450795362209695,3.904827394048387,0.952003461336371,14.631120950603279,0.33094343354714484
family.ClostridialesvadinBB60group.id.11286,neuro,Egger Intercept,15,22.147238322163595,-0.007182294034537433,0.06575588762836353,0.9928434369997907,0.8727869174170628,1.129414374485314,0.9146907687176291,14.631120950603279,0.33094343354714484
family.ClostridialesvadinBB60group.id.11286,neuro,Weighted mode,15,22.147238322163595,0.2835811292864423,0.4376156150805294,1.3278766056254623,0.5631859189746719,3.1308600239465485,0.5274611827626552,,
family.ClostridialesvadinBB60group.id.11286,neuro,Weighted Median,15,22.147238322163595,0.23109053348256842,0.3365145096418502,1.25997330405698,0.6514999850166594,2.4367348633103476,0.4922605220953258,,
family.Coriobacteriaceae.id.811,adeno,Inverse-Variance Weighted,16,20.68923366905193,0.2196471624561369,0.09162402473770861,1.2456371454899189,1.040877465207503,1.4906768088354698,0.01651792605299538,18.606902121154622,0.23210285037502917
family.Coriobacteriaceae.id.811,adeno,MR Egger,16,20.68923366905193,0.36219541088837015,0.38578306794389144,1.4364796182941892,0.6743949217957749,3.059740853741921,0.36372031413324457,18.41587775749767,0.1884906359350191
family.Coriobacteriaceae.id.811,adeno,Egger Intercept,16,20.68923366905193,-0.009813664482702898,0.025752477653707435,0.9902343323858802,0.9414928542313218,1.0414991772149855,0.7088669539145018,18.41587775749767,0.1884906359350191
family.Coriobacteriaceae.id.811,adeno,Weighted mode,16,20.68923366905193,-0.006265575881064356,0.19594760646626308,0.9937540119085511,0.6768382985798663,1.4590590370793133,0.9749129699036099,,
family.Coriobacteriaceae.id.811,adeno,Weighted Median,16,20.68923366905193,0.0882903756378412,0.123150469110863,1.092305254817236,0.8580571753138503,1.3905026425132303,0.4734167396615464,,
family.Coriobacteriaceae.id.811,neuro,Inverse-Variance Weighted,16,20.68923366905193,0.3741803062744837,0.3440796703524296,1.4537992559541977,0.7406583340908787,2.8535860319552535,0.2768240313216521,16.730311107949003,0.33524040312216064
family.Coriobacteriaceae.id.811,neuro,MR Egger,16,20.68923366905193,-0.8081703594383781,1.4174447944682547,0.4456727416393943,0.02769891166601833,7.17083021294483,0.5776052719995506,15.890198819809054,0.3201256454576657
family.Coriobacteriaceae.id.811,neuro,Egger Intercept,16,20.68923366905193,0.08141314376421842,0.09462949109792336,1.084818990197948,0.901170631845199,1.3058928019929625,0.4040970169810354,15.890198819809054,0.3201256454576657
family.Coriobacteriaceae.id.811,neuro,Weighted mode,16,20.68923366905193,-0.19595825723505733,0.7568424813146946,0.8220465484578497,0.18649151803979938,3.6235456439753415,0.7992198084619034,,
family.Coriobacteriaceae.id.811,neuro,Weighted Median,16,20.68923366905193,0.11625080427203363,0.39821298709405756,1.1232775596181976,0.5146611014173129,2.4516181084350523,0.7703392104181841,,
family.Defluviitaleaceae.id.1924,adeno,Inverse-Variance Weighted,11,22.02289419826675,0.06262469802086117,0.08689103575597562,1.0646272075466778,0.8979133279828583,1.2622945397133862,0.47107762097892814,15.364463208697526,0.11932835132195149
family.Defluviitaleaceae.id.1924,adeno,MR Egger,11,22.02289419826675,-0.29097035246112124,0.2867283268357597,0.7475378403467452,0.426152560723705,1.3112975827278457,0.33670671032196753,12.966882664565002,0.1641105214775612
family.Defluviitaleaceae.id.1924,adeno,Egger Intercept,11,22.02289419826675,0.037755393198358196,0.02926772262052864,1.038477183226261,0.9805816694498904,1.0997909645675457,0.22920867806726064,12.966882664565002,0.1641105214775612
family.Defluviitaleaceae.id.1924,adeno,Weighted mode,11,22.02289419826675,0.18950851463578933,0.17746026866230194,1.2086554152062752,0.8535820464646271,1.7114323324371747,0.3106700608968278,,
family.Defluviitaleaceae.id.1924,adeno,Weighted Median,11,22.02289419826675,0.13064074851418023,0.09409883253310788,1.139558319747009,0.9476282800721687,1.3703613446463725,0.16503491090145772,,
family.Defluviitaleaceae.id.1924,neuro,Inverse-Variance Weighted,11,22.02289419826675,-0.2181364161399995,0.27807769947891764,0.8040157534595231,0.4661868744458263,1.3866570837703946,0.4327795588548402,5.964667687996603,0.8182229210385523
family.Defluviitaleaceae.id.1924,neuro,MR Egger,11,22.02289419826675,-0.07003648790663121,0.9488558903683246,0.9323597994279758,0.14517809729745557,5.987781984828441,0.9427748439961592,5.9380169213934995,0.7461054551471986
family.Defluviitaleaceae.id.1924,neuro,Egger Intercept,11,22.02289419826675,-0.015777408636909927,0.09664531835640243,0.9843464026789558,0.8144825848115528,1.189636044448003,0.8739280764313939,5.9380169213934995,0.7461054551471986
family.Defluviitaleaceae.id.1924,neuro,Weighted mode,11,22.02289419826675,-0.31218966633972856,0.6233906655840313,0.7318427091361753,0.21566362627656496,2.483468168289706,0.6273549805347558,,
family.Defluviitaleaceae.id.1924,neuro,Weighted Median,11,22.02289419826675,-0.1990967603975476,0.33327207885260224,0.8194705971958613,0.4264287280396528,1.5747814711163108,0.550240312702722,,
family.Desulfovibrionaceae.id.3169,adeno,Inverse-Variance Weighted,10,21.502827397145396,-0.09593324740819625,0.08690181332297306,0.9085246604204005,0.7662392650739871,1.0772314813602026,0.26962485874519726,8.474158046281737,0.48715634800983443
family.Desulfovibrionaceae.id.3169,adeno,MR Egger,10,21.502827397145396,-0.19114503629080906,0.21194299521319804,0.8260127776335385,0.5452268638931068,1.2514003876148692,0.3934679522146589,8.223373760174924,0.41196023198057735
family.Desulfovibrionaceae.id.3169,adeno,Egger Intercept,10,21.502827397145396,0.0081438235747834,0.016487629428944717,1.00817707470849,0.9761178712810519,1.0412892170838164,0.6346266502286277,8.223373760174924,0.41196023198057735
family.Desulfovibrionaceae.id.3169,adeno,Weighted mode,10,21.502827397145396,-0.11532019616069533,0.13112000361358261,0.891080777578818,0.6891368522449375,1.152202134574358,0.40200197590098186,,
family.Desulfovibrionaceae.id.3169,adeno,Weighted Median,10,21.502827397145396,-0.12112371840108874,0.12974048539081204,0.8859243476687303,0.6870040649860163,1.142441493134747,0.35051821521013227,,
family.Desulfovibrionaceae.id.3169,neuro,Inverse-Variance Weighted,10,21.502827397145396,0.015086397004074392,0.45471665184917287,1.015200771132034,0.4163794726609787,2.4752243407211156,0.9735329787577394,15.795337148356323,0.07128045458464762
family.Desulfovibrionaceae.id.3169,neuro,MR Egger,10,21.502827397145396,0.6440663578070048,1.1311973166348568,1.904208349816391,0.20740530958872416,17.48272234062226,0.5847349140125754,15.08962422873998,0.05742602282624535
family.Desulfovibrionaceae.id.3169,neuro,Egger Intercept,10,21.502827397145396,-0.053848703238258536,0.088035013279215,0.9475754607557256,0.7974012078780045,1.1260319710523898,0.5577319898376787,15.08962422873998,0.05742602282624535
family.Desulfovibrionaceae.id.3169,neuro,Weighted mode,10,21.502827397145396,0.8786878193201613,0.518475814669914,2.4077382450592992,0.8715127558808313,6.65188595072489,0.12436354621318294,,
family.Desulfovibrionaceae.id.3169,neuro,Weighted Median,10,21.502827397145396,0.5655062671061705,0.5452476179024125,1.7603387587761359,0.6046055216279557,5.125313009556584,0.2996636484416798,,
family.Enterobacteriaceae.id.3469,adeno,Inverse-Variance Weighted,7,20.812289484781147,0.5660746523983137,0.2119337517791066,1.7613395938388343,1.1626297892468016,2.668362013013752,0.007562607055360568,20.991354971163677,0.0018411887774190917
family.Enterobacteriaceae.id.3469,adeno,MR Egger,7,20.812289484781147,1.638866324222889,1.3000907343629946,5.149328532945705,0.4028014512946998,65.82792652554099,0.263085527150473,18.411876954587854,0.0024721321131337447
family.Enterobacteriaceae.id.3469,adeno,Egger Intercept,7,20.812289484781147,-0.07932109619356704,0.09477347865469204,0.9237432663730812,0.7671467896636023,1.1123055374366964,0.4407737049698416,18.411876954587854,0.0024721321131337447
family.Enterobacteriaceae.id.3469,adeno,Weighted mode,7,20.812289484781147,0.8095625000763009,0.46182849494325845,2.246924742204192,0.908808071091152,5.555266241273292,0.130158326763561,,
family.Enterobacteriaceae.id.3469,adeno,Weighted Median,7,20.812289484781147,0.6870112024693513,0.18487039156247442,1.9877656171569342,1.383567398514945,2.85581472430785,0.00020225946152625435,,
family.Enterobacteriaceae.id.3469,neuro,Inverse-Variance Weighted,7,20.812289484781147,0.04864304383556606,0.4504219573726731,1.0498455350121896,0.4342286707049355,2.5382378496466775,0.9140001435368078,4.206388503460331,0.6487689177091265
family.Enterobacteriaceae.id.3469,neuro,MR Egger,7,20.812289484781147,1.3242354608319038,2.6947278967101633,3.75931011619477,0.019112146250143937,739.446651608681,0.6439415874290053,3.975872831887223,0.552894894067222
family.Enterobacteriaceae.id.3469,neuro,Egger Intercept,7,20.812289484781147,-0.09419255241848531,0.19618524330200127,0.9101075019673283,0.6195786496637863,1.3368692829985092,0.651410035814079,3.975872831887223,0.552894894067222
family.Enterobacteriaceae.id.3469,neuro,Weighted mode,7,20.812289484781147,0.5602409299486975,0.8743383652289721,1.7510943405467179,0.3155423843089982,9.71765297460644,0.545358211746761,,
family.Enterobacteriaceae.id.3469,neuro,Weighted Median,7,20.812289484781147,0.33016722300715223,0.5833034842018087,1.3912007497863514,0.4434777684362482,4.364231228615315,0.571373443069614,,
family.Erysipelotrichaceae.id.2149,adeno,Inverse-Variance Weighted,13,21.71338902913281,0.07667782052233688,0.1122965481980507,1.079694165048531,0.8663871508196997,1.3455179811207074,0.49472345198301815,16.751949207740772,0.15916878896784942
family.Erysipelotrichaceae.id.2149,adeno,MR Egger,13,21.71338902913281,0.022879328293336765,0.507598418178721,1.0231430676774493,0.37832049533831713,2.76702359463843,0.9648564349399442,16.733897935486166,0.11599694827166948
family.Erysipelotrichaceae.id.2149,adeno,Egger Intercept,13,21.71338902913281,0.0033564331957428514,0.030812455882417464,1.0033620723249967,0.9445600831680274,1.0658246797850595,0.9152189031002425,16.733897935486166,0.11599694827166948
family.Erysipelotrichaceae.id.2149,adeno,Weighted mode,13,21.71338902913281,-0.06359868539239444,0.23634307012189654,0.9383815101836075,0.5904731567833117,1.4912783901158955,0.7924276529063189,,
family.Erysipelotrichaceae.id.2149,adeno,Weighted Median,13,21.71338902913281,0.008739591608943886,0.1467676947354448,1.0087778933388707,0.7565965776870407,1.3450138000890408,0.9525163461302496,,
family.Erysipelotrichaceae.id.2149,neuro,Inverse-Variance Weighted,13,21.71338902913281,0.07240818853432737,0.37583416644442424,1.075094095594194,0.5146713292429194,2.2457581153426953,0.8472252976519355,7.419648376555459,0.8286823068955027
family.Erysipelotrichaceae.id.2149,neuro,MR Egger,13,21.71338902913281,-0.803296010225869,1.627071900024145,0.4478504092612203,0.01845616285346324,10.867372089632715,0.6312229779134324,7.113653292661746,0.789806327937279
family.Erysipelotrichaceae.id.2149,neuro,Egger Intercept,13,21.71338902913281,0.05462752662816538,0.09875391295346465,1.0561471547114945,0.8702888223093668,1.2816972754461864,0.5912131575785339,7.113653292661746,0.789806327937279
family.Erysipelotrichaceae.id.2149,neuro,Weighted mode,13,21.71338902913281,0.020239504226432725,0.6693979598702994,1.0204457118223753,0.274781100322162,3.789596335249441,0.9763763796975798,,
family.Erysipelotrichaceae.id.2149,neuro,Weighted Median,13,21.71338902913281,0.047539433890873395,0.46867039065391447,1.0486875541364948,0.4185099843831662,2.627764276213571,0.9192054030516499,,
family.FamilyXI.id.1936,adeno,Inverse-Variance Weighted,8,21.917813132112975,0.02519433398981906,0.05116031663284327,1.0255143934647477,0.9276693750062573,1.1336795193829436,0.6223952360188945,7.736722933077406,0.35638095445845214
family.FamilyXI.id.1936,adeno,MR Egger,8,21.917813132112975,-0.03108114647535634,0.35132044864252593,0.9693969067421178,0.4869132876719747,1.9299747749629432,0.9323825231705338,7.702949978176038,0.26068363111991266
family.FamilyXI.id.1936,adeno,Egger Intercept,8,21.917813132112975,0.007532302271598115,0.046440418369754016,1.0075607414195975,0.9198994414055263,1.103575675727017,0.8764783115283981,7.702949978176038,0.26068363111991266
family.FamilyXI.id.1936,adeno,Weighted mode,8,21.917813132112975,-0.008635978249966147,0.11510102574315895,0.9914012046961763,0.7911766678299863,1.2422969339690353,0.9422904009692078,,
family.FamilyXI.id.1936,adeno,Weighted Median,8,21.917813132112975,0.0034791476800745767,0.06756857616875676,1.0034852069393458,0.8790132903047049,1.145582861661895,0.9589345784448177,,
family.FamilyXI.id.1936,neuro,Inverse-Variance Weighted,8,21.917813132112975,-0.07107981092640397,0.20354244742372202,0.931387554257598,0.6249878884728756,1.3879993392281533,0.7269288826699895,7.84039127389877,0.3468783641261284
family.FamilyXI.id.1936,neuro,MR Egger,8,21.917813132112975,0.40028669371757897,1.3857866991324577,1.4922524557246608,0.09868175165846547,22.565645159230932,0.7824150399889112,7.6883848974558475,0.261833352577916
family.FamilyXI.id.1936,neuro,Egger Intercept,8,21.917813132112975,-0.06313762843727731,0.1833155453251645,0.9388142572582894,0.6554481379109597,1.3446864193413344,0.7422809602358775,7.6883848974558475,0.261833352577916
family.FamilyXI.id.1936,neuro,Weighted mode,8,21.917813132112975,-0.4778810577096221,0.4326053747973096,0.6200959482281723,0.2655936971391171,1.4477714989131922,0.3058255217925871,,
family.FamilyXI.id.1936,neuro,Weighted Median,8,21.917813132112975,-0.35495864326573767,0.2537138213214546,0.7012024420519796,0.4264595607584782,1.1529460469010833,0.16179760985311642,,
family.FamilyXIII.id.1957,adeno,Inverse-Variance Weighted,10,21.115683747556258,0.08265337003930268,0.09385080749053022,1.0861652458715683,0.903667123478817,1.3055193784162265,0.3784861938446251,7.107217685994007,0.625957441822816
family.FamilyXIII.id.1957,adeno,MR Egger,10,21.115683747556258,-0.1701039668257842,0.2984295053416668,0.8435771080028474,0.46999848988423937,1.5140949438406073,0.584327374934261,6.311148857372188,0.6124223477636095
family.FamilyXIII.id.1957,adeno,Egger Intercept,10,21.115683747556258,0.018896128600579164,0.021178613588629432,1.0190757902912235,0.9776398248445197,1.0622679640969448,0.3983131543489494,6.311148857372188,0.6124223477636095
family.FamilyXIII.id.1957,adeno,Weighted mode,10,21.115683747556258,0.02753388264047618,0.14470083232937694,1.0279164430404972,0.7740802344188402,1.3649905615614968,0.8533113352163747,,
family.FamilyXIII.id.1957,adeno,Weighted Median,10,21.115683747556258,0.024462565192308744,0.11377400711400248,1.0247642285373313,0.8199314918395849,1.2807676428351724,0.8297594129058278,,
family.FamilyXIII.id.1957,neuro,Inverse-Variance Weighted,10,21.115683747556258,-0.006630547049635311,0.4522277045623528,0.9933913865234832,0.4094269221133729,2.4102627197187343,0.9883018631458087,13.367477506029811,0.14667099860438498
family.FamilyXIII.id.1957,neuro,MR Egger,10,21.115683747556258,1.2521233165498806,1.453082934239481,3.4977619340587207,0.20272209367252417,60.35029692971438,0.41393321933964333,12.107421191544146,0.14647498562425862
family.FamilyXIII.id.1957,neuro,Egger Intercept,10,21.115683747556258,-0.09407909111187543,0.10310481978467673,0.9102107698119984,0.7436650568739035,1.1140548259244474,0.38819604900306137,12.107421191544146,0.14647498562425862
family.FamilyXIII.id.1957,neuro,Weighted mode,10,21.115683747556258,0.4495745899965442,0.848649017884002,1.567645151689405,0.2970729685338114,8.272416483210236,0.609100908437924,,
family.FamilyXIII.id.1957,neuro,Weighted Median,10,21.115683747556258,0.2605447872687622,0.46599344548143523,1.2976368301604113,0.5205848614567865,3.2345568756584693,0.5760819759117544,,
family.Lachnospiraceae.id.1987,adeno,Inverse-Variance Weighted,16,21.040449985333158,-0.029815401130395842,0.09166494323428151,0.9706246932328425,0.8110069219122169,1.161657526784122,0.7449804900048274,16.767112499192564,0.3329760257759155
family.Lachnospiraceae.id.1987,adeno,MR Egger,16,21.040449985333158,0.11399905283236417,0.3285481318999104,1.1207510633445152,0.5886312893310056,2.1339044810469243,0.7337680891754167,16.520764163909156,0.2826162264663218
family.Lachnospiraceae.id.1987,adeno,Egger Intercept,16,21.040449985333158,-0.008989753985309917,0.019675421233592612,0.9910505330391833,0.9535593804306904,1.030015727592792,0.6547498861463432,16.520764163909156,0.2826162264663218
family.Lachnospiraceae.id.1987,adeno,Weighted mode,16,21.040449985333158,0.1062435102307937,0.2329851108591865,1.1120926494749364,0.7044011237350585,1.755746859769852,0.6549153022531391,,
family.Lachnospiraceae.id.1987,adeno,Weighted Median,16,21.040449985333158,0.02401931990150955,0.1369490396110967,1.0243101072698442,0.7831736771135381,1.3396915990870997,0.8607741853380199,,
family.Lachnospiraceae.id.1987,neuro,Inverse-Variance Weighted,16,21.040449985333158,0.012515846015552973,0.34301713657412647,1.012594497001654,0.5169558825521106,1.983433499771956,0.9708936264632673,11.42492334514685,0.7219319905230877
family.Lachnospiraceae.id.1987,neuro,MR Egger,16,21.040449985333158,-0.2949084008172893,1.201216030750012,0.7445997890743816,0.070701264480263,7.841851909797009,0.8096254057157359,11.353609244639593,0.6580610371702051
family.Lachnospiraceae.id.1987,neuro,Egger Intercept,16,21.040449985333158,0.0191957790346254,0.07188165002596618,1.019381202550283,0.8854208103920543,1.1736092306806551,0.7933264582618433,11.353609244639593,0.6580610371702051
family.Lachnospiraceae.id.1987,neuro,Weighted mode,16,21.040449985333158,-0.6251507829541998,0.9821073649453882,0.5351807263039411,0.0780753246026273,3.668488235751449,0.5340183591832237,,
family.Lachnospiraceae.id.1987,neuro,Weighted Median,16,21.040449985333158,-0.1716001285157066,0.49293679035977095,0.84231592395425,0.3205374253676218,2.2134579602777635,0.727751629328025,,
family.Lactobacillaceae.id.1836,adeno,Inverse-Variance Weighted,8,22.108924315223703,0.12899191708851004,0.12936348454261934,1.1376809283543194,0.882884834079817,1.4660098857515698,0.3187025168536025,26.899579173059244,0.0003474375566678176
family.Lactobacillaceae.id.1836,adeno,MR Egger,8,22.108924315223703,-0.2759951265005385,0.29944375669423057,0.7588166288446622,0.4219346268511933,1.364672723137867,0.3922422084478456,19.738034025103858,0.003082844918066208
family.Lactobacillaceae.id.1836,adeno,Egger Intercept,8,22.108924315223703,0.05550879751083875,0.03762138447783222,1.0570783166894646,0.9819360292635669,1.1379708395597534,0.19054034944661577,19.738034025103858,0.003082844918066208
family.Lactobacillaceae.id.1836,adeno,Weighted mode,8,22.108924315223703,-0.02483954905559227,0.10995355462830475,0.9754664139799151,0.786353756338703,1.2100593621288487,0.8277261985632152,,
family.Lactobacillaceae.id.1836,adeno,Weighted Median,8,22.108924315223703,-0.026318060196699383,0.0852036589868579,0.9740252416762565,0.8242204637112703,1.1510575303488635,0.7574096504221117,,
family.Lactobacillaceae.id.1836,neuro,Inverse-Variance Weighted,8,22.108924315223703,0.32530453697532014,0.25967435679847517,1.3844521986733618,0.8322210383515005,2.3031235718436096,0.21030022701322126,2.415232170375842,0.9333437756663339
family.Lactobacillaceae.id.1836,neuro,MR Egger,8,22.108924315223703,0.2546254818281881,0.648892833025146,1.2899784100371148,0.36160440415680745,4.601836369338799,0.7083230419685669,2.401105787511395,0.8793671762447035
family.Lactobacillaceae.id.1836,neuro,Egger Intercept,8,22.108924315223703,0.009727844363616948,0.08184669127161157,1.00977531364132,0.8601128559212943,1.185479529831292,0.9092701143405197,2.401105787511395,0.8793671762447035
family.Lactobacillaceae.id.1836,neuro,Weighted mode,8,22.108924315223703,0.0028093491641069113,0.519855407331157,1.0028132990835046,0.36200138210104715,2.7779852855314107,0.9958389606845652,,
family.Lactobacillaceae.id.1836,neuro,Weighted Median,8,22.108924315223703,0.12657514256072855,0.3621858256280723,1.134934729873864,0.5580486825627626,2.3081800590560357,0.7267322156971832,,
family.Methanobacteriaceae.id.121,adeno,Inverse-Variance Weighted,10,21.66490062589394,0.12617704538654,0.049155348573263695,1.1344830054860795,1.0302820113395834,1.2492227133649458,0.010261110938713637,4.986208425559357,0.8355088445311785
family.Methanobacteriaceae.id.121,adeno,MR Egger,10,21.66490062589394,-0.10925488094318275,0.20271840183586168,0.8965018871288981,0.6025510128676765,1.3338549209312769,0.6045915943576581,3.5531593451930936,0.8950250203447908
family.Methanobacteriaceae.id.121,adeno,Egger Intercept,10,21.66490062589394,0.03929698153662638,0.03282680840803156,1.0400793221435263,0.9752674255835391,1.1091983265033962,0.2655337265606781,3.5531593451930936,0.8950250203447908
family.Methanobacteriaceae.id.121,adeno,Weighted mode,10,21.66490062589394,0.11069575881116228,0.1254928840395583,1.1170550010088969,0.8734797835146457,1.4285526681088485,0.40067424714691857,,
family.Methanobacteriaceae.id.121,adeno,Weighted Median,10,21.66490062589394,0.10455282537310548,0.06110898109524244,1.1102140397880855,0.9848944729861019,1.2514794711006303,0.08709513444017168,,
family.Methanobacteriaceae.id.121,neuro,Inverse-Variance Weighted,10,21.66490062589394,-0.11965019805773018,0.19516655719259574,0.8872307374773002,0.6052118904283819,1.3006657568596882,0.53983196352825,3.2467026341526033,0.9537056195380751
family.Methanobacteriaceae.id.121,neuro,MR Egger,10,21.66490062589394,0.05945802062465511,0.806061997128929,1.0612612089617801,0.21861928344535433,5.151765827320263,0.9430095254704882,3.1942543941681416,0.9215819676419088
family.Methanobacteriaceae.id.121,neuro,Egger Intercept,10,21.66490062589394,-0.02984505154930903,0.13031874045584887,0.9705959142307374,0.7518114011404307,1.253048872752376,0.8246027802606505,3.1942543941681416,0.9215819676419088
family.Methanobacteriaceae.id.121,neuro,Weighted mode,10,21.66490062589394,0.04513156518823691,0.3809441179755703,1.0461654898144606,0.4958316099121749,2.2073264596272693,0.9082950485448918,,
family.Methanobacteriaceae.id.121,neuro,Weighted Median,10,21.66490062589394,-0.03891433538486677,0.27063837021443177,0.961833100679689,0.5658843552478112,1.6348268068976324,0.8856685051579012,,
family.Oxalobacteraceae.id.2966,adeno,Inverse-Variance Weighted,14,22.07639706752603,-0.020496773659955645,0.045986502276269846,0.9797118573530161,0.8952696527277275,1.0721186857095502,0.6558047021198673,9.868369745280562,0.7046611929590669
family.Oxalobacteraceae.id.2966,adeno,MR Egger,14,22.07639706752603,-0.11403908519293965,0.17780579644318534,0.8922230824895718,0.6296831981064714,1.2642262511069722,0.5333420302127923,9.57175545126533,0.6534735282537516
family.Oxalobacteraceae.id.2966,adeno,Egger Intercept,14,22.07639706752603,0.013074885227748844,0.024007218613533936,1.0131607352914884,0.9665915483923578,1.0619735680946756,0.5959888810488569,9.57175545126533,0.6534735282537516
family.Oxalobacteraceae.id.2966,adeno,Weighted mode,14,22.07639706752603,-0.052441449793799666,0.0841998080441562,0.9489098782983814,0.8045492682754891,1.119173172653895,0.5441733304399339,,
family.Oxalobacteraceae.id.2966,adeno,Weighted Median,14,22.07639706752603,-0.05061739693185301,0.06170025294355865,0.9506423196295614,0.8423582394436059,1.0728461805841638,0.41200188318089315,,
family.Oxalobacteraceae.id.2966,neuro,Inverse-Variance Weighted,14,22.07639706752603,0.15972904951702796,0.1880757200422687,1.1731929507268117,0.8114768971362151,1.6961440362534965,0.3957252052582826,13.85917121228073,0.3838361465806489
family.Oxalobacteraceae.id.2966,neuro,MR Egger,14,22.07639706752603,-0.4290610109098378,0.7333975448291878,0.651120202533195,0.15466091574862345,2.7412065685421387,0.5693637782561944,13.104481055509648,0.3614925329362932
family.Oxalobacteraceae.id.2966,neuro,Egger Intercept,14,22.07639706752603,0.08231664573985241,0.09901992959215977,1.085799569209629,0.894256693112706,1.3183694498188427,0.42203007181520125,13.104481055509648,0.3614925329362932
family.Oxalobacteraceae.id.2966,neuro,Weighted mode,14,22.07639706752603,0.17484321771266798,0.36762516947509133,1.1910594649458013,0.5794348109274408,2.448286886261351,0.6422504597269889,,
family.Oxalobacteraceae.id.2966,neuro,Weighted Median,14,22.07639706752603,0.11379483419838918,0.26481541875048503,1.120522208462344,0.6668144974250959,1.8829374953689708,0.6674038592999408,,
family.Pasteurellaceae.id.3689,adeno,Inverse-Variance Weighted,14,21.605791261211863,0.04415170155678625,0.056814864594001015,1.0451408923633814,0.9350031010691473,1.1682522588867261,0.43709073742771243,12.4867859920714,0.48818738872819156
family.Pasteurellaceae.id.3689,adeno,MR Egger,14,21.605791261211863,0.18769648451575113,0.12336853264780395,1.2064672782729096,0.9473318360924252,1.536487256194388,0.15405721558251903,10.7685292420751,0.5488530797050251
family.Pasteurellaceae.id.3689,adeno,Egger Intercept,14,21.605791261211863,-0.01905938953563144,0.014540018427053126,0.9811210921864442,0.9535553315789518,1.0094837348758723,0.21444938267763566,10.7685292420751,0.5488530797050251
family.Pasteurellaceae.id.3689,adeno,Weighted mode,14,21.605791261211863,-0.016212859202022645,0.09179682592184374,0.9839178617925997,0.8219015680378056,1.1778714099131529,0.8625312430484745,,
family.Pasteurellaceae.id.3689,adeno,Weighted Median,14,21.605791261211863,0.006633219553008339,0.08008304076217544,1.0066552680777696,0.8604243851550779,1.1777383884419834,0.9339872975041867,,
family.Pasteurellaceae.id.3689,neuro,Inverse-Variance Weighted,14,21.605791261211863,0.0982730852267576,0.29134588854294646,1.1032640290815514,0.6232766135058986,1.952891367154977,0.7358852825996496,21.91313857217818,0.05672233004442586
family.Pasteurellaceae.id.3689,neuro,MR Egger,14,21.605791261211863,1.3386697463716615,0.5195159583240269,3.813966586430123,1.3777041689101854,10.558392324465514,0.024241812227626263,13.66794676626711,0.3224131964979422
family.Pasteurellaceae.id.3689,neuro,Egger Intercept,14,21.605791261211863,-0.16498517081665195,0.06132047997449484,0.8479062777523417,0.7518839328442503,0.9561915402716259,0.019650231886499836,13.66794676626711,0.3224131964979422
family.Pasteurellaceae.id.3689,neuro,Weighted mode,14,21.605791261211863,-0.29933649335583157,0.5673102493918153,0.741309921598635,0.2438347390429595,2.253741210204485,0.6066369189268287,,
family.Pasteurellaceae.id.3689,neuro,Weighted Median,14,21.605791261211863,-0.09085526985301165,0.37354446434802985,0.9131498616496353,0.4391112768648057,1.8989324887856909,0.8078312721254906,,
family.Peptococcaceae.id.2024,adeno,Inverse-Variance Weighted,10,22.48091605670475,0.048330884429538055,0.07513343007011283,1.049517866998546,0.9058055338680729,1.2160311589679527,0.5200506211529119,9.105784149961725,0.42756729046816905
family.Peptococcaceae.id.2024,adeno,MR Egger,10,22.48091605670475,0.09803213240344719,0.2214070781018496,1.102998226523112,0.7146761752151073,1.7023165594500889,0.6696605770619639,9.040434505741965,0.33889644563950677
family.Peptococcaceae.id.2024,adeno,Egger Intercept,10,22.48091605670475,-0.004951371882789464,0.02058986935561873,0.9950608659526154,0.9557035426815311,1.0360389835661779,0.8160090560254216,9.040434505741965,0.33889644563950677
family.Peptococcaceae.id.2024,adeno,Weighted mode,10,22.48091605670475,-0.011768187329974866,0.20796354836925168,0.988300786953978,0.6574564570555844,1.4856321434094215,0.9561099877812002,,
family.Peptococcaceae.id.2024,adeno,Weighted Median,10,22.48091605670475,0.024207099897957024,0.10545616471444232,1.0245024702785457,0.833195489611463,1.2597347497599827,0.8184441364616624,,
family.Peptococcaceae.id.2024,neuro,Inverse-Variance Weighted,10,22.48091605670475,-0.19449537427073393,0.2948590580815584,0.8232499863792708,0.461894334108372,1.4673064595645258,0.5094967533807442,6.427708005938499,0.6964648925385647
family.Peptococcaceae.id.2024,neuro,MR Egger,10,22.48091605670475,0.10792076776925354,0.8221192118876918,1.1139594803952049,0.22236549266363637,5.580477928917795,0.8988017991843025,6.272419160436769,0.616745979547692
family.Peptococcaceae.id.2024,neuro,Egger Intercept,10,22.48091605670475,-0.030115648100911163,0.07642264827093259,0.9703333098548692,0.8353503688625826,1.127127930159318,0.7038273002882437,6.272419160436769,0.616745979547692
family.Peptococcaceae.id.2024,neuro,Weighted mode,10,22.48091605670475,-0.005871466856916641,0.683887180040792,0.9941457365184587,0.26020373992489504,3.7982764802807916,0.9933371963253363,,
family.Peptococcaceae.id.2024,neuro,Weighted Median,10,22.48091605670475,-0.08867172811107499,0.3908028146254665,0.9151459409573507,0.42543408927994847,1.9685589715393483,0.8205043484751541,,
family.Peptostreptococcaceae.id.2042,adeno,Inverse-Variance Weighted,13,22.638934895213172,-0.14060400402843715,0.07349922163106212,0.8688332980705594,0.7522681181945405,1.0034604439277217,0.05574806456029263,9.912042212347165,0.6236770159704903
family.Peptostreptococcaceae.id.2042,adeno,MR Egger,13,22.638934895213172,-0.08366889826582917,0.169790140904426,0.9197357317819009,0.6593784867045671,1.2828956864275107,0.6318579110888823,9.773669067900247,0.5508534924198265
family.Peptostreptococcaceae.id.2042,adeno,Egger Intercept,13,22.638934895213172,-0.004792336463289522,0.01288313022074157,0.9952191284591987,0.9704035416329885,1.0206693104029132,0.7169702771700688,9.773669067900247,0.5508534924198265
family.Peptostreptococcaceae.id.2042,adeno,Weighted mode,13,22.638934895213172,0.026477109133427268,0.17017321043842912,1.026830741947148,0.7356047100075013,1.433353210309078,0.8789434687695998,,
family.Peptostreptococcaceae.id.2042,adeno,Weighted Median,13,22.638934895213172,-0.1108229815524477,0.10170436200849806,0.8950971836195386,0.7333270246512756,1.0925534464035742,0.2758637809691603,,
family.Peptostreptococcaceae.id.2042,neuro,Inverse-Variance Weighted,13,22.638934895213172,0.14807603519857454,0.4224982533762528,1.1596010635081593,0.50660658584062,2.6542778243950687,0.7259805442788265,25.760295399988237,0.01160372386656929
family.Peptostreptococcaceae.id.2042,neuro,MR Egger,13,22.638934895213172,1.370034135123477,0.9426801503353069,3.935485031445163,0.6202584955458315,24.970302775295895,0.17405605018177875,21.696047004400487,0.026836616395127893
family.Peptostreptococcaceae.id.2042,neuro,Egger Intercept,13,22.638934895213172,-0.10289201421749221,0.07167793937226033,0.902224395628678,0.7839729393307976,1.0383124457871906,0.17897062814454623,21.696047004400487,0.026836616395127893
family.Peptostreptococcaceae.id.2042,neuro,Weighted mode,13,22.638934895213172,0.6074392935442958,0.5123759985133689,1.8357246231248474,0.6724566278146306,5.0113044508140465,0.2587518828465601,,
family.Peptostreptococcaceae.id.2042,neuro,Weighted Median,13,22.638934895213172,0.3703720390962304,0.43132908388036173,1.4482733287460818,0.621864556169699,3.3729139471728886,0.39051915860325126,,
family.Porphyromonadaceae.id.943,adeno,Inverse-Variance Weighted,9,21.34407217916523,0.23718500176222562,0.15415229898514074,1.2676756183064262,0.9371110340460963,1.7148463894509345,0.12389203576868967,13.699989979831887,0.08992805337681349
family.Porphyromonadaceae.id.943,adeno,MR Egger,9,21.34407217916523,-0.44164265366100286,0.6822964627230411,0.6429793607279509,0.16881637038004932,2.4489476784236244,0.5380855736478469,11.923692703945335,0.10309636569955925
family.Porphyromonadaceae.id.943,adeno,Egger Intercept,9,21.34407217916523,0.040686994987980805,0.03984319509658374,1.0415260516455755,0.9632852826389708,1.1261217583275223,0.3411589993515125,11.923692703945335,0.10309636569955925
family.Porphyromonadaceae.id.943,adeno,Weighted mode,9,21.34407217916523,0.07229319900682607,0.20678287641579027,1.074970478139615,0.716769306244181,1.6121805423376325,0.7356569124098495,,
family.Porphyromonadaceae.id.943,adeno,Weighted Median,9,21.34407217916523,0.11660734560755738,0.15720716353760641,1.1236781259044437,0.8257041884833636,1.5291826640183779,0.458242936300958,,
family.Porphyromonadaceae.id.943,neuro,Inverse-Variance Weighted,9,21.34407217916523,0.8668274367349326,0.46751774822350617,2.3793502274572287,0.9516981633356423,5.948637627983056,0.06372400424656975,4.301078481137205,0.8289889259738732
family.Porphyromonadaceae.id.943,neuro,MR Egger,9,21.34407217916523,0.9596789981224991,2.0807606369212563,2.610858248494772,0.04421850774653323,154.1567352929864,0.6586325108693292,4.2989813200414835,0.7447682619396098
family.Porphyromonadaceae.id.943,neuro,Egger Intercept,9,21.34407217916523,-0.005558349383345459,0.12137519639532691,0.9944570696592185,0.7839157435896565,1.2615448426468476,0.964752888049895,4.2989813200414835,0.7447682619396098
family.Porphyromonadaceae.id.943,neuro,Weighted mode,9,21.34407217916523,0.23344050080473377,0.9136533048595834,1.262937681879628,0.21069999609192466,7.570059885599685,0.8047816153756839,,
family.Porphyromonadaceae.id.943,neuro,Weighted Median,9,21.34407217916523,0.5260350015568501,0.5514268312039494,1.6922093816650245,0.5742091434569073,4.986985358950535,0.3401076892230057,,
family.Prevotellaceae.id.960,adeno,Inverse-Variance Weighted,16,22.15061235178949,-0.04970401482688151,0.10097043240094353,0.9515110159779956,0.7806674170124861,1.1597425405459143,0.6225333848942625,28.070024807518664,0.02113479471111131
family.Prevotellaceae.id.960,adeno,MR Egger,16,22.15061235178949,-0.6936466369347033,0.33453591281614,0.49975033416640713,0.259412187169472,0.9627550626072768,0.05706234416562434,21.820863355900457,0.08237084471129398
family.Prevotellaceae.id.960,adeno,Egger Intercept,16,22.15061235178949,0.046285185038376676,0.02311548865549391,1.047373063496603,1.0009793064813655,1.0959170954236717,0.0650093937976468,21.820863355900457,0.08237084471129398
family.Prevotellaceae.id.960,adeno,Weighted mode,16,22.15061235178949,-0.15437253042100574,0.19856925506502,0.8569527205828078,0.5806725545922695,1.264685164653471,0.4489967945993909,,
family.Prevotellaceae.id.960,adeno,Weighted Median,16,22.15061235178949,-0.11790618992931311,0.1139834540040204,0.8887794251646636,0.7108358415183069,1.1112676379806405,0.3009422140027673,,
family.Prevotellaceae.id.960,neuro,Inverse-Variance Weighted,16,22.15061235178949,-0.2592241141427491,0.29284632568406693,0.771650065970327,0.43465489287109005,1.369923205922835,0.37605513137955904,10.01466646402309,0.8188163448097674
family.Prevotellaceae.id.960,neuro,MR Egger,16,22.15061235178949,0.6004711629053922,1.0701440568919067,1.8229775174603995,0.22379805171793113,14.849311706049209,0.5835910755468635,9.317062579597897,0.8102190381892918
family.Prevotellaceae.id.960,neuro,Egger Intercept,16,22.15061235178949,-0.06166071677555007,0.07382511357769972,0.9402018273900626,0.8135418254979643,1.0865814743901265,0.41761621415439676,9.317062579597897,0.8102190381892918
family.Prevotellaceae.id.960,neuro,Weighted mode,16,22.15061235178949,-0.8451246093065192,0.5940978324327837,0.42950383470105524,0.13404813047471076,1.3761739411778948,0.17533374122607365,,
family.Prevotellaceae.id.960,neuro,Weighted Median,16,22.15061235178949,-0.2244484618446424,0.4389573679611188,0.7989567523960821,0.33796771593423514,1.8887362967044667,0.609125757925784,,
family.Rhodospirillaceae.id.2717,adeno,Inverse-Variance Weighted,14,21.239315595584266,0.037748035784386506,0.059040388208320846,1.038469542747831,0.924991135180834,1.1658695420946499,0.5225890597354355,5.964117669164508,0.9474491171815426
family.Rhodospirillaceae.id.2717,adeno,MR Egger,14,21.239315595584266,0.2119934552823971,0.26547268926188206,1.2361397948661543,0.7346706204377177,2.0799002300395912,0.4400695482579179,5.510893685145301,0.9387073005489317
family.Rhodospirillaceae.id.2717,adeno,Egger Intercept,14,21.239315595584266,-0.01826143014056824,0.027125536973436764,0.9819042994218767,0.9310637934644129,1.035520938512381,0.5135649934684119,5.510893685145301,0.9387073005489317
family.Rhodospirillaceae.id.2717,adeno,Weighted mode,14,21.239315595584266,-0.024987906992421427,0.13292174046406058,0.9753217065298057,0.7516274287451378,1.2655903641200985,0.8537874259443606,,
family.Rhodospirillaceae.id.2717,adeno,Weighted Median,14,21.239315595584266,0.012179120928234198,0.07484530224341632,1.012253588430688,0.8741374314476824,1.1721924841884899,0.8707358130591937,,
family.Rhodospirillaceae.id.2717,neuro,Inverse-Variance Weighted,14,21.239315595584266,-0.08895781592252773,0.23288678212144076,0.9148841663049965,0.5796006721364614,1.4441201986020502,0.7024770821447092,9.792887999453653,0.7107765979592167
family.Rhodospirillaceae.id.2717,neuro,MR Egger,14,21.239315595584266,-1.270115190401431,1.0439673745665594,0.2807992745342144,0.03628716271213993,2.1728960515439333,0.2471357548446187,8.445755767845231,0.7493985070127711
family.Rhodospirillaceae.id.2717,neuro,Egger Intercept,14,21.239315595584266,0.12397250264854194,0.10681205109516426,1.1319847439888713,0.9181641263229111,1.3955995708036366,0.26834982782848144,8.445755767845231,0.7493985070127711
family.Rhodospirillaceae.id.2717,neuro,Weighted mode,14,21.239315595584266,-0.14902433164810125,0.41478741873893105,0.8615481517574746,0.3821249336610929,1.9424673775803294,0.7251549031504188,,
family.Rhodospirillaceae.id.2717,neuro,Weighted Median,14,21.239315595584266,-0.10271069672329379,0.34935621846807957,0.9023879995269742,0.45500408369358364,1.789663281876557,0.7687579722844706,,
family.Rikenellaceae.id.967,adeno,Inverse-Variance Weighted,17,21.47023836968922,-0.11894024324860064,0.09175626206543577,0.887860854857145,0.7417207036152846,1.0627947875060715,0.19488490731323416,22.417956012310604,0.1302016623653042
family.Rikenellaceae.id.967,adeno,MR Egger,17,21.47023836968922,-0.16392040847716488,0.29274848756384536,0.8488095772386036,0.4782089806112802,1.5066168299286475,0.5837890190374551,22.378620965955555,0.09825373985475609
family.Rikenellaceae.id.967,adeno,Egger Intercept,17,21.47023836968922,0.003302848668843631,0.020340886339965912,1.0033083090834944,0.964095147460045,1.0441164087673187,0.8731778231635322,22.378620965955555,0.09825373985475609
family.Rikenellaceae.id.967,adeno,Weighted mode,17,21.47023836968922,-0.268870520883993,0.23051679921079363,0.7642422026470898,0.4864197000819442,1.2007452498500395,0.260552084181264,,
family.Rikenellaceae.id.967,adeno,Weighted Median,17,21.47023836968922,-0.17151952647236318,0.11640092262364263,0.8423838190750674,0.6705444163604283,1.058260245445201,0.14060985894235178,,
family.Rikenellaceae.id.967,neuro,Inverse-Variance Weighted,17,21.47023836968922,0.3721535812046517,0.3076104107503938,1.4508557883629845,0.793927744419792,2.651352762794193,0.22634752829378524,16.189975331919438,0.4397823634881529
family.Rikenellaceae.id.967,neuro,MR Egger,17,21.47023836968922,1.296283670292882,0.9533449403381069,3.655685658573027,0.5642417905126328,23.684948295224334,0.19400728481870846,15.132251340928851,0.4419335198060102
family.Rikenellaceae.id.967,neuro,Egger Intercept,17,21.47023836968922,-0.06779388981292629,0.06620800765504564,0.9344530540239123,0.8207295945895684,1.0639344748026165,0.32208832404945886,15.132251340928851,0.4419335198060102
family.Rikenellaceae.id.967,neuro,Weighted mode,17,21.47023836968922,0.9665854419299462,0.5086942270530981,2.628952405493832,0.9700038454664875,7.125116856653312,0.07559094694202159,,
family.Rikenellaceae.id.967,neuro,Weighted Median,17,21.47023836968922,0.5337597628184003,0.4293051315534737,1.705331914104217,0.7351517819558155,3.9558591962130887,0.21375327766037389,,
family.Ruminococcaceae.id.2050,adeno,Inverse-Variance Weighted,10,21.50595784576231,0.13600264100192092,0.09086226246615271,1.145684919346939,0.9587859853134011,1.3690166048786696,0.13444528756570837,8.78489233069919,0.45736295605027233
family.Ruminococcaceae.id.2050,adeno,MR Egger,10,21.50595784576231,0.14532249771429742,0.20532327714166645,1.1564124505103517,0.7732822776238084,1.7293681678631851,0.4991831157983845,8.78201119005711,0.36101778915565225
family.Ruminococcaceae.id.2050,adeno,Egger Intercept,10,21.50595784576231,-0.000919357702083367,0.017945447348333185,0.9990810647777288,0.9645511315561517,1.0348471339067544,0.9603977700970117,8.78201119005711,0.36101778915565225
family.Ruminococcaceae.id.2050,adeno,Weighted mode,10,21.50595784576231,0.31274682657278985,0.21148840198665636,1.3671753547379792,0.9032368737351841,2.0694111422547308,0.17332131648238341,,
family.Ruminococcaceae.id.2050,adeno,Weighted Median,10,21.50595784576231,0.18988452844433454,0.12066025964522532,1.2091099717865856,0.9544599646769679,1.5317006244138758,0.11555398897342478,,
family.Ruminococcaceae.id.2050,neuro,Inverse-Variance Weighted,10,21.50595784576231,0.2582536497563114,0.40012564931773636,1.2946671689914009,0.590968464295127,2.8362986855202834,0.5186476738040486,11.089006661187229,0.2696573089567109
family.Ruminococcaceae.id.2050,neuro,MR Egger,10,21.50595784576231,-0.2713266950189869,0.8909284293830534,0.7623673940867515,0.13298134595032501,4.37056821325701,0.76848542107489,10.498466159418513,0.23176681192034018
family.Ruminococcaceae.id.2050,neuro,Egger Intercept,10,21.50595784576231,0.05217085577623222,0.07777160274410579,1.0535557332193042,0.9046008470101042,1.2270380761503612,0.5212268465264539,10.498466159418513,0.23176681192034018
family.Ruminococcaceae.id.2050,neuro,Weighted mode,10,21.50595784576231,0.5165052625715099,0.6805537622881254,1.6761596642221996,0.441587049168574,6.362304386542274,0.46729376750672336,,
family.Ruminococcaceae.id.2050,neuro,Weighted Median,10,21.50595784576231,0.39701269216305224,0.5316200867371326,1.487374807935088,0.5246821240104462,4.216426895527117,0.45518564542538253,,
family.Streptococcaceae.id.1850,adeno,Inverse-Variance Weighted,15,22.121995265419617,-0.060086091060243346,0.10048596526050953,0.941683459566977,0.7733383754978355,1.146674943489226,0.5498699217799652,21.3664783924945,0.09260308067515569
family.Streptococcaceae.id.1850,adeno,MR Egger,15,22.121995265419617,0.6145522175332674,0.3685705078761289,1.8488285411724181,0.897765861561983,3.807414740305021,0.11933136498041748,16.758147206849873,0.2105973890267871
family.Streptococcaceae.id.1850,adeno,Egger Intercept,15,22.121995265419617,-0.05425515294657189,0.028695280543030985,0.9471903972458733,0.8953882079858957,1.001989573497854,0.08115572923991878,16.758147206849873,0.2105973890267871
family.Streptococcaceae.id.1850,adeno,Weighted mode,15,22.121995265419617,-0.23018119012033722,0.205306230442392,0.7943896539057101,0.5312187405526296,1.187937988738771,0.2810830608750483,,
family.Streptococcaceae.id.1850,adeno,Weighted Median,15,22.121995265419617,-0.09917924765783073,0.13065135851546603,0.9055803703142997,0.7009940286266146,1.1698755960949827,0.4477844919183368,,
family.Streptococcaceae.id.1850,neuro,Inverse-Variance Weighted,15,22.121995265419617,-0.1922383191805657,0.4134506512426282,0.825110205470284,0.36692361151027103,1.8554457380624498,0.6419595745529212,23.344356172986235,0.054892070488847554
family.Streptococcaceae.id.1850,neuro,MR Egger,15,22.121995265419617,-0.799737164143935,1.713262186361724,0.4494470794019461,0.015643010903011956,12.913286223181302,0.6483750878802895,23.10609180733679,0.04042060226541593
family.Streptococcaceae.id.1850,neuro,Egger Intercept,15,22.121995265419617,0.048896389118233574,0.13354843785506054,1.0501115421204148,0.8082704597327942,1.3643134394136687,0.7201557790298334,23.10609180733679,0.04042060226541593
family.Streptococcaceae.id.1850,neuro,Weighted mode,15,22.121995265419617,-0.4124410780863128,0.6136073409671697,0.6620322037460048,0.19886850205291687,2.203901745486915,0.5124240523016819,,
family.Streptococcaceae.id.1850,neuro,Weighted Median,15,22.121995265419617,-0.19290543331366428,0.42901641031206056,0.8245599463540749,0.3556608760419206,1.9116499759487109,0.6529658476594116,,
family.Veillonellaceae.id.2172,adeno,Inverse-Variance Weighted,18,21.035192070464355,0.05552693356484975,0.06480987345107259,1.0570974880927562,0.9309958880667967,1.2002793069821165,0.3915738994922152,16.749049728308545,0.471489602957743
family.Veillonellaceae.id.2172,adeno,MR Egger,18,21.035192070464355,0.041201127235319886,0.13245866051251484,1.0420616714530795,0.803789510155182,1.350966283327012,0.7597792193243371,16.732731510501644,0.40309236949539734
family.Veillonellaceae.id.2172,adeno,Egger Intercept,18,21.035192070464355,0.0012751818336229086,0.01020843538530357,1.0012759952236807,0.981441027111532,1.0215118289499026,0.9021472134367996,16.732731510501644,0.40309236949539734
family.Veillonellaceae.id.2172,adeno,Weighted mode,18,21.035192070464355,0.03436132188223495,0.12986170697884467,1.0349584923280088,0.8023842879888126,1.3349452336943066,0.7944994517149299,,
family.Veillonellaceae.id.2172,adeno,Weighted Median,18,21.035192070464355,0.031807927581069866,0.09695499120699959,1.0323192062147895,0.8536586646599746,1.24837126082989,0.7428594879523086,,
family.Veillonellaceae.id.2172,neuro,Inverse-Variance Weighted,18,21.035192070464355,-0.27705789648739726,0.25666589673440143,0.758010609688346,0.458349606042628,1.2535847676645768,0.2803873553380303,12.096539244290213,0.7942564340417765
family.Veillonellaceae.id.2172,neuro,MR Egger,18,21.035192070464355,-0.5089445689443929,0.5126781752706935,0.6011296950690306,0.2200734791021897,1.6419829948068938,0.3356244409498791,11.823534515008943,0.7560354429720958
family.Veillonellaceae.id.2172,neuro,Egger Intercept,18,21.035192070464355,0.020645207700263894,0.03951246928268416,1.0208597941841644,0.9447837325785476,1.1030616673907345,0.6084826695089331,11.823534515008943,0.7560354429720958
family.Veillonellaceae.id.2172,neuro,Weighted mode,18,21.035192070464355,-0.42824812033265447,0.33302860317070404,0.6516497071959658,0.3392614660702467,1.251681618332279,0.21571108460525085,,
family.Veillonellaceae.id.2172,neuro,Weighted Median,18,21.035192070464355,-0.35399263818092125,0.3868034126468402,0.7018801344509392,0.3288586265938373,1.49801672603014,0.3601000042439785,,
family.Verrucomicrobiaceae.id.4036,adeno,Inverse-Variance Weighted,11,22.056463511054343,-0.04785084936427141,0.0793532501460995,0.9532759581899741,0.8159654874936706,1.1136930009800963,0.5465016511751006,6.298847588759596,0.7895615661203093
family.Verrucomicrobiaceae.id.4036,adeno,MR Egger,11,22.056463511054343,0.010128979347294325,0.26689274561828497,1.010180451097246,0.5987082854584207,1.7044436640753735,0.9705548419110577,6.247077804748275,0.7149576267221287
family.Verrucomicrobiaceae.id.4036,adeno,Egger Intercept,11,22.056463511054343,-0.004769437212293622,0.020961818646508337,0.9952419184927536,0.955180833707261,1.0369831987528155,0.8250965344684864,6.247077804748275,0.7149576267221287
family.Verrucomicrobiaceae.id.4036,adeno,Weighted mode,11,22.056463511054343,-0.03664924094534738,0.12110756456507288,0.9640142127676714,0.760316817455461,1.2222844228649625,0.7683825716399071,,
family.Verrucomicrobiaceae.id.4036,adeno,Weighted Median,11,22.056463511054343,-0.044215092386957436,0.10790062646285492,0.956748146097149,0.7743739982262299,1.182073542186409,0.6819702373912431,,
family.Verrucomicrobiaceae.id.4036,neuro,Inverse-Variance Weighted,11,22.056463511054343,-0.42435784160652107,0.31389548013563784,0.6541897437103036,0.3535985734200414,1.2103109371636858,0.17640471657468437,9.293672791898942,0.5044782534306236
family.Verrucomicrobiaceae.id.4036,neuro,MR Egger,11,22.056463511054343,0.5130433026148259,1.0646216375431041,1.67036689952896,0.20729443460262406,13.459722565106775,0.6413778633720879,8.444575907899027,0.49003708762255127
family.Verrucomicrobiaceae.id.4036,neuro,Egger Intercept,11,22.056463511054343,-0.07689605612054334,0.08344982735428987,0.9259860991918119,0.786267889932607,1.090531950846883,0.38084537376808825,8.444575907899027,0.49003708762255127
family.Verrucomicrobiaceae.id.4036,neuro,Weighted mode,11,22.056463511054343,-0.07362365569342666,0.5797970363982358,0.9290212599204161,0.2981895720142839,2.894402026046618,0.9014718624033572,,
family.Verrucomicrobiaceae.id.4036,neuro,Weighted Median,11,22.056463511054343,-0.24448237052067157,0.4089434215255479,0.7831097940615971,0.3513362711381014,1.7455099286180435,0.5499472928423976,,
family.Victivallaceae.id.2255,adeno,Inverse-Variance Weighted,11,22.80239236628606,-0.0027790356802180898,0.045012057925351234,0.9972248222648215,0.9130152738629475,1.0892012155870927,0.9507700405883248,8.339253015044832,0.5957364124371142
family.Victivallaceae.id.2255,adeno,MR Egger,11,22.80239236628606,0.16909596497826793,0.21856150004168978,1.1842337784399875,0.7716034126763839,1.8175264895911367,0.45896082930676785,7.6934495593556695,0.5653096877681657
family.Victivallaceae.id.2255,adeno,Egger Intercept,11,22.80239236628606,-0.024808030705349756,0.030870389453091243,0.975497159556523,0.9182239222989018,1.0363427538681353,0.4423238792387706,7.6934495593556695,0.5653096877681657
family.Victivallaceae.id.2255,adeno,Weighted mode,11,22.80239236628606,-0.07125449453247418,0.10840722454628815,0.9312248703304926,0.752967920277259,1.1516822108473472,0.5258359385124223,,
family.Victivallaceae.id.2255,adeno,Weighted Median,11,22.80239236628606,-0.03876498456736608,0.0587164429212012,0.961976761967273,0.8574012964972466,1.0793070809964784,0.5091212419163879,,
family.Victivallaceae.id.2255,neuro,Inverse-Variance Weighted,11,22.80239236628606,0.07162114820337678,0.20610498868912636,1.0742482860681595,0.7172400980687075,1.6089582599017362,0.7282169407241764,13.40136229635348,0.20208863889083334
family.Victivallaceae.id.2255,neuro,MR Egger,11,22.80239236628606,1.194858275254416,0.9835229957590571,3.3030896077930287,0.48053904419975696,22.704504636619955,0.2553235024151398,11.639850068496786,0.23438249423444715
family.Victivallaceae.id.2255,neuro,Egger Intercept,11,22.80239236628606,-0.162060900349313,0.13886341921676476,0.8503894139508549,0.6477611786587596,1.1164024322313395,0.273179073366186,11.639850068496786,0.23438249423444715
family.Victivallaceae.id.2255,neuro,Weighted mode,11,22.80239236628606,-0.4158045527440344,0.40558710995303116,0.6598092157836619,0.2979721395614146,1.461036598501592,0.32943265127416044,,
family.Victivallaceae.id.2255,neuro,Weighted Median,11,22.80239236628606,-0.04845732135283398,0.25258556517381864,0.9526979982999185,0.5806976641451117,1.5630052125332146,0.8478634854716961,,
genus..Clostridiuminnocuumgroup.id.14397,adeno,Inverse-Variance Weighted,8,20.881673967197262,-0.024115511048914004,0.0545156912517037,0.9761729444844783,0.8772473670403279,1.0862541779503454,0.6582293847638956,3.5161246754120534,0.8335146353354559
genus..Clostridiuminnocuumgroup.id.14397,adeno,MR Egger,8,20.881673967197262,-0.015162981708606381,0.2737955920037557,0.9849513974590495,0.575910886014363,1.684512793412173,0.9576332734531694,3.515011389094844,0.7419714361015342
genus..Clostridiuminnocuumgroup.id.14397,adeno,Egger Intercept,8,20.881673967197262,-0.0012341309121772083,0.036987739886768095,0.9987666303141938,0.9289223751467612,1.0738623683938802,0.9744650458011153,3.515011389094844,0.7419714361015342
genus..Clostridiuminnocuumgroup.id.14397,adeno,Weighted mode,8,20.881673967197262,0.018626495714841984,0.10300155560524223,1.0188010509861427,0.8325545337462735,1.2467118241731812,0.8616198680551945,,
genus..Clostridiuminnocuumgroup.id.14397,adeno,Weighted Median,8,20.881673967197262,-0.005590514048308215,0.07022927192256116,0.9944250837951631,0.8665461707848637,1.1411754856470602,0.9365524053278061,,
genus..Clostridiuminnocuumgroup.id.14397,neuro,Inverse-Variance Weighted,8,20.881673967197262,-0.1983253656365222,0.21529766820879184,0.8201029763969959,0.5377783485119157,1.2506433064036033,0.3569626176249786,4.7666764305595715,0.6884119586441948
genus..Clostridiuminnocuumgroup.id.14397,neuro,MR Egger,8,20.881673967197262,-0.8381445810391643,1.0821919151429147,0.4325122708785455,0.05185827641758297,3.6072711509765836,0.4680540722035448,4.402724056068501,0.6223485534935826
genus..Clostridiuminnocuumgroup.id.14397,neuro,Egger Intercept,8,20.881673967197262,0.08819802719420834,0.14619637101633468,1.0922043867845563,0.8200853489967754,1.4546174053355987,0.568408067235964,4.402724056068501,0.6223485534935826
genus..Clostridiuminnocuumgroup.id.14397,neuro,Weighted mode,8,20.881673967197262,-0.0777285086950239,0.30403589257191005,0.9252155804342642,0.5098499265999267,1.6789722340198048,0.8055663004987694,,
genus..Clostridiuminnocuumgroup.id.14397,neuro,Weighted Median,8,20.881673967197262,-0.07431707686812156,0.26876059684371756,0.9283772802074339,0.5482149377937419,1.5721650669971787,0.7821504245583583,,
genus..Eubacteriumbrachygroup.id.11296,adeno,Inverse-Variance Weighted,10,20.651274947449927,0.021158876369671054,0.056639437023349073,1.0213843125790942,0.9140642448791252,1.141304804150417,0.7087231813431376,11.060619223521313,0.2715766818704413
genus..Eubacteriumbrachygroup.id.11296,adeno,MR Egger,10,20.651274947449927,-0.0766910723167144,0.2394730860165227,0.9261759308002548,0.5792284492659526,1.4809387485728602,0.7569839522851189,10.819994619584008,0.21210863659048887
genus..Eubacteriumbrachygroup.id.11296,adeno,Egger Intercept,10,20.651274947449927,0.012669011218445702,0.03003594038100093,1.0127496031213623,0.9548496056206756,1.07416053018713,0.6842805347791784,10.819994619584008,0.21210863659048887
genus..Eubacteriumbrachygroup.id.11296,adeno,Weighted mode,10,20.651274947449927,-0.11687563074368795,0.15085428481161656,0.8896958370925202,0.6619600786785435,1.1957800901225522,0.45835273890083017,,
genus..Eubacteriumbrachygroup.id.11296,adeno,Weighted Median,10,20.651274947449927,-0.034664211042324776,0.06610720094310188,0.9659297103379556,0.8485431637982176,1.0995553851818407,0.6000256564941091,,
genus..Eubacteriumbrachygroup.id.11296,neuro,Inverse-Variance Weighted,10,20.651274947449927,-0.15094154458511516,0.20165308477389818,0.8598979628822621,0.579157052272464,1.2767253781470014,0.454146035183976,8.075851148927434,0.5265207174455855
genus..Eubacteriumbrachygroup.id.11296,neuro,MR Egger,10,20.651274947449927,0.400768530129227,0.8128799436305935,1.492971650546412,0.3034688956045759,7.34495159675161,0.6352431962040939,7.584996160354528,0.47502085691278495
genus..Eubacteriumbrachygroup.id.11296,neuro,Egger Intercept,10,20.651274947449927,-0.07141060185812835,0.10192625999519819,0.9310795106525531,0.7624746084498221,1.1369677698769538,0.5034098351939373,7.584996160354528,0.47502085691278495
genus..Eubacteriumbrachygroup.id.11296,neuro,Weighted mode,10,20.651274947449927,-0.03845162319707285,0.4188540100267786,0.9622782555593489,0.4234137342313802,2.1869376599303445,0.9288662641855028,,
genus..Eubacteriumbrachygroup.id.11296,neuro,Weighted Median,10,20.651274947449927,-0.15960004562228317,0.25065523152164276,0.8524846757700932,0.5215843360473428,1.3933127822244986,0.5242998450554383,,
genus..Eubacteriumcoprostanoligenesgroup.id.11375,adeno,Inverse-Variance Weighted,13,21.655690126009176,0.035149215735605116,0.09387943338892035,1.0357742510860626,0.8616945049822453,1.2450216323881502,0.7081007535887649,7.898760056882503,0.7929910547678541
genus..Eubacteriumcoprostanoligenesgroup.id.11375,adeno,MR Egger,13,21.655690126009176,0.5110585696549075,0.3580086652229914,1.6670549550381955,0.8264313599913032,3.3627381022262326,0.18120207727779727,6.001175619317842,0.8732858008765476
genus..Eubacteriumcoprostanoligenesgroup.id.11375,adeno,Egger Intercept,13,21.655690126009176,-0.030843960177713944,0.02239079835063575,0.9696268616753755,0.9279940805397856,1.0131274224675724,0.19572960096076536,6.001175619317842,0.8732858008765476
genus..Eubacteriumcoprostanoligenesgroup.id.11375,adeno,Weighted mode,13,21.655690126009176,-0.12657165000620385,0.15710003024890484,0.8811110156720322,0.647596339700411,1.1988279956890366,0.4361046621715088,,
genus..Eubacteriumcoprostanoligenesgroup.id.11375,adeno,Weighted Median,13,21.655690126009176,-0.015489632773103345,0.13120704298067462,0.9846297145784797,0.7613550772165766,1.2733817686949156,0.906024167517741,,
genus..Eubacteriumcoprostanoligenesgroup.id.11375,neuro,Inverse-Variance Weighted,13,21.655690126009176,-0.12079019009273198,0.39556363936392397,0.8862198777988328,0.4081604495242484,1.9242081703928526,0.7600902944282337,13.609839319815396,0.3263136727665225
genus..Eubacteriumcoprostanoligenesgroup.id.11375,neuro,MR Egger,13,21.655690126009176,1.0050651987381012,1.5347913192575438,2.73208539553935,0.13491291442809028,55.32673161914336,0.526017931241879,12.930527566833398,0.29789035199817193
genus..Eubacteriumcoprostanoligenesgroup.id.11375,neuro,Egger Intercept,13,21.655690126009176,-0.072970656321112,0.09598988422471734,0.929628108334264,0.7701955545722924,1.1220636300414084,0.46312297404330793,12.930527566833398,0.29789035199817193
genus..Eubacteriumcoprostanoligenesgroup.id.11375,neuro,Weighted mode,13,21.655690126009176,-0.9965676375796324,0.7838306417054381,0.3691443062364101,0.07943027427343952,1.7155614792120473,0.22767467650293044,,
genus..Eubacteriumcoprostanoligenesgroup.id.11375,neuro,Weighted Median,13,21.655690126009176,-0.4410132024448746,0.49726294248496256,0.6433842122722878,0.24276811033416051,1.7050972799988278,0.3751428131280774,,
genus..Eubacteriumeligensgroup.id.14372,adeno,Inverse-Variance Weighted,7,20.734088913240065,0.050654835277371905,0.11527192374705705,1.0519597312226001,0.8392235706335811,1.3186227303869344,0.660344375410377,2.538282259486748,0.8641589088526441
genus..Eubacteriumeligensgroup.id.14372,adeno,MR Egger,7,20.734088913240065,0.07225340920381047,0.4454452741897153,1.0749277061269928,0.44896096699803123,2.573652629816493,0.8774958141812997,2.535762469991691,0.7710998039929823
genus..Eubacteriumeligensgroup.id.14372,adeno,Egger Intercept,7,20.734088913240065,-0.0017820831797389573,0.03550142949127667,0.9982195037876482,0.9311220776716184,1.0701520258587154,0.9619085772174785,2.535762469991691,0.7710998039929823
genus..Eubacteriumeligensgroup.id.14372,adeno,Weighted mode,7,20.734088913240065,-0.0014675070302000437,0.21953828517239962,0.9985335692317034,0.6493635523732814,1.5354561943591314,0.9948832782969288,,
genus..Eubacteriumeligensgroup.id.14372,adeno,Weighted Median,7,20.734088913240065,-0.001659695423776023,0.14069933768325726,0.9983416811090268,0.757728302716242,1.3153608076493373,0.9905883377562483,,
genus..Eubacteriumeligensgroup.id.14372,neuro,Inverse-Variance Weighted,7,20.734088913240065,-0.07332159156621254,0.4561807889600429,0.9293019263039464,0.3800562777337825,2.2723005008146493,0.872306658558315,1.1485839835434797,0.9793481196624322
genus..Eubacteriumeligensgroup.id.14372,neuro,MR Egger,7,20.734088913240065,-0.6988695673240217,1.760246007594754,0.49714697745254327,0.015780950321591224,15.661611763142437,0.7077264306171369,1.0131996092142308,0.9614941226733889
genus..Eubacteriumeligensgroup.id.14372,neuro,Egger Intercept,7,20.734088913240065,0.05162943696626677,0.14031791338833044,1.0529854727168038,0.7997999274537909,1.3863197128342966,0.7279761809722824,1.0131996092142308,0.9614941226733889
genus..Eubacteriumeligensgroup.id.14372,neuro,Weighted mode,7,20.734088913240065,0.1544709202468033,0.6649381838719128,1.1670403403189793,0.31701445076254553,4.296280982320298,0.8240193308622552,,
genus..Eubacteriumeligensgroup.id.14372,neuro,Weighted Median,7,20.734088913240065,0.022415421554902795,0.536593054316579,1.0226685347919837,0.3572544646763796,2.9274677728687624,0.9666791838431994,,
genus..Eubacteriumfissicatenagroup.id.14373,adeno,Inverse-Variance Weighted,9,21.159688153438015,-0.010390348585401336,0.06715821552267481,0.9896634446152194,0.8676035129364942,1.1288955369632683,0.8770464117958341,12.256019299310628,0.1401412692029088
genus..Eubacteriumfissicatenagroup.id.14373,adeno,MR Egger,9,21.159688153438015,-0.3099370137715343,0.35382300350554097,0.7334931547367612,0.3666197393510624,1.467493837069434,0.41009821674355196,11.077904944599597,0.13525676020723382
genus..Eubacteriumfissicatenagroup.id.14373,adeno,Egger Intercept,9,21.159688153438015,0.03943471040479237,0.04570510691224207,1.0402225809565786,0.9510893195404201,1.1377091464499192,0.4168213740444072,11.077904944599597,0.13525676020723382
genus..Eubacteriumfissicatenagroup.id.14373,adeno,Weighted mode,9,21.159688153438015,-0.04446300653156576,0.11485546105939204,0.9565109840980255,0.7637004023782279,1.1980002365470221,0.7087612740478859,,
genus..Eubacteriumfissicatenagroup.id.14373,adeno,Weighted Median,9,21.159688153438015,-0.03062422379318703,0.07104081461057865,0.9698399473867848,0.8437793768197647,1.1147339569880432,0.6664107199253158,,
genus..Eubacteriumfissicatenagroup.id.14373,neuro,Inverse-Variance Weighted,9,21.159688153438015,0.09541192351750323,0.215014570002336,1.10011192377817,0.7217931812499525,1.676721637551471,0.6572260046850666,3.979221221553004,0.8589933088983029
genus..Eubacteriumfissicatenagroup.id.14373,neuro,MR Egger,9,21.159688153438015,-0.3470762185809843,1.1120960876350552,0.7067514586115576,0.07991557209881467,6.250316566988236,0.7640616113086262,3.8147597288422626,0.8008492266080272
genus..Eubacteriumfissicatenagroup.id.14373,neuro,Egger Intercept,9,21.159688153438015,0.05825058869579901,0.1436376214740972,1.0599805815840002,0.7998915288910259,1.4046389951058287,0.6971905414635886,3.8147597288422626,0.8008492266080272
genus..Eubacteriumfissicatenagroup.id.14373,neuro,Weighted mode,9,21.159688153438015,0.1583474082515559,0.37651432146716074,1.1715731381913235,0.5601107976795443,2.4505573251183077,0.6851449440567478,,
genus..Eubacteriumfissicatenagroup.id.14373,neuro,Weighted Median,9,21.159688153438015,0.07349669841059445,0.28420561479474066,1.0762649832809594,0.616592882592126,1.8786242055975955,0.7959408248907973,,
genus..Eubacteriumhalliigroup.id.11338,adeno,Inverse-Variance Weighted,14,20.97831135033856,-0.015601794708303677,0.09098954636350955,0.9845192827974737,0.8237062498096948,1.1767280124728805,0.8638557972338586,18.959526261363152,0.12436390881955092
genus..Eubacteriumhalliigroup.id.11338,adeno,MR Egger,14,20.97831135033856,0.11442843504099796,0.19222941431947688,1.1212323972421336,0.7692484982368528,1.6342730489650685,0.5627208237314139,18.06357133330601,0.11377386658214729
genus..Eubacteriumhalliigroup.id.11338,adeno,Egger Intercept,14,20.97831135033856,-0.012084683395624435,0.015664025512517023,0.9879880431369331,0.9581162389028033,1.0187911797626568,0.4553390533246121,18.06357133330601,0.11377386658214729
genus..Eubacteriumhalliigroup.id.11338,adeno,Weighted mode,14,20.97831135033856,-0.070814052125723,0.15961449557409507,0.9316351115907996,0.6813640981872008,1.2738328647752426,0.6645851556740623,,
genus..Eubacteriumhalliigroup.id.11338,adeno,Weighted Median,14,20.97831135033856,-0.0339927559087551,0.10469654266430937,0.9665785065950423,0.7872590057744268,1.1867428667804911,0.7454241229179013,,
genus..Eubacteriumhalliigroup.id.11338,neuro,Inverse-Variance Weighted,14,20.97831135033856,0.21769123111179178,0.3089121044741318,1.243203145897395,0.6785639896719852,2.277683586947037,0.48099519612467134,13.940943620778935,0.378016154617591
genus..Eubacteriumhalliigroup.id.11338,neuro,MR Egger,14,20.97831135033856,0.41137788607074594,0.6649073370070346,1.5088954394068543,0.40990063821840533,5.554432549699243,0.5476793139629523,13.813804320757548,0.31275616909641896
genus..Eubacteriumhalliigroup.id.11338,neuro,Egger Intercept,14,20.97831135033856,-0.018010722846024643,0.0541947555923566,0.9821505008532433,0.8831745285721825,1.0922185537730185,0.7453708516113873,13.813804320757548,0.31275616909641896
genus..Eubacteriumhalliigroup.id.11338,neuro,Weighted mode,14,20.97831135033856,0.8205512899595773,0.8381620685304217,2.2717518863853297,0.43944339494538287,11.744076012194318,0.3454535739115242,,
genus..Eubacteriumhalliigroup.id.11338,neuro,Weighted Median,14,20.97831135033856,0.2931912726072493,0.4171399334535099,1.34069920494083,0.5919086301565887,3.036742947392834,0.48214255435315556,,
genus..Eubacteriumnodatumgroup.id.11297,adeno,Inverse-Variance Weighted,11,21.579470018110598,-0.02071761229620277,0.04422351715903987,0.9794955230108929,0.8981701913928404,1.0681845031068913,0.6394449434028966,6.0022063233385134,0.8150778447040198
genus..Eubacteriumnodatumgroup.id.11297,adeno,MR Egger,11,21.579470018110598,0.17643193424652684,0.19711897958975563,1.1929532247359906,0.8106480692258515,1.755555154491467,0.3940662064928777,4.948879443912604,0.8387415931674573
genus..Eubacteriumnodatumgroup.id.11297,adeno,Egger Intercept,11,21.579470018110598,-0.029395141738830507,0.028641382363767988,0.9710326931027423,0.9180235352419521,1.0271027428788684,0.3315346615705602,4.948879443912604,0.8387415931674573
genus..Eubacteriumnodatumgroup.id.11297,adeno,Weighted mode,11,21.579470018110598,0.022314407208126774,0.07561683046659434,1.0225652358154005,0.8817077910730997,1.1859253962422056,0.7739545792724457,,
genus..Eubacteriumnodatumgroup.id.11297,adeno,Weighted Median,11,21.579470018110598,0.009085162332774621,0.05986997933065219,1.0091265576862818,0.8973942461453606,1.134770379687518,0.8793855295676088,,
genus..Eubacteriumnodatumgroup.id.11297,neuro,Inverse-Variance Weighted,11,21.579470018110598,-0.12994506644451692,0.1754173547686901,0.8781436691495719,0.6226547533430814,1.238465296421785,0.4588289235017404,7.6195162116974915,0.6659465484261441
genus..Eubacteriumnodatumgroup.id.11297,neuro,MR Egger,11,21.579470018110598,-0.8796291793294927,0.7820812072653777,0.41493675028050947,0.08959028908974873,1.9217764389717829,0.2898046125185834,6.651973009785365,0.6733023809196187
genus..Eubacteriumnodatumgroup.id.11297,neuro,Egger Intercept,11,21.579470018110598,0.11165402438744947,0.11351132631621828,1.1181259494077234,0.8950925348191718,1.3967333991803337,0.35099599775601864,6.651973009785365,0.6733023809196187
genus..Eubacteriumnodatumgroup.id.11297,neuro,Weighted mode,11,21.579470018110598,-0.029303243780688604,0.26347209074161,0.9711219331249527,0.5794310868100527,1.6275927033675044,0.9136429036173153,,
genus..Eubacteriumnodatumgroup.id.11297,neuro,Weighted Median,11,21.579470018110598,-0.06572400859364494,0.21251292362110819,0.9363892640217993,0.6173931024599676,1.4202051339440438,0.7571156603076703,,
genus..Eubacteriumoxidoreducensgroup.id.11339,adeno,Inverse-Variance Weighted,5,21.79158706829848,0.0856052773159346,0.08089925482233026,1.0893762419141202,0.9296405600287778,1.2765585404429804,0.2899773099262053,2.0088852676891213,0.7341245340510971
genus..Eubacteriumoxidoreducensgroup.id.11339,adeno,MR Egger,5,21.79158706829848,-0.07381861514424223,0.2982645187676281,0.9288401561003103,0.5176701208466928,1.666590364870506,0.8204978443666495,1.700502687796749,0.6368220424231501
genus..Eubacteriumoxidoreducensgroup.id.11339,adeno,Egger Intercept,5,21.79158706829848,0.017877736330403675,0.03219345659118709,1.0180384996576992,0.9557858105372439,1.084345860086311,0.6173972436640326,1.700502687796749,0.6368220424231501
genus..Eubacteriumoxidoreducensgroup.id.11339,adeno,Weighted mode,5,21.79158706829848,0.029895408131218992,0.11519722509888757,1.030346762424228,0.8221017130620718,1.291341976267032,0.8080472347505973,,
genus..Eubacteriumoxidoreducensgroup.id.11339,adeno,Weighted Median,5,21.79158706829848,0.0539791678760601,0.09336302916370179,1.0554626143980579,0.8789630933335165,1.2674039886783772,0.5631532170592253,,
genus..Eubacteriumoxidoreducensgroup.id.11339,neuro,Inverse-Variance Weighted,5,21.79158706829848,-0.35813924468421465,0.36580563095531543,0.6989757395738315,0.3412573885268464,1.4316674186069662,0.32755900051422715,5.224997872001355,0.26498046383393287
genus..Eubacteriumoxidoreducensgroup.id.11339,neuro,MR Egger,5,21.79158706829848,-1.31477248532829,1.4564537090750211,0.2685354120357862,0.015461197898144801,4.664015556380796,0.43321213177666135,4.523418034707596,0.21021093951646097
genus..Eubacteriumoxidoreducensgroup.id.11339,neuro,Egger Intercept,5,21.79158706829848,0.10716897361034702,0.15710979318853915,1.1131223268875732,0.8181036646244052,1.5145284982734486,0.5441042041809621,4.523418034707596,0.21021093951646097
genus..Eubacteriumoxidoreducensgroup.id.11339,neuro,Weighted mode,5,21.79158706829848,-0.4672887810115336,0.5704642135371816,0.6266990854824087,0.204866109104242,1.9171142824050202,0.4587049204601798,,
genus..Eubacteriumoxidoreducensgroup.id.11339,neuro,Weighted Median,5,21.79158706829848,-0.31522521574433027,0.45825620123595634,0.7296245328313686,0.2971829400124583,1.7913274526696448,0.4915284345513482,,
genus..Eubacteriumrectalegroup.id.14374,adeno,Inverse-Variance Weighted,9,21.113908822914564,-0.11551778139892468,0.10640943916180684,0.8909047305638169,0.7231921806217015,1.0975108141499306,0.27765727159798115,7.709739957866532,0.4623248352966306
genus..Eubacteriumrectalegroup.id.14374,adeno,MR Egger,9,21.113908822914564,0.13503741146618378,0.4116594640368482,1.1445796039514853,0.5107805985385236,2.564824258263076,0.7524811896524335,7.2947952917331005,0.3988446914397889
genus..Eubacteriumrectalegroup.id.14374,adeno,Egger Intercept,9,21.113908822914564,-0.01604485980404815,0.025427189989863277,0.9840831732867641,0.9362411917700957,1.0343698829520775,0.548074298736406,7.2947952917331005,0.3988446914397889
genus..Eubacteriumrectalegroup.id.14374,adeno,Weighted mode,9,21.113908822914564,-0.049365271471315086,0.21450976285762716,0.9518333886101173,0.6251245265122538,1.449290119406728,0.8237656666960095,,
genus..Eubacteriumrectalegroup.id.14374,adeno,Weighted Median,9,21.113908822914564,-0.05494320902754571,0.12942847655131734,0.9465389012917874,0.7344575914147481,1.2198606184093879,0.6711965817194648,,
genus..Eubacteriumrectalegroup.id.14374,neuro,Inverse-Variance Weighted,9,21.113908822914564,-0.23191208769854676,0.42030346001164204,0.7930158360895727,0.34794638773056186,1.8073879725856599,0.5811039097925723,4.218663548445069,0.8368755219604193
genus..Eubacteriumrectalegroup.id.14374,neuro,MR Egger,9,21.113908822914564,0.979571899582172,1.5921518384688569,2.6633158312215297,0.11753187520852901,60.35172334526395,0.5578533167773678,3.59630925398042,0.8249217429243088
genus..Eubacteriumrectalegroup.id.14374,neuro,Egger Intercept,9,21.113908822914564,-0.07759915005117443,0.09836443893069798,0.9253352728084723,0.7630792014825841,1.1220923928209985,0.4560569128285057,3.59630925398042,0.8249217429243088
genus..Eubacteriumrectalegroup.id.14374,neuro,Weighted mode,9,21.113908822914564,-0.726586600784294,0.8539224758793423,0.4835567484877527,0.09069304070664143,2.578225707134381,0.4195727936707666,,
genus..Eubacteriumrectalegroup.id.14374,neuro,Weighted Median,9,21.113908822914564,-0.36155659862294626,0.4923219960830168,0.696591168858829,0.2654025070169644,1.8283145173948694,0.46271077288766926,,
genus..Eubacteriumruminantiumgroup.id.11340,adeno,Inverse-Variance Weighted,18,21.49746441229735,0.0027834174804540856,0.049095589165468016,1.002787294783439,0.9107890773044095,1.1040781928953634,0.954789081034442,15.165753636310187,0.5835438578430199
genus..Eubacteriumruminantiumgroup.id.11340,adeno,MR Egger,18,21.49746441229735,0.14337803623196652,0.1636276935950346,1.1541660357838956,0.8375014841087794,1.590563435925914,0.39386223111661955,14.354428129366031,0.5723279323855834
genus..Eubacteriumruminantiumgroup.id.11340,adeno,Egger Intercept,18,21.49746441229735,-0.01417130926519795,0.015733031456514033,0.9859286310857499,0.955989785204869,1.0168050753662696,0.3810868633043135,14.354428129366031,0.5723279323855834
genus..Eubacteriumruminantiumgroup.id.11340,adeno,Weighted mode,18,21.49746441229735,-0.03811326146298788,0.11849953121297042,0.9626039087897611,0.7630953085108307,1.2142733350380377,0.7516523050877222,,
genus..Eubacteriumruminantiumgroup.id.11340,adeno,Weighted Median,18,21.49746441229735,-0.018149157956735273,0.06778667049012901,0.9820145461505925,0.8598382127707828,1.1215511878028535,0.7888999712295345,,
genus..Eubacteriumruminantiumgroup.id.11340,neuro,Inverse-Variance Weighted,18,21.49746441229735,-0.04836558634469599,0.1938734203408334,0.9527853980672935,0.651578440242939,1.3932321247949526,0.8029973071168924,14.216798610626864,0.6517005695704028
genus..Eubacteriumruminantiumgroup.id.11340,neuro,MR Egger,18,21.49746441229735,-0.11464204423769066,0.6448513675129208,0.8916852706675942,0.25194342401256836,3.155877654047745,0.8611265981414028,14.205185627482898,0.5834310232793665
genus..Eubacteriumruminantiumgroup.id.11340,neuro,Egger Intercept,18,21.49746441229735,0.006686509006894972,0.06204796409879417,1.0067089136166156,0.8914307697362461,1.136894609387341,0.9155230312194502,14.205185627482898,0.5834310232793665
genus..Eubacteriumruminantiumgroup.id.11340,neuro,Weighted mode,18,21.49746441229735,-0.135696149503318,0.5680775792220935,0.8731078864528599,0.28675467928031834,2.658430485945002,0.8140629753275095,,
genus..Eubacteriumruminantiumgroup.id.11340,neuro,Weighted Median,18,21.49746441229735,-0.06294578577083682,0.25401085655607564,0.9389943791656752,0.5707482472017528,1.5448325043967375,0.8042833808732125,,
genus..Eubacteriumventriosumgroup.id.11341,adeno,Inverse-Variance Weighted,14,21.589038681313546,-0.06572639257768785,0.12981376613968454,0.9363870316873969,0.7260318647999697,1.2076889674173024,0.6126369642586054,32.94321913945088,0.0017377520173285275
genus..Eubacteriumventriosumgroup.id.11341,adeno,MR Egger,14,21.589038681313546,-0.4852874224605658,0.5960884095044275,0.6155202569904784,0.19135580986095235,1.9798990531874883,0.4314355514142788,31.572265611259624,0.0016103030287151407
genus..Eubacteriumventriosumgroup.id.11341,adeno,Egger Intercept,14,21.589038681313546,0.03169155656187065,0.04390302597311738,1.032199081166296,0.9470926319738966,1.1249532592604001,0.4842135965904971,31.572265611259624,0.0016103030287151407
genus..Eubacteriumventriosumgroup.id.11341,adeno,Weighted mode,14,21.589038681313546,0.1963600422445031,0.21959919535750524,1.2169649852707207,0.7913187822908466,1.8715640378047127,0.3874836145606607,,
genus..Eubacteriumventriosumgroup.id.11341,adeno,Weighted Median,14,21.589038681313546,0.07846885621679348,0.14228797795630793,1.0816296685978073,0.8183905751693051,1.4295408274331287,0.5813052408788384,,
genus..Eubacteriumventriosumgroup.id.11341,neuro,Inverse-Variance Weighted,14,21.589038681313546,0.5909547915920237,0.3232768001337494,1.8057116709130114,0.958229721777268,3.402727513423297,0.0675473228475931,12.690367557304386,0.4720029462229769
genus..Eubacteriumventriosumgroup.id.11341,neuro,MR Egger,14,21.589038681313546,1.3068090013179754,1.484643950605504,3.6943661657309748,0.2012729882517921,67.81009953220222,0.39602790408007427,12.43695913768428,0.41125502951032294
genus..Eubacteriumventriosumgroup.id.11341,neuro,Egger Intercept,14,21.589038681313546,-0.05408736566244866,0.10938349355591556,0.9473493370838438,0.7645414680487722,1.1738680032146356,0.6298992000006933,12.43695913768428,0.41125502951032294
genus..Eubacteriumventriosumgroup.id.11341,neuro,Weighted mode,14,21.589038681313546,0.9355261098992518,0.705236169321991,2.548553924540139,0.6397122699181899,10.153200761835597,0.207492333973959,,
genus..Eubacteriumventriosumgroup.id.11341,neuro,Weighted Median,14,21.589038681313546,0.9338922479927682,0.4196627434317275,2.544393339202718,1.1177897196553415,5.791731083888772,0.026058428743046425,,
genus..Eubacteriumxylanophilumgroup.id.14375,adeno,Inverse-Variance Weighted,9,21.673394738631497,0.07080710983138719,0.13181906829227635,1.0733741625755588,0.8289808170171794,1.3898175557672836,0.5911613998734535,18.401118750422093,0.018412283953535256
genus..Eubacteriumxylanophilumgroup.id.14375,adeno,MR Egger,9,21.673394738631497,-0.7073031111516439,0.2858627336297133,0.49297189673842473,0.2815080967141672,0.8632834856634154,0.04256553747654922,8.400331966601145,0.29861926849821335
genus..Eubacteriumxylanophilumgroup.id.14375,adeno,Egger Intercept,9,21.673394738631497,0.06742337806405689,0.023355686020138395,1.0697482902726454,1.0218822127882088,1.1198564670372864,0.0234227459186582,8.400331966601145,0.29861926849821335
genus..Eubacteriumxylanophilumgroup.id.14375,adeno,Weighted mode,9,21.673394738631497,-0.09969144359431725,0.19569255957486198,0.9051166544952797,0.6167763130970658,1.3282548970323367,0.6242031707785016,,
genus..Eubacteriumxylanophilumgroup.id.14375,adeno,Weighted Median,9,21.673394738631497,-0.054071527879420864,0.11773668852665979,0.9473643411159111,0.7521380179297237,1.193263966749574,0.6460488327049814,,
genus..Eubacteriumxylanophilumgroup.id.14375,neuro,Inverse-Variance Weighted,9,21.673394738631497,-0.2484063064642047,0.34591861525223216,0.7800429423927894,0.3959739739014416,1.5366337993927064,0.4726918002021182,8.144321541260265,0.4195009456372635
genus..Eubacteriumxylanophilumgroup.id.14375,neuro,MR Egger,9,21.673394738631497,-1.681248378211555,1.0265009288969016,0.1861414559951975,0.024892463329704174,1.3919330192872403,0.14546507562110852,5.951292937358974,0.5454480415781742
genus..Eubacteriumxylanophilumgroup.id.14375,neuro,Egger Intercept,9,21.673394738631497,0.12436076229873429,0.08397716852576588,1.1324243333214736,0.9605641719592701,1.3350330026185484,0.1821850193971037,5.951292937358974,0.5454480415781742
genus..Eubacteriumxylanophilumgroup.id.14375,neuro,Weighted mode,9,21.673394738631497,-0.7033457330435433,0.6522314209709288,0.4949266382049555,0.1378320563189204,1.777180024348472,0.31230748285566223,,
genus..Eubacteriumxylanophilumgroup.id.14375,neuro,Weighted Median,9,21.673394738631497,-0.31723184171941265,0.47347343331915454,0.7281619172437209,0.2878718765203218,1.8418602891436724,0.50285154113763,,
genus..Ruminococcusgauvreauiigroup.id.11342,adeno,Inverse-Variance Weighted,12,21.882072972058953,-0.03582392671037965,0.10586960297817091,0.9648101558265689,0.7840140416317045,1.187298424973063,0.7350784775487247,18.921704076704522,0.0625135058656905
genus..Ruminococcusgauvreauiigroup.id.11342,adeno,MR Egger,12,21.882072972058953,0.6300676104406217,0.403724734021118,1.8777375296344598,0.8510938553001501,4.142784263146004,0.14967099564477865,14.679348406702562,0.14419687183095237
genus..Ruminococcusgauvreauiigroup.id.11342,adeno,Egger Intercept,12,21.882072972058953,-0.04913631253674974,0.028903631565804708,0.9520513443191585,0.8996158587305103,1.0075431123446206,0.11996842040285856,14.679348406702562,0.14419687183095237
genus..Ruminococcusgauvreauiigroup.id.11342,adeno,Weighted mode,12,21.882072972058953,-0.0051076107018490635,0.26710298655893755,0.9949054109623948,0.5894122268297194,1.6793624762185577,0.9850860264675014,,
genus..Ruminococcusgauvreauiigroup.id.11342,adeno,Weighted Median,12,21.882072972058953,0.02331647702727399,0.12413684544234575,1.0235904311491846,0.8025254267632475,1.3055503736073726,0.8510108438230701,,
genus..Ruminococcusgauvreauiigroup.id.11342,neuro,Inverse-Variance Weighted,12,21.882072972058953,0.5920793329657135,0.35017142908326593,1.8077434105694494,0.9100491517320816,3.590944766266147,0.09086983462412036,13.583217317336333,0.2569192392983313
genus..Ruminococcusgauvreauiigroup.id.11342,neuro,MR Egger,12,21.882072972058953,1.658417701883852,1.4381931477226877,5.25099562711673,0.31334800542669455,87.99467237218305,0.2756764592431871,12.831513981706436,0.233245243079828
genus..Ruminococcusgauvreauiigroup.id.11342,neuro,Egger Intercept,12,21.882072972058953,-0.07941826115970901,0.10376146290799322,0.9236535152502833,0.7536774946078051,1.1319640328097573,0.4617200239758217,12.831513981706436,0.233245243079828
genus..Ruminococcusgauvreauiigroup.id.11342,neuro,Weighted mode,12,21.882072972058953,1.5105310168738626,0.944736915703893,4.529135203083781,0.7109498842815117,28.853040335667732,0.13815036924636798,,
genus..Ruminococcusgauvreauiigroup.id.11342,neuro,Weighted Median,12,21.882072972058953,0.515765206174957,0.3910541393860735,1.6749196704303106,0.7782551073903059,3.6046739375748866,0.18719921012384255,,
genus..Ruminococcusgnavusgroup.id.14376,adeno,Inverse-Variance Weighted,11,21.89764437551889,-0.015686389047407545,0.05942189957471403,0.9844360015620206,0.876206651599844,1.1060338784257537,0.7917927883376543,6.513567086703619,0.7704297774296118
genus..Ruminococcusgnavusgroup.id.14376,adeno,MR Egger,11,21.89764437551889,0.19483515193654438,0.28404632675803615,1.2151106613391718,0.6963550297359911,2.1203177348484186,0.5100407380971408,5.939120662205014,0.7459955721976856
genus..Ruminococcusgnavusgroup.id.14376,adeno,Egger Intercept,11,21.89764437551889,-0.02363093737497359,0.031178569388220178,0.9766460868214903,0.91875027110406,1.0381902557236862,0.4678779450811432,5.939120662205014,0.7459955721976856
genus..Ruminococcusgnavusgroup.id.14376,adeno,Weighted mode,11,21.89764437551889,-0.1247928078187758,0.1474123307461705,0.882679767986252,0.6611854120749111,1.1783738094995817,0.4170410049168948,,
genus..Ruminococcusgnavusgroup.id.14376,adeno,Weighted Median,11,21.89764437551889,-0.10442754975301956,0.08588697194640858,0.9008400611275869,0.7612708929376295,1.0659974304295925,0.22403375060685882,,
genus..Ruminococcusgnavusgroup.id.14376,neuro,Inverse-Variance Weighted,11,21.89764437551889,-0.15108753098469213,0.23499300028650813,0.8597724386372966,0.5424421628298371,1.362741867969824,0.5202599089677207,8.398681111712408,0.5899552348600816
genus..Ruminococcusgnavusgroup.id.14376,neuro,MR Egger,11,21.89764437551889,0.8824250384258784,1.1280331014003833,2.41675332560327,0.26486901973957416,22.051263838093202,0.4541450973142198,7.5211623873401905,0.58302483111928
genus..Ruminococcusgnavusgroup.id.14376,neuro,Egger Intercept,11,21.89764437551889,-0.1159495452624268,0.12377725685735148,0.8905201531246313,0.6986866163346747,1.1350240931783544,0.37333662491195063,7.5211623873401905,0.58302483111928
genus..Ruminococcusgnavusgroup.id.14376,neuro,Weighted mode,11,21.89764437551889,0.21124695155776907,0.569577490552615,1.2352173562498943,0.40449134887231886,3.772050802655357,0.7184603307832284,,
genus..Ruminococcusgnavusgroup.id.14376,neuro,Weighted Median,11,21.89764437551889,-0.05242973880590612,0.34777406593933485,0.9489209910355486,0.4799530904682763,1.8761230318349318,0.8801665819620101,,
genus..Ruminococcustorquesgroup.id.14377,adeno,Inverse-Variance Weighted,9,21.3839405357295,-0.1654214433508856,0.12184634954841021,0.8475364402126006,0.6674837133602061,1.076158119082987,0.17458324525433733,8.890496288241703,0.3516176870453646
genus..Ruminococcustorquesgroup.id.14377,adeno,MR Egger,9,21.3839405357295,-0.30001266519406206,0.41248041561226245,0.7408088381346042,0.3300621596136138,1.6627102461572405,0.49062361408782773,8.743054579871226,0.271633892351717
genus..Ruminococcustorquesgroup.id.14377,adeno,Egger Intercept,9,21.3839405357295,0.008674423813586208,0.02524718920102267,1.0087121556495695,0.960011450468131,1.059883413327036,0.7412509740191714,8.743054579871226,0.271633892351717
genus..Ruminococcustorquesgroup.id.14377,adeno,Weighted mode,9,21.3839405357295,-0.38117592534942135,0.2924455513303169,0.6830577118824166,0.3850549583361899,1.211691546001815,0.2286932224614535,,
genus..Ruminococcustorquesgroup.id.14377,adeno,Weighted Median,9,21.3839405357295,-0.19257392294735126,0.16672446745625066,0.8248333418381525,0.5949048042097071,1.1436284208726402,0.24807283317147766,,
genus..Ruminococcustorquesgroup.id.14377,neuro,Inverse-Variance Weighted,9,21.3839405357295,-0.3205512426846202,0.45825536232370956,0.725748863035699,0.2956048292770442,1.7818092264790766,0.484237408965827,7.953388034440149,0.43803654858309893
genus..Ruminococcustorquesgroup.id.14377,neuro,MR Egger,9,21.3839405357295,-3.043917286438663,1.4756104020153349,0.04764787306789236,0.0026422784774945522,0.8592280591282461,0.07803966234574276,4.183632647572943,0.758400307596806
genus..Ruminococcustorquesgroup.id.14377,neuro,Egger Intercept,9,21.3839405357295,0.17501157063231576,0.09013846896318882,1.19126000016407,0.9983415482180191,1.4214578072243023,0.09331683793232783,4.183632647572943,0.758400307596806
genus..Ruminococcustorquesgroup.id.14377,neuro,Weighted mode,9,21.3839405357295,-0.9903217051574504,0.9416655580084499,0.37145717211011153,0.058660646236073234,2.3521805429274365,0.3236774947549265,,
genus..Ruminococcustorquesgroup.id.14377,neuro,Weighted Median,9,21.3839405357295,-0.490023379442759,0.59927708073749,0.6126120714881296,0.18926512716331353,1.9828985706867328,0.41353374229460493,,
genus.Actinomyces.id.423,adeno,Inverse-Variance Weighted,7,20.731032824738666,0.07059346734848633,0.07716543085576875,1.073144868748708,0.9225157988136746,1.2483687659362075,0.36027941153589416,4.755334274901916,0.5755543053143284
genus.Actinomyces.id.423,adeno,MR Egger,7,20.731032824738666,0.28666874011416,0.18896521122325843,1.3319829078802854,0.919704299782348,1.9290748855964772,0.18970352583700445,3.186148697983598,0.6713121447173793
genus.Actinomyces.id.423,adeno,Egger Intercept,7,20.731032824738666,-0.026615937825099918,0.021247342542797733,0.9737351445561299,0.9340169163355765,1.0151423546627598,0.2657205737346129,3.186148697983598,0.6713121447173793
genus.Actinomyces.id.423,adeno,Weighted mode,7,20.731032824738666,0.16552845052459209,0.10733818294332975,1.1800165343313218,0.9561366966314647,1.4563179367562835,0.17398336419596303,,
genus.Actinomyces.id.423,adeno,Weighted Median,7,20.731032824738666,0.14318869151285446,0.10951199978735518,1.1539475212279828,0.9310383334430716,1.4302256243562352,0.1910375257789133,,
genus.Actinomyces.id.423,neuro,Inverse-Variance Weighted,7,20.731032824738666,0.10420501209172393,0.4176397780066531,1.1098279597456464,0.48950091253177086,2.516273348424534,0.802966841635384,11.363087781619758,0.07778239284093079
genus.Actinomyces.id.423,neuro,MR Egger,7,20.731032824738666,-1.6973351958506298,0.7402547326000121,0.18317098907659635,0.042927850334030404,0.7815814437067453,0.07039323856547884,4.243744022128007,0.5148827884164586
genus.Actinomyces.id.423,neuro,Egger Intercept,7,20.731032824738666,0.22309216563043313,0.08361117710516754,1.2499357695455562,1.0610025452067315,1.4725124223759776,0.04444383614785404,4.243744022128007,0.5148827884164586
genus.Actinomyces.id.423,neuro,Weighted mode,7,20.731032824738666,-0.5910789903943072,0.4445718388329875,0.5537294934824822,0.23167035658506963,1.3235027410154498,0.23198081760188935,,
genus.Actinomyces.id.423,neuro,Weighted Median,7,20.731032824738666,-0.4851225455152191,0.3745369577388911,0.6156217504569864,0.29546201870934535,1.282703412408983,0.19523073188294915,,
genus.Adlercreutzia.id.812,adeno,Inverse-Variance Weighted,8,21.27724244921127,-0.03757261685307084,0.08209197371215415,0.9631244761128119,0.8199820039813316,1.131255017773167,0.6471756862935124,5.687551959673264,0.5766684015705282
genus.Adlercreutzia.id.812,adeno,MR Egger,8,21.27724244921127,0.04046086473241797,0.3672361295193729,1.0412905577204958,0.5069606209459372,2.138797336121873,0.9158620533269863,5.640025669984515,0.464696808593852
genus.Adlercreutzia.id.812,adeno,Egger Intercept,8,21.27724244921127,-0.007074231033881287,0.032449819372115045,0.9929507324380038,0.9317638492804337,1.0581556236707201,0.8346503038868867,5.640025669984515,0.464696808593852
genus.Adlercreutzia.id.812,adeno,Weighted mode,8,21.27724244921127,0.016945587896115555,0.15683348514360967,1.0170899788139889,0.7479283884288521,1.3831164066080188,0.916989213726147,,
genus.Adlercreutzia.id.812,adeno,Weighted Median,8,21.27724244921127,-0.013318910227532555,0.10479344878980751,0.9867693939839298,0.8035514448898681,1.2117629096378089,0.8988637975569732,,
genus.Adlercreutzia.id.812,neuro,Inverse-Variance Weighted,8,21.27724244921127,0.2334981165613192,0.32480769991156916,1.2630104490859386,0.6682285820605113,2.3872001846754465,0.472214182610492,3.1304754833052666,0.8726754718547161
genus.Adlercreutzia.id.812,neuro,MR Egger,8,21.27724244921127,1.2426709624691055,1.4500551588699664,3.4648556158596597,0.20201018765520368,59.42880692356493,0.424355553509974,2.620536433468178,0.854741327947072
genus.Adlercreutzia.id.812,neuro,Egger Intercept,8,21.27724244921127,-0.09147678411443687,0.12810077384473406,0.9125825023170232,0.70995456720231,1.1730424199072467,0.501986950874076,2.620536433468178,0.854741327947072
genus.Adlercreutzia.id.812,neuro,Weighted mode,8,21.27724244921127,0.05689292834369075,0.5985950668724985,1.0585424644325978,0.32747177765269064,3.4217060078851387,0.9269433468819361,,
genus.Adlercreutzia.id.812,neuro,Weighted Median,8,21.27724244921127,0.10111485703488647,0.44338161305009255,1.1064037127156174,0.46398033712327785,2.638321233827751,0.819604424141764,,
genus.Akkermansia.id.4037,adeno,Inverse-Variance Weighted,11,22.0793538218627,-0.04777294068263418,0.07932391952386605,0.9533502295562677,0.8160759740085685,1.113715743560716,0.5470068135837174,6.299762612803621,0.7894811459226313
genus.Akkermansia.id.4037,adeno,MR Egger,11,22.0793538218627,0.010789326066520317,0.2667331438577176,1.0108477407409697,0.5992912117035359,1.7050361076654743,0.9686175706097995,6.246881927383265,0.7149775809969574
genus.Akkermansia.id.4037,adeno,Egger Intercept,11,22.0793538218627,-0.00481923678942277,0.020957029643732382,0.9951923571001499,0.9551422326384427,1.036921825658042,0.8232658694345494,6.246881927383265,0.7149775809969574
genus.Akkermansia.id.4037,adeno,Weighted mode,11,22.0793538218627,-0.03728527264094439,0.15452084765666366,0.9634012641213919,0.7116663164837088,1.3041814319617901,0.8142012706879231,,
genus.Akkermansia.id.4037,adeno,Weighted Median,11,22.0793538218627,-0.04413499778362161,0.10090045958422234,0.9568247795293241,0.7851347667322345,1.1660592518807287,0.6618131150942816,,
genus.Akkermansia.id.4037,neuro,Inverse-Variance Weighted,11,22.0793538218627,-0.4254936599212221,0.31377867996183195,0.6534471248380025,0.3532780437834966,1.2086602959699673,0.1750892615379558,9.282507855580965,0.5055189340566418
genus.Akkermansia.id.4037,neuro,MR Egger,11,22.0793538218627,0.49756094602897905,1.0639367531663904,1.6447048506614774,0.2043839205816687,13.235160760645526,0.6511444653312379,8.458099325845726,0.4887192511186037
genus.Akkermansia.id.4037,neuro,Egger Intercept,11,22.0793538218627,-0.07574933672442939,0.08342718620674312,0.9270485544648973,0.7872049684713405,1.0917347536618658,0.38756028214263494,8.458099325845726,0.4887192511186037
genus.Akkermansia.id.4037,neuro,Weighted mode,11,22.0793538218627,-0.07172111405256709,0.6390072292973958,0.9307904439921876,0.26602226160033055,3.2567607139916785,0.9128554710636899,,
genus.Akkermansia.id.4037,neuro,Weighted Median,11,22.0793538218627,-0.23047511363397533,0.44977906089203973,0.7941561984181457,0.3288866642978476,1.917633446258553,0.6083581431542785,,
genus.Alistipes.id.968,adeno,Inverse-Variance Weighted,12,20.905443671988376,-0.03523442759704256,0.10800856371346275,0.9653790782311183,0.781194428114139,1.1929895185455637,0.7442587935236343,12.03330744792059,0.3611448199862948
genus.Alistipes.id.968,adeno,MR Egger,12,20.905443671988376,0.3186222701721425,0.5295400469899836,1.3752317607285292,0.4871046840937148,3.8826610736361293,0.560769052488459,11.496476659861138,0.3201668816785482
genus.Alistipes.id.968,adeno,Egger Intercept,12,20.905443671988376,-0.021675970484903998,0.03172066068322225,0.978557265120997,0.9195705922775183,1.041327690514159,0.5099145633748301,11.496476659861138,0.3201668816785482
genus.Alistipes.id.968,adeno,Weighted mode,12,20.905443671988376,0.09566020681479825,0.311363613639793,1.100385097104783,0.5977321853575427,2.025735591276578,0.7644066170361566,,
genus.Alistipes.id.968,adeno,Weighted Median,12,20.905443671988376,0.026887011612127802,0.14970335963378764,1.0272517286893381,0.7660318172149054,1.3775486740640053,0.8574650931016989,,
genus.Alistipes.id.968,neuro,Inverse-Variance Weighted,12,20.905443671988376,-0.291997577646458,0.40802988082747105,0.7467703449129562,0.33563327985364855,1.6615335293466234,0.4742211248676329,6.107256505752438,0.8661127029818703
genus.Alistipes.id.968,neuro,MR Egger,12,20.905443671988376,0.45584522317178966,1.9461588202844615,1.5775061644696207,0.03478301574699411,71.54427658144358,0.8195336942760308,5.9528069654151725,0.819212483724863
genus.Alistipes.id.968,neuro,Egger Intercept,12,20.905443671988376,-0.04584982562981062,0.11666601889973,0.9551853957856464,0.7599404358359039,1.2005929639980293,0.7025665489471855,5.9528069654151725,0.819212483724863
genus.Alistipes.id.968,neuro,Weighted mode,12,20.905443671988376,-0.4385325849274513,1.0919632561479313,0.6449821835780694,0.07586646170712534,5.483345443722778,0.6956704867733804,,
genus.Alistipes.id.968,neuro,Weighted Median,12,20.905443671988376,-0.3130200192041463,0.48864010208886544,0.7312352736741303,0.2806197807567209,1.9054431017777564,0.5217863636462483,,
genus.Allisonella.id.2174,adeno,Inverse-Variance Weighted,8,22.217644535832118,-0.04841337393628419,0.05367619434568711,0.9527398678357182,0.8575989484216174,1.058435597937985,0.36708213792151767,8.574914196709468,0.2846322786283035
genus.Allisonella.id.2174,adeno,MR Egger,8,22.217644535832118,0.45234622352112697,0.33407722634209175,1.5719961164009815,0.8167312871581982,3.0256852269957304,0.22450428716274715,6.201103967273342,0.4010436758559938
genus.Allisonella.id.2174,adeno,Egger Intercept,8,22.217644535832118,-0.07194157753274895,0.047469629215648124,0.9305852613100601,0.8479089232420587,1.0213230511318643,0.18041968604314046,6.201103967273342,0.4010436758559938
genus.Allisonella.id.2174,adeno,Weighted mode,8,22.217644535832118,-0.06502880038208853,0.10967853643296632,0.9370404758650427,0.7557846999483011,1.1617658487522275,0.5718947670597543,,
genus.Allisonella.id.2174,adeno,Weighted Median,8,22.217644535832118,-0.05543128797266725,0.06804428328998526,0.9460770283077369,0.8279536675555568,1.0810529363728418,0.4152809901206279,,
genus.Allisonella.id.2174,neuro,Inverse-Variance Weighted,8,22.217644535832118,0.02429987077057527,0.1916062215933346,1.0245975186755063,0.7038089598126964,1.491598054613266,0.8990813384699675,4.674039036883548,0.6996712866602322
genus.Allisonella.id.2174,neuro,MR Egger,8,22.217644535832118,0.8517102274744475,1.2981072178426396,2.343651603794879,0.18404409202724392,29.84449421586012,0.5360839516493223,4.258714719190215,0.6417104331146826
genus.Allisonella.id.2174,neuro,Egger Intercept,8,22.217644535832118,-0.11884765730592882,0.18441529825697192,0.8879430620969121,0.6185967689626358,1.2745667631730933,0.5431165349148543,4.258714719190215,0.6417104331146826
genus.Allisonella.id.2174,neuro,Weighted mode,8,22.217644535832118,0.13197080913696602,0.32590367888200134,1.1410750098167486,0.6024200006292961,2.1613694377148027,0.6976119185372784,,
genus.Allisonella.id.2174,neuro,Weighted Median,8,22.217644535832118,0.1056077968798046,0.2389133965665439,1.1113859019983332,0.6958212611017265,1.7751378007693133,0.6584647463907299,,
genus.Alloprevotella.id.961,adeno,Inverse-Variance Weighted,5,21.036552525720214,-0.02454706025995752,0.061851397129646615,0.9757517687060179,0.864351470242688,1.1015096831681204,0.691462179887186,3.3356769139807514,0.5032994896919407
genus.Alloprevotella.id.961,adeno,MR Egger,5,21.036552525720214,0.10135675670007853,0.5616805376499449,1.1066713837767552,0.36804977305440717,3.327597627642915,0.8682989206447839,3.2800034290016296,0.3504355062662183
genus.Alloprevotella.id.961,adeno,Egger Intercept,5,21.036552525720214,-0.017508888527109866,0.07759091894492263,0.9826435013728544,0.8440132464535558,1.1440439529208706,0.8359676475790923,3.2800034290016296,0.3504355062662183
genus.Alloprevotella.id.961,adeno,Weighted mode,5,21.036552525720214,-0.06468346578297579,0.1319124168276445,0.9373641242424028,0.7238060546755377,1.2139322346655446,0.6495661601073375,,
genus.Alloprevotella.id.961,adeno,Weighted Median,5,21.036552525720214,-0.05129384631314647,0.08444069707271815,0.9499994756708285,0.8050928934945993,1.120987417808953,0.5435496053329456,,
genus.Alloprevotella.id.961,neuro,Inverse-Variance Weighted,5,21.036552525720214,0.17327053586881316,0.244130222502636,1.189187779518948,0.7369577612025385,1.9189262253641557,0.4778614400562553,1.6176242128592704,0.8056210797503367
genus.Alloprevotella.id.961,neuro,MR Egger,5,21.036552525720214,-1.1529696866167354,2.1189482868585197,0.3156978522375254,0.004961196542856782,20.088930774348373,0.6241915442011767,1.2206090348372913,0.7480657759949307
genus.Alloprevotella.id.961,neuro,Egger Intercept,5,21.036552525720214,0.18447242211093196,0.2927708913248367,1.2025838161044864,0.6774913289650552,2.134651430839234,0.5733575929437789,1.2206090348372913,0.7480657759949307
genus.Alloprevotella.id.961,neuro,Weighted mode,5,21.036552525720214,-0.06835963492410291,0.4187455564142862,0.9339245412928178,0.411025128892977,2.12204799054052,0.8782385922625752,,
genus.Alloprevotella.id.961,neuro,Weighted Median,5,21.036552525720214,-0.005812070411326281,0.30776978205769884,0.9942047869952836,0.5438722777475767,1.8174177999620267,0.9849332653798868,,
genus.Anaerofilum.id.2053,adeno,Inverse-Variance Weighted,10,22.496793755793366,-0.1027547366761233,0.06132323571743585,0.902348259277127,0.8001562333590829,1.0175917490541642,0.09381170127894164,10.773438232113879,0.2915588941705087
genus.Anaerofilum.id.2053,adeno,MR Egger,10,22.496793755793366,-0.33939772144470975,0.3425267469808097,0.7121991358838129,0.3639458647838394,1.3936897166146143,0.3507709622365572,10.146764556019232,0.2548757494413715
genus.Anaerofilum.id.2053,adeno,Egger Intercept,10,22.496793755793366,0.026453149742878143,0.0376335738099154,1.0268061400030988,0.9537929592589061,1.1054085049728979,0.502048473646333,10.146764556019232,0.2548757494413715
genus.Anaerofilum.id.2053,adeno,Weighted mode,10,22.496793755793366,-0.059555662927369024,0.11639804658298829,0.9421830874628253,0.7499896787373358,1.1836282491187173,0.6212090629034215,,
genus.Anaerofilum.id.2053,adeno,Weighted Median,10,22.496793755793366,-0.06906083153461776,0.07639764950228539,0.9332699061107944,0.803482218135501,1.0840223940154017,0.3660137502429993,,
genus.Anaerofilum.id.2053,neuro,Inverse-Variance Weighted,10,22.496793755793366,0.04663729071430444,0.2573520902658179,1.047741914430517,0.6326912033942703,1.7350693566865325,0.8561950647710725,12.128276779584457,0.20617391876092528
genus.Anaerofilum.id.2053,neuro,MR Egger,10,22.496793755793366,1.9553486566365925,1.3184098906054251,7.066382335349199,0.5332661004900066,93.63760280927691,0.17633316019684564,9.541287760381204,0.2987074835550439
genus.Anaerofilum.id.2053,neuro,Egger Intercept,10,22.496793755793366,-0.21319877314257413,0.14475911259676133,0.807995513445778,0.6083976179755509,1.0730757821190913,0.17902867230817662,9.541287760381204,0.2987074835550439
genus.Anaerofilum.id.2053,neuro,Weighted mode,10,22.496793755793366,0.46479817956441627,0.5744221303740328,1.591692920310417,0.5162990144502474,4.907013729754931,0.4392911072553187,,
genus.Anaerofilum.id.2053,neuro,Weighted Median,10,22.496793755793366,0.28532146511385154,0.31183255247811353,1.3301895689392862,0.7218987843891166,2.451042067915636,0.36020058718695636,,
genus.Anaerostipes.id.1991,adeno,Inverse-Variance Weighted,13,21.360381628470034,0.08672437272373835,0.09192857364026386,1.0905960402718833,0.9107784263011023,1.3059155648725227,0.3454821479406319,11.210937781189125,0.5109330805199324
genus.Anaerostipes.id.1991,adeno,MR Egger,13,21.360381628470034,0.17571154441311407,0.33507939875660997,1.19209414283524,0.6181376713556966,2.29898372358598,0.6104130066215769,11.13366645787098,0.4321340647880887
genus.Anaerostipes.id.1991,adeno,Egger Intercept,13,21.360381628470034,-0.005883660339284644,0.021294192655823798,0.9941336144938543,0.953495781722436,1.0365034249876852,0.7874373228580938,11.13366645787098,0.4321340647880887
genus.Anaerostipes.id.1991,adeno,Weighted mode,13,21.360381628470034,0.0679226915444272,0.23080434388876314,1.070282563388366,0.6808223845582764,1.682530997032927,0.7735672467583381,,
genus.Anaerostipes.id.1991,adeno,Weighted Median,13,21.360381628470034,0.05238334460954734,0.1405062073784315,1.0537796258343861,0.8001077908307623,1.3878773742106207,0.7092833680070387,,
genus.Anaerostipes.id.1991,neuro,Inverse-Variance Weighted,13,21.360381628470034,0.7222730826280596,0.36328601738525784,2.0591084186395205,1.0102850194851143,4.196763683453409,0.046793280786138064,4.803726478960527,0.9642152160755889
genus.Anaerostipes.id.1991,neuro,MR Egger,13,21.360381628470034,-0.19737291550768996,1.3149351682492318,0.8208844556834671,0.06237156196194143,10.803822581738782,0.8834019299405191,4.274166316175322,0.9611999149628573
genus.Anaerostipes.id.1991,neuro,Egger Intercept,13,21.360381628470034,0.06081386109569627,0.08356894591994163,1.0627010857602774,0.9021438678550862,1.2518331475900253,0.4819944685926305,4.274166316175322,0.9611999149628573
genus.Anaerostipes.id.1991,neuro,Weighted mode,13,21.360381628470034,0.16943805900070164,0.8425222798015785,1.184638967039103,0.22720431291599819,6.176685047111434,0.8439825334623379,,
genus.Anaerostipes.id.1991,neuro,Weighted Median,13,21.360381628470034,0.6734929732823043,0.44691192839209926,1.9610753549673228,0.8167237191513879,4.708834159801536,0.13181255151396334,,
genus.Anaerotruncus.id.2054,adeno,Inverse-Variance Weighted,12,20.672098177743404,0.09480881473373552,0.09595001050298531,1.0994486366510634,0.9109628099767578,1.326933757772969,0.3231005658109526,12.183851695512171,0.34998360825010644
genus.Anaerotruncus.id.2054,adeno,MR Egger,12,20.672098177743404,0.31458638972977626,0.2771143456617562,1.3696926748244551,0.7956803630278437,2.3578035988329655,0.28275886431450004,11.368443898799597,0.3295422663367262
genus.Anaerotruncus.id.2054,adeno,Egger Intercept,12,20.672098177743404,-0.016113595396358853,0.019026352391534666,0.9840155340716026,0.9479957630593625,1.0214039018163716,0.416853173756073,11.368443898799597,0.3295422663367262
genus.Anaerotruncus.id.2054,adeno,Weighted mode,12,20.672098177743404,0.06595410359821341,0.16629800135184428,1.0681776905284648,0.7710593125105889,1.4797870410611964,0.6992468162187115,,
genus.Anaerotruncus.id.2054,adeno,Weighted Median,12,20.672098177743404,0.09718910263660704,0.1225427111790377,1.1020687580252344,0.8667587396079942,1.4012613797982412,0.42771728849883617,,
genus.Anaerotruncus.id.2054,neuro,Inverse-Variance Weighted,12,20.672098177743404,0.006298405046438402,0.37015982615149046,1.0063182817080127,0.4871345775137154,2.078843364534629,0.9864243569799293,11.61330463485097,0.3934000453772938
genus.Anaerotruncus.id.2054,neuro,MR Egger,12,20.672098177743404,1.1984027815033649,1.0268692754913789,3.314818203309367,0.4429665594036511,24.805528741907487,0.2702673460867474,10.065025200228474,0.43480705212386705
genus.Anaerotruncus.id.2054,neuro,Egger Intercept,12,20.672098177743404,-0.08753828478563985,0.07057986015666008,0.9161837950792311,0.7978179736935721,1.0521105992131714,0.2431867949499287,10.065025200228474,0.43480705212386705
genus.Anaerotruncus.id.2054,neuro,Weighted mode,12,20.672098177743404,-0.3809491775184495,0.913179363647878,0.6832126112979041,0.11408850977819696,4.091380220006219,0.6845811431540791,,
genus.Anaerotruncus.id.2054,neuro,Weighted Median,12,20.672098177743404,-0.33054097681067596,0.5350822430205071,0.7185349175431671,0.2517541726026697,2.0507800223974955,0.536747637070691,,
genus.Bacteroides.id.918,adeno,Inverse-Variance Weighted,9,22.333381859994685,0.01672218674926279,0.13908343917621915,1.0168627851248797,0.7742338230612719,1.3355266754990334,0.9042999007386155,13.937826383319422,0.08340041117632709
genus.Bacteroides.id.918,adeno,MR Egger,9,22.333381859994685,0.8113791848189261,0.7075869315238872,2.251010406159192,0.5624285355039089,9.00922966879186,0.28919162242709034,11.740690263290501,0.10941539860049165
genus.Bacteroides.id.918,adeno,Egger Intercept,9,22.333381859994685,-0.05257517658542447,0.04593566982775031,0.9487829921090459,0.8670929584406035,1.038169157473394,0.29002243766591523,11.740690263290501,0.10941539860049165
genus.Bacteroides.id.918,adeno,Weighted mode,9,22.333381859994685,0.055308220036776046,0.19891547739393922,1.0568663118532247,0.7156485276923124,1.5607750982622977,0.7880258117695309,,
genus.Bacteroides.id.918,adeno,Weighted Median,9,22.333381859994685,0.04194821863794861,0.15528044482656408,1.042840477652315,0.7692021630283594,1.413823717744815,0.7870487884807494,,
genus.Bacteroides.id.918,neuro,Inverse-Variance Weighted,9,22.333381859994685,0.5215749268048916,0.4172323082491468,1.6846788072725363,0.7436383899145679,3.8165628915409715,0.21126930688670498,3.035295254420526,0.9321230738012605
genus.Bacteroides.id.918,neuro,MR Egger,9,22.333381859994685,-0.261765397529218,2.163802200036893,0.7696915740729844,0.011077738670511126,53.47888561191469,0.9071103711658788,2.8991754907008254,0.8941699813750635
genus.Bacteroides.id.918,neuro,Egger Intercept,9,22.333381859994685,0.05182566696880979,0.14047023425049301,1.0531921203333607,0.7997180970016265,1.387005804284087,0.7230758311048304,2.8991754907008254,0.8941699813750635
genus.Bacteroides.id.918,neuro,Weighted mode,9,22.333381859994685,0.9845378667301969,0.728030939573943,2.6765746643612798,0.6424908042061929,11.150434974321527,0.21325222645850395,,
genus.Bacteroides.id.918,neuro,Weighted Median,9,22.333381859994685,0.7545204999624041,0.5333177239708078,2.1265915781012956,0.7476784754892434,6.0485782168493385,0.1571367216989214,,
genus.Barnesiella.id.944,adeno,Inverse-Variance Weighted,13,21.686574847644245,-0.004158592175237379,0.09520432792865284,0.995850042795282,0.8263316481932034,1.2001444092136395,0.9651589196116918,16.112972518560465,0.18611634224609566
genus.Barnesiella.id.944,adeno,MR Egger,13,21.686574847644245,-0.6201408639357835,0.3548921853036942,0.5378686659608326,0.26827852999584734,1.0783669562635663,0.10838691171449513,12.47522029669516,0.3290019839905488
genus.Barnesiella.id.944,adeno,Egger Intercept,13,21.686574847644245,0.048091643358254894,0.026852259132056206,1.049266809252574,0.9954715001760565,1.1059692184099341,0.10082231577799101,12.47522029669516,0.3290019839905488
genus.Barnesiella.id.944,adeno,Weighted mode,13,21.686574847644245,-0.04331531642439068,0.1360279880408704,0.9576093924875323,0.7334981724243889,1.250195001235493,0.7556330059367626,,
genus.Barnesiella.id.944,adeno,Weighted Median,13,21.686574847644245,-0.004233415807240036,0.11295367202303343,0.9957755324657516,0.798019206941975,1.2425376512642623,0.9701029065395999,,
genus.Barnesiella.id.944,neuro,Inverse-Variance Weighted,13,21.686574847644245,0.0047435112815628604,0.3252191100302762,1.0047547795411957,0.5311632084722325,1.900606350192366,0.9883627987776341,9.984158592504851,0.6173504769775877
genus.Barnesiella.id.944,neuro,MR Egger,13,21.686574847644245,-1.5934806190632809,1.325183472606817,0.20321705818035013,0.015133563925175363,2.72884648584172,0.2544302725920489,8.436408104029583,0.6737594228524117
genus.Barnesiella.id.944,neuro,Egger Intercept,13,21.686574847644245,0.12465129798657054,0.1001950647508427,1.132753390803234,0.9307812153693484,1.3785519337829113,0.23932552184153463,8.436408104029583,0.6737594228524117
genus.Barnesiella.id.944,neuro,Weighted mode,13,21.686574847644245,0.3403715796695401,0.6192326147350531,1.4054697375286072,0.41756112208163204,4.730673136572704,0.5926308124779299,,
genus.Barnesiella.id.944,neuro,Weighted Median,13,21.686574847644245,0.2079557013666784,0.4279597633038418,1.2311586296961585,0.5321417196966653,2.8483983032552698,0.6270214137630399,,
genus.Bifidobacterium.id.436,adeno,Inverse-Variance Weighted,13,25.630417421265,0.188239028549977,0.12510354488967054,1.207122017493594,0.9446281514702438,1.5425578444278507,0.13241001362647695,36.91387478543187,0.00023070371353629758
genus.Bifidobacterium.id.436,adeno,MR Egger,13,25.630417421265,0.5780331692376841,0.3034322326671238,1.7825290477343465,0.9834445659584551,3.230898736951224,0.08324522620211552,31.334750247375418,0.0009744304268114082
genus.Bifidobacterium.id.436,adeno,Egger Intercept,13,25.630417421265,-0.03365209749975033,0.0240461685393803,0.9669078357824709,0.922394209366557,1.0135696358497093,0.18923264391831562,31.334750247375418,0.0009744304268114082
genus.Bifidobacterium.id.436,adeno,Weighted mode,13,25.630417421265,0.016773990799220817,0.1497192765289031,1.016915464099881,0.7583003048956707,1.3637302457207288,0.9126469123320456,,
genus.Bifidobacterium.id.436,adeno,Weighted Median,13,25.630417421265,0.04084504713622292,0.10983840008097724,1.0416906800850847,0.8399287459249997,1.2919184850389926,0.7099934297775692,,
genus.Bifidobacterium.id.436,neuro,Inverse-Variance Weighted,13,25.630417421265,-0.3611807717878262,0.2830348710971214,0.6968530157146493,0.4001446712502952,1.213571391550158,0.20192020560866042,6.257452903867729,0.9025516242782714
genus.Bifidobacterium.id.436,neuro,MR Egger,13,25.630417421265,-0.7700011266645033,0.7149993423379284,0.46301254665113334,0.11401789860019126,1.8802365329333333,0.30456497563455986,5.86977453961321,0.8819103371823445
genus.Bifidobacterium.id.436,neuro,Egger Intercept,13,25.630417421265,0.035221680199721245,0.05656845108012367,1.0358493106316549,0.9271383460679371,1.1573071040440503,0.5462132192296602,5.86977453961321,0.8819103371823445
genus.Bifidobacterium.id.436,neuro,Weighted mode,13,25.630417421265,-0.14157318951066422,0.5085792042184706,0.8679916453762619,0.32033484816156343,2.3519436014123642,0.7854669447966145,,
genus.Bifidobacterium.id.436,neuro,Weighted Median,13,25.630417421265,-0.1867857610568014,0.4188506347167121,0.8296214545713283,0.36504559875684817,1.8854405044984388,0.6556345355691495,,
genus.Bilophila.id.3170,adeno,Inverse-Variance Weighted,13,21.02488103495947,-0.14734801021433377,0.11122739782237778,0.8629935945653875,0.6939511500385525,1.0732137906530068,0.18525553033046027,22.00041791967416,0.037515130489497756
genus.Bilophila.id.3170,adeno,MR Egger,13,21.02488103495947,-0.08623585210512213,0.5722536095192298,0.9173778402082107,0.29883821865345683,2.816179622195544,0.8829440718121333,21.976654726733226,0.02455472770514934
genus.Bilophila.id.3170,adeno,Egger Intercept,13,21.02488103495947,-0.004518537719972301,0.04143143398141614,0.9954916555129759,0.9178473860421216,1.0797041548152175,0.9151184971075703,21.976654726733226,0.02455472770514934
genus.Bilophila.id.3170,adeno,Weighted mode,13,21.02488103495947,0.19230795154047287,0.3095474560520714,1.2120437102269161,0.6607332589057261,2.223363113177619,0.5460523094610346,,
genus.Bilophila.id.3170,adeno,Weighted Median,13,21.02488103495947,-0.11313358230345319,0.13091132194308303,0.8930313589619454,0.6909279199543688,1.1542521080087325,0.38747795720782485,,
genus.Bilophila.id.3170,neuro,Inverse-Variance Weighted,13,21.02488103495947,-0.2286310185965584,0.32511316060387907,0.7956220490911502,0.4206926272994175,1.5046958371092827,0.4819091859894453,8.695957577177047,0.728656857837966
genus.Bilophila.id.3170,neuro,MR Egger,13,21.02488103495947,-0.8444357542755289,1.6038354362014944,0.42979980250617095,0.018537617941282104,9.965027374038506,0.6089863441514063,8.542216767668505,0.6640658790868246
genus.Bilophila.id.3170,neuro,Egger Intercept,13,21.02488103495947,0.04553270509877478,0.11612584061014389,1.0465852327276415,0.8335397041298316,1.3140833531223868,0.7024760153829298,8.542216767668505,0.6640658790868246
genus.Bilophila.id.3170,neuro,Weighted mode,13,21.02488103495947,-0.735428305910443,0.6588808702405442,0.4793001279281149,0.13175188140063426,1.743645784710604,0.28619817422262306,,
genus.Bilophila.id.3170,neuro,Weighted Median,13,21.02488103495947,-0.45639524699464756,0.4526543703938914,0.6335633735850059,0.26090528950702746,1.5384990818195048,0.31332759123852516,,
genus.Blautia.id.1992,adeno,Inverse-Variance Weighted,13,21.447982396941782,-0.11497303522261891,0.10637203867449281,0.8913901797205256,0.7236392885207233,1.098028347972204,0.27976042496637255,15.634288789732182,0.2085661847151934
genus.Blautia.id.1992,adeno,MR Egger,13,21.447982396941782,0.06155863519799678,0.284807271045948,1.0634928528146381,0.6085576584123061,1.8585207701412871,0.8328334575345447,15.019879594961555,0.18158864031261407
genus.Blautia.id.1992,adeno,Egger Intercept,13,21.447982396941782,-0.01349330237331374,0.020115289274715693,0.9865973241561711,0.948456578906074,1.0262718417270955,0.5161864135845542,15.019879594961555,0.18158864031261407
genus.Blautia.id.1992,adeno,Weighted mode,13,21.447982396941782,-0.024367026851749962,0.2487490096474099,0.9759274524364985,0.5993466787521458,1.5891209982212389,0.9235826313071899,,
genus.Blautia.id.1992,adeno,Weighted Median,13,21.447982396941782,-0.11003964298843442,0.13346456223384084,0.8957986224581856,0.6896092232312773,1.1636375282771707,0.40966355278751787,,
genus.Blautia.id.1992,neuro,Inverse-Variance Weighted,13,21.447982396941782,0.09341085272480405,0.3702829107819822,1.0979127230508208,0.5313450524932962,2.2686055733097783,0.8008332456927694,6.5082227634134355,0.8883309803107907
genus.Blautia.id.1992,neuro,MR Egger,13,21.447982396941782,-1.0460911735321219,0.9743904680559591,0.3513082718697986,0.052031993450992194,2.3719541324202496,0.30599539565150224,4.909772498886249,0.9354572936961542
genus.Blautia.id.1992,neuro,Egger Intercept,13,21.447982396941782,0.08680242043855105,0.06865659666910334,1.09068116212235,0.9533582679053736,1.247784214450882,0.2322554568416791,4.909772498886249,0.9354572936961542
genus.Blautia.id.1992,neuro,Weighted mode,13,21.447982396941782,-0.05963266338565276,0.6559855914369321,0.9421105417263669,0.26044477859993714,3.4079096444291803,0.929067531640725,,
genus.Blautia.id.1992,neuro,Weighted Median,13,21.447982396941782,0.06454215238181443,0.4661106457172744,1.066670540000892,0.4278277091225054,2.659449158259166,0.8898692977066318,,
genus.Butyricicoccus.id.2055,adeno,Inverse-Variance Weighted,8,20.769252289437308,0.16537124030404599,0.1579258992784628,1.1798310382530333,0.8657461676949983,1.6078630559016591,0.29503292786682367,17.28715309840942,0.015635504333701363
genus.Butyricicoccus.id.2055,adeno,MR Egger,8,20.769252289437308,0.23272167792564924,0.33392435402337134,1.2620301795848172,0.6558848388645767,2.4283533934708648,0.5119312427744561,17.130498831916224,0.008815419649199371
genus.Butyricicoccus.id.2055,adeno,Egger Intercept,8,20.769252289437308,-0.0066848559637032725,0.02853844594421755,0.9933374379809933,0.9393001427428935,1.0504834618818213,0.8225866977108796,17.130498831916224,0.008815419649199371
genus.Butyricicoccus.id.2055,adeno,Weighted mode,8,20.769252289437308,0.15058106991956977,0.15920670116671753,1.1625095458384196,0.850897108442011,1.5882395541805383,0.3757353779838065,,
genus.Butyricicoccus.id.2055,adeno,Weighted Median,8,20.769252289437308,0.1132163781552044,0.15614726688089395,1.1198742230529428,0.8246202802787136,1.5208433571807776,0.4684142761372978,,
genus.Butyricicoccus.id.2055,neuro,Inverse-Variance Weighted,8,20.769252289437308,-0.23541412684474466,0.39891728218616157,0.7902435207997374,0.361572754659747,1.7271346198460884,0.5551016974365068,3.6225127000899846,0.822083872930065
genus.Butyricicoccus.id.2055,neuro,MR Egger,8,20.769252289437308,0.22299690977371794,0.783871889791716,1.2498167115135668,0.26890637878412227,5.808868571439101,0.7856047872189211,3.160989786201437,0.7883866264979317
genus.Butyricicoccus.id.2055,neuro,Egger Intercept,8,20.769252289437308,-0.045508320327325144,0.06698756206012642,0.9555116523691697,0.8379440540838228,1.0895745525773846,0.5222431985963749,3.160989786201437,0.7883866264979317
genus.Butyricicoccus.id.2055,neuro,Weighted mode,8,20.769252289437308,0.24705533198199348,0.5603003030895961,1.280249949585639,0.42693083317385316,3.8391228884295354,0.6725578193722399,,
genus.Butyricicoccus.id.2055,neuro,Weighted Median,8,20.769252289437308,0.07593709241161156,0.5360216842857204,1.0788947013586616,0.3773185799256799,3.084962783568916,0.8873422928679416,,
genus.Butyricimonas.id.945,adeno,Inverse-Variance Weighted,13,21.62670849106003,-0.13194180637811348,0.09757633432790731,0.8763919940197767,0.7238352833534979,1.0611018070624545,0.17631433583594236,19.763626471971623,0.07169156403715202
genus.Butyricimonas.id.945,adeno,MR Egger,13,21.62670849106003,0.3064515460129454,0.33472218008282956,1.3585956365069922,0.7049672529609985,2.6182522603471274,0.37954135756067464,16.9010802081766,0.11083585631133328
genus.Butyricimonas.id.945,adeno,Egger Intercept,13,21.62670849106003,-0.03910968224443541,0.028652922102041067,0.9616452279548129,0.909127973700915,1.0171962267135035,0.19953729358527608,16.9010802081766,0.11083585631133328
genus.Butyricimonas.id.945,adeno,Weighted mode,13,21.62670849106003,0.07384306717872424,0.19425551083361986,1.0766378324253216,0.7357258367579864,1.5755176239526185,0.7104889139468267,,
genus.Butyricimonas.id.945,adeno,Weighted Median,13,21.62670849106003,0.0009427654055979562,0.10372124055324543,1.000943209948592,0.8168082873380654,1.2265880807934604,0.9927477959193496,,
genus.Butyricimonas.id.945,neuro,Inverse-Variance Weighted,13,21.62670849106003,-0.194363419194848,0.3008909193561936,0.8233586255612847,0.45652600198264975,1.4849524963354268,0.5183054307886292,8.881254933653777,0.7130380035114949
genus.Butyricimonas.id.945,neuro,MR Egger,13,21.62670849106003,0.5686651754557036,1.0701487483969065,1.7659082997826365,0.21678994895451964,14.384578889750175,0.6057134177660773,8.329228744582458,0.6835436327085852
genus.Butyricimonas.id.945,neuro,Egger Intercept,13,21.62670849106003,-0.06801690862810562,0.09154550998284272,0.9342446766478646,0.7807922979837847,1.1178556936315982,0.4730605680832318,8.329228744582458,0.6835436327085852
genus.Butyricimonas.id.945,neuro,Weighted mode,13,21.62670849106003,-0.4058090154197016,0.6139604432889563,0.6664374345452024,0.20005329273263622,2.2201026941194417,0.5211200605688211,,
genus.Butyricimonas.id.945,neuro,Weighted Median,13,21.62670849106003,-0.19977508292025487,0.3702713007454667,0.8189149203184642,0.3963304950332816,1.692076827607933,0.589516343758737,,
genus.Butyrivibrio.id.1993,adeno,Inverse-Variance Weighted,15,21.76046854321185,0.02387020539259986,0.04192592063078923,1.024157379158499,0.9433625563369264,1.11187192054524,0.569123779857853,18.015632997903825,0.20606975977505243
genus.Butyrivibrio.id.1993,adeno,MR Egger,15,21.76046854321185,0.22680928997737387,0.1782138750881645,1.2545905821255994,0.8847148359217754,1.7791015419316645,0.2254225843444437,16.297355102701893,0.2334450001427189
genus.Butyrivibrio.id.1993,adeno,Egger Intercept,15,21.76046854321185,-0.02981028086132779,0.025462805597875244,0.9706296631051594,0.9233772745525054,1.0203001187745433,0.2627177199273996,16.297355102701893,0.2334450001427189
genus.Butyrivibrio.id.1993,adeno,Weighted mode,15,21.76046854321185,-0.05367340222705341,0.07551810048795499,0.9477415862527476,0.817349182733349,1.0989355997263004,0.4889202481846707,,
genus.Butyrivibrio.id.1993,adeno,Weighted Median,15,21.76046854321185,-0.01865884009113314,0.05017581312556648,0.9815141584108786,0.8895821384956801,1.0829467021337835,0.7099902290972882,,
genus.Butyrivibrio.id.1993,neuro,Inverse-Variance Weighted,15,21.76046854321185,0.1677806989120783,0.14618589855451575,1.18267721980554,0.8880354085827842,1.5750784177392063,0.25108355220497847,9.501424007599416,0.7976519534982529
genus.Butyrivibrio.id.1993,neuro,MR Egger,15,21.76046854321185,0.17630985839764413,0.6289262703586942,1.1928076028470425,0.347710295014968,4.0918833805264825,0.7836321481040709,9.501229590573685,0.7341228176838909
genus.Butyrivibrio.id.1993,neuro,Egger Intercept,15,21.76046854321185,-0.0012537956853880038,0.08992068851138726,0.99874698998803,0.837362385028923,1.1912352021588553,0.9890868929237002,9.501229590573685,0.7341228176838909
genus.Butyrivibrio.id.1993,neuro,Weighted mode,15,21.76046854321185,0.31948182645051815,0.3107898851571865,1.3764143580043293,0.7485132685262706,2.5310392809075206,0.3213991615304966,,
genus.Butyrivibrio.id.1993,neuro,Weighted Median,15,21.76046854321185,0.23042027575989074,0.19593519627249692,1.2591290801749617,0.8576040991074417,1.8486455955519205,0.23959388702974938,,
genus.CandidatusSoleaferrea.id.11350,adeno,Inverse-Variance Weighted,9,20.72752556814356,-0.027440283637896013,0.06464012545619612,0.9729327808249706,0.8571563575022181,1.1043471680735457,0.6711949970473933,5.272435161661409,0.7281004786813225
genus.CandidatusSoleaferrea.id.11350,adeno,MR Egger,9,20.72752556814356,0.04277986299017551,0.6587510969649497,1.043708110776915,0.2869715241710828,3.795939766665131,0.9500367792469798,5.2609620120571865,0.6281502274177422
genus.CandidatusSoleaferrea.id.11350,adeno,Egger Intercept,9,20.72752556814356,-0.00658444392643458,0.06147206115467928,0.9934371860247045,0.8806723018755138,1.120640947234182,0.9177047794551509,5.2609620120571865,0.6281502274177422
genus.CandidatusSoleaferrea.id.11350,adeno,Weighted mode,9,20.72752556814356,-0.10264207847148288,0.1286078958512504,0.9024499219384364,0.7013743200671119,1.1611714861883762,0.44785298040675725,,
genus.CandidatusSoleaferrea.id.11350,adeno,Weighted Median,9,20.72752556814356,-0.04780907918123631,0.08530193338219486,0.9533157775328555,0.806540739607398,1.1268010740975802,0.5751596596624722,,
genus.CandidatusSoleaferrea.id.11350,neuro,Inverse-Variance Weighted,9,20.72752556814356,-0.13421062414156223,0.3366049831642585,0.8744058742199098,0.45205275509730264,1.6913637274607702,0.6901006563858154,13.85567334983915,0.08560566794001608
genus.CandidatusSoleaferrea.id.11350,neuro,MR Egger,9,20.72752556814356,1.6264360259342936,3.6085958016914486,5.085717017412983,0.004311748617704133,5998.614454238758,0.665826751311485,13.395702000595909,0.06303435001551459
genus.CandidatusSoleaferrea.id.11350,neuro,Egger Intercept,9,20.72752556814356,-0.16509951184176794,0.3367550502265672,0.8478093328218382,0.4381739022577853,1.6404004462980075,0.6389381023080571,13.395702000595909,0.06303435001551459
genus.CandidatusSoleaferrea.id.11350,neuro,Weighted mode,9,20.72752556814356,-0.41401208347954777,0.427911188197326,0.6609929641226931,0.28572713061702976,1.529122200178156,0.3616201506411669,,
genus.CandidatusSoleaferrea.id.11350,neuro,Weighted Median,9,20.72752556814356,-0.38854044497218115,0.35894046162605703,0.6780457977818746,0.33552334249013194,1.3702358246600392,0.279046011113286,,
genus.Catenibacterium.id.2153,adeno,Inverse-Variance Weighted,4,21.22716234652342,0.01978284020771446,0.07309979444489072,1.0199798173694439,0.8838280428720168,1.1771054745675837,0.7866772736528954,0.7398454231095928,0.8637942532963492
genus.Catenibacterium.id.2153,adeno,MR Egger,4,21.22716234652342,0.7932407860764701,0.9138922195975138,2.210548746024366,0.36862037286816673,13.256255264810099,0.47691031615633217,0.018952135589329774,0.9905686886524838
genus.Catenibacterium.id.2153,adeno,Egger Intercept,4,21.22716234652342,-0.09970779739513619,0.11743393990623646,0.9051018525188288,0.7190112176736633,1.1393554694230503,0.4852696974679682,0.018952135589329774,0.9905686886524838
genus.Catenibacterium.id.2153,adeno,Weighted mode,4,21.22716234652342,0.04377678402484966,0.11259418173610361,1.0447491241644626,0.8378570211768019,1.3027291111189323,0.7233756193737977,,
genus.Catenibacterium.id.2153,adeno,Weighted Median,4,21.22716234652342,0.03944495856085521,0.0798790787323611,1.040233241374553,0.8894801965006818,1.216536580260761,0.6214415135039514,,
genus.Catenibacterium.id.2153,neuro,Inverse-Variance Weighted,4,21.22716234652342,0.002228083043348178,0.4526282804199933,1.0022305670648983,0.4127458104445136,2.433619152856939,0.9960723932687943,7.35277858685658,0.06146434030022497
genus.Catenibacterium.id.2153,neuro,MR Egger,4,21.22716234652342,8.317994077947066,3.667869649589504,4096.933630777178,3.092468269464895,5427659.62733627,0.15147050403170567,2.0500954537816782,0.3587793415748506
genus.Catenibacterium.id.2153,neuro,Egger Intercept,4,21.22716234652342,-1.0719120395015094,0.47128471448274545,0.34235329818619303,0.13592798169199335,0.8622638202967464,0.1507763233491232,2.0500954537816782,0.3587793415748506
genus.Catenibacterium.id.2153,neuro,Weighted mode,4,21.22716234652342,0.45210707891687507,0.6333149035057305,1.5716202269595965,0.4542124985552044,5.437961627311615,0.5268329177303285,,
genus.Catenibacterium.id.2153,neuro,Weighted Median,4,21.22716234652342,0.15728052250128077,0.3694157931625531,1.170323870036476,0.5673525245133046,2.414121558641334,0.6702865747066156,,
genus.ChristensenellaceaeR.7group.id.11283,adeno,Inverse-Variance Weighted,9,20.755085487588044,-0.13766118123942855,0.1411250293398708,0.8713938863307787,0.6608249906266327,1.1490596086788727,0.32933438200189646,12.84105004389381,0.11743685870359669
genus.ChristensenellaceaeR.7group.id.11283,adeno,MR Egger,9,20.755085487588044,-0.008759434894692409,0.5047651023349871,0.9912788171847982,0.36857943205808785,2.666002516506212,0.9866388777368569,12.711142004539438,0.07946703753784667
genus.ChristensenellaceaeR.7group.id.11283,adeno,Egger Intercept,9,20.755085487588044,-0.009414903908578484,0.03519987676326077,0.9906292775358242,0.9245883547949943,1.0613873302879089,0.7968168040006791,12.711142004539438,0.07946703753784667
genus.ChristensenellaceaeR.7group.id.11283,adeno,Weighted mode,9,20.755085487588044,0.061448828054939675,0.1985642620652048,1.0633760801141645,0.7205524095988181,1.569308037410553,0.7648742470249121,,
genus.ChristensenellaceaeR.7group.id.11283,adeno,Weighted Median,9,20.755085487588044,-0.10265020899969889,0.1721732705668026,0.902442584573711,0.6439656973308441,1.2646677017544177,0.5510396660869226,,
genus.ChristensenellaceaeR.7group.id.11283,neuro,Inverse-Variance Weighted,9,20.755085487588044,-0.22100788889927983,0.6247951896103588,0.8017103556530008,0.23560314920829237,2.728059860494593,0.7235423334382195,15.989263934924242,0.042534036095671815
genus.ChristensenellaceaeR.7group.id.11283,neuro,MR Egger,9,20.755085487588044,2.967797182337129,1.8637465510061528,19.449029707906536,0.5040166087246767,750.5005788125947,0.15532634047362798,10.962202182512325,0.14027626249224706
genus.ChristensenellaceaeR.7group.id.11283,neuro,Egger Intercept,9,20.755085487588044,-0.23232914172405483,0.12967207542239306,0.7926851745994854,0.6147826983978377,1.0220681025463723,0.11629385632511345,10.962202182512325,0.14027626249224706
genus.ChristensenellaceaeR.7group.id.11283,neuro,Weighted mode,9,20.755085487588044,-0.7563156852372481,1.0649285361520302,0.46939263532572195,0.05821713125511227,3.7846153073486977,0.49775500872662215,,
genus.ChristensenellaceaeR.7group.id.11283,neuro,Weighted Median,9,20.755085487588044,-0.8134089998056379,0.5432656328364482,0.4433441271368347,0.15286354165472316,1.2858135624692215,0.13432605029053885,,
genus.Clostridiumsensustricto1.id.1873,adeno,Inverse-Variance Weighted,7,20.433043990077838,0.07307791514398396,0.0949199721420003,1.0758143558797162,0.8931817152771937,1.295790664453653,0.44136528509500217,3.511278376385217,0.7424685568032967
genus.Clostridiumsensustricto1.id.1873,adeno,MR Egger,7,20.433043990077838,0.27898649462456804,0.24287047365148848,1.3217894924856566,0.8211580871078574,2.127638380325673,0.30264548078043424,2.6629088078731766,0.7517852611027741
genus.Clostridiumsensustricto1.id.1873,adeno,Egger Intercept,7,20.433043990077838,-0.022261650168504125,0.024169341208387617,0.9779843118115108,0.9327355498966281,1.0254281765666966,0.39927549496091364,2.6629088078731766,0.7517852611027741
genus.Clostridiumsensustricto1.id.1873,adeno,Weighted mode,7,20.433043990077838,0.12588258796292806,0.17599507473523168,1.134148997721099,0.8032672881084963,1.6013274386670096,0.5013187872179068,,
genus.Clostridiumsensustricto1.id.1873,adeno,Weighted Median,7,20.433043990077838,0.10902537023084072,0.11947554718862152,1.1151906426265903,0.8823674477914389,1.4094470195095672,0.36148824681819647,,
genus.Clostridiumsensustricto1.id.1873,neuro,Inverse-Variance Weighted,7,20.433043990077838,-0.3540168817857886,0.37426332219397745,0.7018631185525596,0.3370334844142578,1.461610967350771,0.3441979507206615,4.420500584090134,0.6199664993853025
genus.Clostridiumsensustricto1.id.1873,neuro,MR Egger,7,20.433043990077838,-0.4393248286008468,0.9621789198625134,0.6444714028817804,0.09776432812921318,4.2484144992379935,0.6671128459425846,4.41123839160098,0.49184653692982994
genus.Clostridiumsensustricto1.id.1873,neuro,Egger Intercept,7,20.433043990077838,0.009206945514431525,0.0956662326840711,1.0092494598127255,0.8366923234250313,1.2173943080565919,0.9270681395855291,4.41123839160098,0.49184653692982994
genus.Clostridiumsensustricto1.id.1873,neuro,Weighted mode,7,20.433043990077838,-0.1404536058532999,0.7131935935606174,0.8689639788399159,0.21474305700543397,3.5162878234623927,0.8503791551532992,,
genus.Clostridiumsensustricto1.id.1873,neuro,Weighted Median,7,20.433043990077838,-0.20865247177880883,0.5326797256974047,0.8116772673904947,0.28573092458437105,2.3057356754675093,0.6952773607560775,,
genus.Collinsella.id.815,adeno,Inverse-Variance Weighted,10,20.713717866666364,0.21781832034373888,0.146324587353435,1.2433611536706919,0.9333473340151031,1.6563468947909352,0.1365935606482081,18.842768379901887,0.02656349110986866
genus.Collinsella.id.815,adeno,MR Egger,10,20.713717866666364,0.4300410841375564,0.5794441717017808,1.5373206817452296,0.49377788303190545,4.786271235985896,0.4792102113833945,18.50889070918969,0.017718625397499948
genus.Collinsella.id.815,adeno,Egger Intercept,10,20.713717866666364,-0.014932022538049842,0.03930702285742168,0.9851789072885745,0.9121290585618981,1.0640791127700326,0.7139196655106534,18.50889070918969,0.017718625397499948
genus.Collinsella.id.815,adeno,Weighted mode,10,20.713717866666364,0.009807530371786388,0.22404495982132033,1.009855781811263,0.6509512067066654,1.5666438429650045,0.9660397252209443,,
genus.Collinsella.id.815,adeno,Weighted Median,10,20.713717866666364,0.11756731692737149,0.14179230829352799,1.124757342603675,0.8518493327143334,1.4850972245406733,0.407018637947143,,
genus.Collinsella.id.815,neuro,Inverse-Variance Weighted,10,20.713717866666364,-0.13464614725133123,0.5296291857449479,0.8740251331711503,0.3095240910390622,2.468046770932734,0.7993200348061099,15.648253641880647,0.07460033403605501
genus.Collinsella.id.815,neuro,MR Egger,10,20.713717866666364,2.2233807850279623,1.9407971976034362,9.238511550117497,0.20585531274652186,414.61206185506353,0.28507136161734165,13.057718883207757,0.10987905770561214
genus.Collinsella.id.815,neuro,Egger Intercept,10,20.713717866666364,-0.1654487462527725,0.1313280308189453,0.8475133003242223,0.6551757972184066,1.0963146033109847,0.24324503405485917,13.057718883207757,0.10987905770561214
genus.Collinsella.id.815,neuro,Weighted mode,10,20.713717866666364,-0.9243470657186306,0.8106345916267128,0.39679041257581343,0.08100933651726806,1.9435121713226666,0.2836064879931449,,
genus.Collinsella.id.815,neuro,Weighted Median,10,20.713717866666364,-0.5239715282507841,0.5368553499921499,0.5921640753145145,0.20675763559277108,1.6959871449862631,0.329063812040572,,
genus.Coprobacter.id.949,adeno,Inverse-Variance Weighted,11,21.020667365960872,-0.02365814241313485,0.06157647324159282,0.9766195174888399,0.8655864456093015,1.101895352888466,0.7008246651162553,7.65751041173151,0.6622507559472777
genus.Coprobacter.id.949,adeno,MR Egger,11,21.020667365960872,0.2576913038700525,0.24059226806508716,1.2939393229046514,0.8074537173222741,2.073529337274328,0.3120184344488826,6.194150198729844,0.7203406449625651
genus.Coprobacter.id.949,adeno,Egger Intercept,11,21.020667365960872,-0.030848676634812933,0.0255012175770651,0.9696222884826651,0.9223494971613776,1.0193179323193857,0.25721111781572126,6.194150198729844,0.7203406449625651
genus.Coprobacter.id.949,adeno,Weighted mode,11,21.020667365960872,-0.008683387445884039,0.1669610326698886,0.9913542042763646,0.7146752670032801,1.3751464528181487,0.9595461986920063,,
genus.Coprobacter.id.949,adeno,Weighted Median,11,21.020667365960872,0.0031233347950014693,0.0773406344760841,1.0031282174872265,0.8620307735530539,1.1673205314603183,0.9677868766010569,,
genus.Coprobacter.id.949,neuro,Inverse-Variance Weighted,11,21.020667365960872,-0.17887934194161167,0.2439619400209873,0.8362067883978769,0.5183810214959989,1.348895433989357,0.46342033881650924,5.314808810098332,0.869181151559873
genus.Coprobacter.id.949,neuro,MR Egger,11,21.020667365960872,-0.08888168396866038,0.9537775783536334,0.9149538208755752,0.14110009631229478,5.9329548045239,0.9277948485683206,5.305281847210023,0.8069255474790981
genus.Coprobacter.id.949,neuro,Egger Intercept,11,21.020667365960872,-0.00986017165143465,0.10101997081880949,0.9901882804615806,0.812321310538644,1.2070012420495504,0.9243841900461209,5.305281847210023,0.8069255474790981
genus.Coprobacter.id.949,neuro,Weighted mode,11,21.020667365960872,0.021456093976284007,0.5501808689888138,1.0216879310980607,0.34753204262280407,3.0035970803543437,0.9696593634042292,,
genus.Coprobacter.id.949,neuro,Weighted Median,11,21.020667365960872,-0.14983700929636254,0.3216700149766463,0.8608482752571538,0.45826381810090855,1.6171029082859796,0.6413517299395682,,
genus.Coprococcus1.id.11301,adeno,Inverse-Variance Weighted,11,21.78121549801137,-0.038179678705038675,0.0985429364120494,0.9625399774160481,0.7934824677659732,1.167616482734109,0.6984289679323616,12.56039813529001,0.24929897377004281
genus.Coprococcus1.id.11301,adeno,MR Egger,11,21.78121549801137,0.11276956391350444,0.2488214980260033,1.1193739590720286,0.687343870822382,1.8229566210424208,0.6611231726442791,11.973239478144412,0.21482214415971634
genus.Coprococcus1.id.11301,adeno,Egger Intercept,11,21.78121549801137,-0.01201285242645221,0.0180822715698573,0.9880590138245183,0.9536542403725053,1.023705000691387,0.5231244643451485,11.973239478144412,0.21482214415971634
genus.Coprococcus1.id.11301,adeno,Weighted mode,11,21.78121549801137,0.07813717008285392,0.15315168214521185,1.0812709665262161,0.8008832267112934,1.4598219366554392,0.6209864857717988,,
genus.Coprococcus1.id.11301,adeno,Weighted Median,11,21.78121549801137,0.1397811213296358,0.10913409826846804,1.1500220560091536,0.9285586709021458,1.4243049693592222,0.20025694385311532,,
genus.Coprococcus1.id.11301,neuro,Inverse-Variance Weighted,11,21.78121549801137,-0.4486781208298934,0.3485263605133982,0.6384715763236339,0.32245561264243744,1.2641924587159035,0.19796961382355693,4.368411462182364,0.9292008134414494
genus.Coprococcus1.id.11301,neuro,MR Egger,11,21.78121549801137,-0.03910715706155482,0.8554183734107016,0.9616476562879457,0.17983290425250592,5.142363788695874,0.9645341468802298,4.09353577974758,0.9051489799420334
genus.Coprococcus1.id.11301,neuro,Egger Intercept,11,21.78121549801137,-0.03258628755043634,0.06215366250428126,0.9679389251489646,0.8569227829158799,1.0933374412458639,0.6127457585959879,4.09353577974758,0.9051489799420334
genus.Coprococcus1.id.11301,neuro,Weighted mode,11,21.78121549801137,0.015363665190433196,0.6900815528980377,1.0154822930353662,0.2625808672996149,3.9271874530436426,0.982675706323394,,
genus.Coprococcus1.id.11301,neuro,Weighted Median,11,21.78121549801137,-0.16121141784410892,0.48547035413725825,0.8511121117967457,0.3286594035733047,2.2040806347582467,0.739834415790807,,
genus.Coprococcus2.id.11302,adeno,Inverse-Variance Weighted,8,21.423165556798477,-0.09193142162270657,0.11822771352525865,0.9121677023810286,0.723497824278433,1.1500378983128448,0.43681707364817834,10.548349892375999,0.15956902233218692
genus.Coprococcus2.id.11302,adeno,MR Egger,8,21.423165556798477,-0.11515886614574988,1.0083546410794926,0.8912245472508522,0.12349754981549554,6.431554268154608,0.9128012718979525,10.547401928730984,0.10341288577407444
genus.Coprococcus2.id.11302,adeno,Egger Intercept,8,21.423165556798477,0.0016776541973465703,0.07224432362755441,1.001679062246446,0.8694267260404557,1.1540488849617345,0.9822262597093478,10.547401928730984,0.10341288577407444
genus.Coprococcus2.id.11302,adeno,Weighted mode,8,21.423165556798477,-0.3474285021334764,0.3012101497251869,0.7065025255470755,0.3914880077386196,1.2749964462197658,0.2865878199273714,,
genus.Coprococcus2.id.11302,adeno,Weighted Median,8,21.423165556798477,-0.1106133909412863,0.13127395714670856,0.8952848072466908,0.6921792348874203,1.157987477357812,0.3994438608297437,,
genus.Coprococcus2.id.11302,neuro,Inverse-Variance Weighted,8,21.423165556798477,0.09926553513487862,0.3814839901659379,1.1043595068793501,0.522859190396744,2.3325781450056655,0.7947026279650212,4.820265544090944,0.6818862751184525
genus.Coprococcus2.id.11302,neuro,MR Egger,8,21.423165556798477,-2.5449707797333523,3.00956191906717,0.07847534501772567,0.00021524962838226594,28.61040839854227,0.43018633068589,4.035701100044877,0.6718449254205392
genus.Coprococcus2.id.11302,neuro,Egger Intercept,8,21.423165556798477,0.19100337693804548,0.2156387146552522,1.2104635397347776,0.7932248898565579,1.8471709596659398,0.40984073749524846,4.035701100044877,0.6718449254205392
genus.Coprococcus2.id.11302,neuro,Weighted mode,8,21.423165556798477,0.4122156024766883,0.7270204417447896,1.5101599954670237,0.3632207643423337,6.278779838036802,0.5884305046809608,,
genus.Coprococcus2.id.11302,neuro,Weighted Median,8,21.423165556798477,0.3005027274933463,0.5313760146068538,1.3505375893175329,0.4766397754459298,3.8266881492489353,0.5717214507721966,,
genus.Coprococcus3.id.11303,adeno,Inverse-Variance Weighted,9,21.94923823757421,0.03669638636348187,0.12080666009424078,1.0373780109095858,0.8186614361909195,1.3145277033273615,0.76130976355429,9.881849049113228,0.27341673212614065
genus.Coprococcus3.id.11303,adeno,MR Egger,9,21.94923823757421,0.4520640666399447,0.6841485076002721,1.571552629448937,0.41112128600246334,6.007418616396013,0.5298981916988847,9.371122966492859,0.22709744731932108
genus.Coprococcus3.id.11303,adeno,Egger Intercept,9,21.94923823757421,-0.0250611151149744,0.040574499452175776,0.9752503076723055,0.9006963126779344,1.0559754150509328,0.5563535351764295,9.371122966492859,0.22709744731932108
genus.Coprococcus3.id.11303,adeno,Weighted mode,9,21.94923823757421,0.2750125370095682,0.3082736604299659,1.3165471803287536,0.7194963415112062,2.4090414058131735,0.3983745703367092,,
genus.Coprococcus3.id.11303,adeno,Weighted Median,9,21.94923823757421,0.11889345148883915,0.1502509429218444,1.126249911643921,0.8389548427760501,1.5119274587899794,0.4287694130041311,,
genus.Coprococcus3.id.11303,neuro,Inverse-Variance Weighted,9,21.94923823757421,0.014334889038160327,0.5257025979307853,1.0144381262682642,0.362024929716941,2.8425796887283,0.9782459332515138,11.908223488071224,0.15534594022711284
genus.Coprococcus3.id.11303,neuro,MR Egger,9,21.94923823757421,3.9833734759740977,2.7278827650637627,53.69787752040962,0.2558211417937246,11271.398563774392,0.18760017543213914,9.072696447156119,0.24747880830136287
genus.Coprococcus3.id.11303,neuro,Egger Intercept,9,21.94923823757421,-0.23880940354060995,0.16145581735519773,0.7875649751644622,0.5739214116391095,1.0807378458565473,0.1826481412318949,9.072696447156119,0.24747880830136287
genus.Coprococcus3.id.11303,neuro,Weighted mode,9,21.94923823757421,-0.09104506697921799,0.9095547762429432,0.9129765648762335,0.15354333663963526,5.428605540659087,0.9227291586985715,,
genus.Coprococcus3.id.11303,neuro,Weighted Median,9,21.94923823757421,-0.0013590475212084674,0.5840981166107004,0.9986418755656536,0.3178450255343473,3.1376473297220655,0.9981435275592875,,
genus.DefluviitaleaceaeUCG011.id.11287,adeno,Inverse-Variance Weighted,9,22.580837252247342,0.15321973639599157,0.07840220329536597,1.1655810713891548,0.9995515185349652,1.359188804967201,0.05066829588374356,2.2360770669324217,0.9729053976008121
genus.DefluviitaleaceaeUCG011.id.11287,adeno,MR Egger,9,22.580837252247342,0.16255548555812013,0.2820328433034209,1.1765135961512072,0.6769019225009354,2.0448815344097846,0.5824145713228466,2.23488958172085,0.9457045306403525
genus.DefluviitaleaceaeUCG011.id.11287,adeno,Egger Intercept,9,22.580837252247342,-0.0009744241726318753,0.028277039864481743,0.9990260504244367,0.945163432207094,1.055958171272084,0.9734724606134423,2.23488958172085,0.9457045306403525
genus.DefluviitaleaceaeUCG011.id.11287,adeno,Weighted mode,9,22.580837252247342,0.22240412360942424,0.11858632854624564,1.2490760570056394,0.9900250032728953,1.5759107002620787,0.09758420289575881,,
genus.DefluviitaleaceaeUCG011.id.11287,adeno,Weighted Median,9,22.580837252247342,0.17607965761782673,0.1085824221739061,1.1925330492091382,0.9639249020508426,1.4753587861775497,0.10488428345549698,,
genus.DefluviitaleaceaeUCG011.id.11287,neuro,Inverse-Variance Weighted,9,22.580837252247342,-0.10307194881709307,0.3110214239834376,0.9020620688478406,0.49033132651302896,1.6595227187313402,0.7403437031053666,5.788946857268877,0.6708593716926026
genus.DefluviitaleaceaeUCG011.id.11287,neuro,MR Egger,9,22.580837252247342,-0.2502774294214584,1.122237607416051,0.7785847507889672,0.08630539745154178,7.023827385784073,0.829890788555944,5.770309399779333,0.566810616522994
genus.DefluviitaleaceaeUCG011.id.11287,neuro,Egger Intercept,9,22.580837252247342,0.01532157395626531,0.11223028063914903,1.0154395510319147,0.8149326753414134,1.2652793451531605,0.8952543285550576,5.770309399779333,0.566810616522994
genus.DefluviitaleaceaeUCG011.id.11287,neuro,Weighted mode,9,22.580837252247342,0.0843328896830915,0.5540460817946254,1.0879910145163871,0.3672922484070793,3.2228408108315025,0.8827879040394793,,
genus.DefluviitaleaceaeUCG011.id.11287,neuro,Weighted Median,9,22.580837252247342,0.02877675597767522,0.4773641907553306,1.029194807238248,0.403791324531209,2.623240983386472,0.951930557573079,,
genus.Desulfovibrio.id.3173,adeno,Inverse-Variance Weighted,10,20.984806756076804,-0.08436251121048868,0.0984360321446353,0.9190980123634602,0.7578292866438845,1.1146852875948827,0.39142898676728166,14.808965349778028,0.09631880856968307
genus.Desulfovibrio.id.3173,adeno,MR Egger,10,20.984806756076804,-0.15289768684079097,0.3089030142334925,0.8582175242658402,0.46843984029466756,1.572319977083239,0.6339279356035292,14.706892204984396,0.06510166836505649
genus.Desulfovibrio.id.3173,adeno,Egger Intercept,10,20.984806756076804,0.0071482074210810235,0.030335898288214855,1.0071738168398614,0.9490344750900083,1.0688748659331548,0.8196359045489137,14.706892204984396,0.06510166836505649
genus.Desulfovibrio.id.3173,adeno,Weighted mode,10,20.984806756076804,-0.19588371442654817,0.19218817145970102,0.8221078284002582,0.5640724769624713,1.1981816328931691,0.3347091963764018,,
genus.Desulfovibrio.id.3173,adeno,Weighted Median,10,20.984806756076804,-0.06762709703978054,0.10557469041747845,0.9346089270390523,0.7599113553072896,1.149468079928703,0.5218075278285372,,
genus.Desulfovibrio.id.3173,neuro,Inverse-Variance Weighted,10,20.984806756076804,-0.09934404798995897,0.30435394069924826,0.905431142665224,0.498636566736327,1.6440943340233536,0.7441144753192641,6.554575249689459,0.6833840165700285
genus.Desulfovibrio.id.3173,neuro,MR Egger,10,20.984806756076804,0.4713263538103192,0.903708360280287,1.6021177596008873,0.27254759152248736,9.417736187981635,0.6161126804556258,6.104797826160705,0.6354941165612759
genus.Desulfovibrio.id.3173,neuro,Egger Intercept,10,20.984806756076804,-0.0594759751946788,0.08868348381811815,0.9422581708884186,0.7919194447790598,1.1211373410002483,0.5213277750237213,6.104797826160705,0.6354941165612759
genus.Desulfovibrio.id.3173,neuro,Weighted mode,10,20.984806756076804,0.26164944045720384,0.6530707077720521,1.2990710608401896,0.3611834973885793,4.672377429517126,0.6980258875732462,,
genus.Desulfovibrio.id.3173,neuro,Weighted Median,10,20.984806756076804,-0.023692168150708126,0.3671579338539313,0.9765862878547634,0.47553170668014355,2.005588195757149,0.9485493769077248,,
genus.Dialister.id.2183,adeno,Inverse-Variance Weighted,11,20.392699573849473,-0.02958416488130806,0.08246508171688739,0.9708491627979275,0.8259543898818824,1.1411624037015267,0.7197837821173141,5.543658094296849,0.8520366892684421
genus.Dialister.id.2183,adeno,MR Egger,11,20.392699573849473,-0.3420356319982035,0.3379411484084923,0.7103228940341608,0.36626422387769514,1.3775809399215322,0.3379177232854736,4.63469600120969,0.8649200889803714
genus.Dialister.id.2183,adeno,Egger Intercept,11,20.392699573849473,0.023736129035385342,0.024896426098074177,1.0240200730728426,0.9752505505078428,1.0752284215682453,0.3652927030054888,4.63469600120969,0.8649200889803714
genus.Dialister.id.2183,adeno,Weighted mode,11,20.392699573849473,-0.04739299178031475,0.1638183283482707,0.9537125227516061,0.6917871790835886,1.3148083739541665,0.7782592724423503,,
genus.Dialister.id.2183,adeno,Weighted Median,11,20.392699573849473,-0.013339804822692147,0.09689876703926796,0.986748776052329,0.8160649037925254,1.1931319954035347,0.8905032565009302,,
genus.Dialister.id.2183,neuro,Inverse-Variance Weighted,11,20.392699573849473,-0.029211373577446947,0.3267681760608289,0.9712111543926465,0.5118738870406785,1.8427412108673107,0.928768161198562,6.312779739627499,0.7883360157863721
genus.Dialister.id.2183,neuro,MR Egger,11,20.392699573849473,1.9010075310820649,1.3439853954961658,6.692634083370083,0.48036749948652957,93.24392474879106,0.19087828663910808,4.1205451385859835,0.9033007633281644
genus.Dialister.id.2183,neuro,Egger Intercept,11,20.392699573849473,-0.14647631818338658,0.0989290641997383,0.8637461871713626,0.7115018338490423,1.04856718614074,0.17284318445845107,4.1205451385859835,0.9033007633281644
genus.Dialister.id.2183,neuro,Weighted mode,11,20.392699573849473,0.4497514430784211,0.5083137823283788,1.5679224190828445,0.5789474472058767,4.246293379696666,0.3970448508905374,,
genus.Dialister.id.2183,neuro,Weighted Median,11,20.392699573849473,0.05664071124795618,0.44095218906519185,1.0582755155924528,0.4459156014350105,2.5115673533250376,0.8977921421283693,,
genus.Dorea.id.1997,adeno,Inverse-Variance Weighted,10,21.07151419235776,-0.10936747604595058,0.12087234664814893,0.8964009510893437,0.7073163384394994,1.1360329479828788,0.36556180928309856,11.698550237855208,0.23084194850309986
genus.Dorea.id.1997,adeno,MR Egger,10,21.07151419235776,-0.31666974648302443,0.3512177188917432,0.7285713286420419,0.3660239628300098,1.4502224849299108,0.3935861647425781,11.1427711020212,0.19374008887674463
genus.Dorea.id.1997,adeno,Egger Intercept,10,21.07151419235776,0.014570173861699034,0.023065624927350436,1.0146768362451104,0.9698261493754003,1.0616016929172953,0.5452168356401799,11.1427711020212,0.19374008887674463
genus.Dorea.id.1997,adeno,Weighted mode,10,21.07151419235776,-0.10584472843604131,0.2625985499397406,0.8995643139904856,0.5376551624474306,1.5050835768442834,0.6963063095415283,,
genus.Dorea.id.1997,adeno,Weighted Median,10,21.07151419235776,-0.09865214421769188,0.1617449226273245,0.9060578306672572,0.6598965540280336,1.2440446726117942,0.5419120139909117,,
genus.Dorea.id.1997,neuro,Inverse-Variance Weighted,10,21.07151419235776,0.6593338803572015,0.46433714947432747,1.9335039603766124,0.7782037243334162,4.803931731365418,0.15562327572884851,11.319888293140309,0.25441787236390795
genus.Dorea.id.1997,neuro,MR Egger,10,21.07151419235776,0.9408732184462852,1.372384315523109,2.562217817616353,0.1739477973555763,37.74097887247695,0.5123539295259081,11.252005942447461,0.18782495433118881
genus.Dorea.id.1997,neuro,Egger Intercept,10,21.07151419235776,-0.019905271213460696,0.09060656074529622,0.9802915307357114,0.8207849583961979,1.1707956821112913,0.8316152901752378,11.252005942447461,0.18782495433118881
genus.Dorea.id.1997,neuro,Weighted mode,10,21.07151419235776,0.22308271697460125,0.7658063644776701,1.249923959388453,0.2786224171232466,5.607265633483578,0.7774207476066237,,
genus.Dorea.id.1997,neuro,Weighted Median,10,21.07151419235776,0.3720101848306058,0.6294796582787253,1.4506477558195823,0.4224137709689839,4.981795235124819,0.5545335061707741,,
genus.Eggerthella.id.819,adeno,Inverse-Variance Weighted,10,21.04497559858238,0.030543694979126748,0.07239328799243512,1.0310149392408114,0.8946281253218299,1.1881940382271547,0.6730882620760319,13.753815753760076,0.1313559116852637
genus.Eggerthella.id.819,adeno,MR Egger,10,21.04497559858238,0.07090073440055296,0.35633977807251566,1.0734746614735933,0.5339114751582907,2.158312571356899,0.8472504073033924,13.73073092548348,0.08905946089388059
genus.Eggerthella.id.819,adeno,Egger Intercept,10,21.04497559858238,-0.004531172676225004,0.03907051388778095,0.9954790775989195,0.9220928275106357,1.0747058911764122,0.910531331503869,13.73073092548348,0.08905946089388059
genus.Eggerthella.id.819,adeno,Weighted mode,10,21.04497559858238,0.003399440111532037,0.11081024241140573,1.0034052247610672,0.8075190482375929,1.2468090347530414,0.9761958543140905,,
genus.Eggerthella.id.819,adeno,Weighted Median,10,21.04497559858238,0.0005977652596599067,0.08517567063774696,1.0005979439569173,0.846752741860476,1.182395043978237,0.9944004696063664,,
genus.Eggerthella.id.819,neuro,Inverse-Variance Weighted,10,21.04497559858238,0.09117504122642565,0.23149438590487348,1.0954607392686004,0.6958967654533263,1.7244428927574813,0.6936886698584663,8.59104762509943,0.47584691418660685
genus.Eggerthella.id.819,neuro,MR Egger,10,21.04497559858238,0.9411954349748202,1.0728487678359613,2.563043539570382,0.3129887129409698,20.98859132652632,0.4059047149006717,7.9326505892735355,0.44007657546841294
genus.Eggerthella.id.819,neuro,Egger Intercept,10,21.04497559858238,-0.0954906609147216,0.11768387653730317,0.9089268501593992,0.7216961605489454,1.1447310711924696,0.4405980133202597,7.9326505892735355,0.44007657546841294
genus.Eggerthella.id.819,neuro,Weighted mode,10,21.04497559858238,-0.14804780544966478,0.5475093612709853,0.8623898870202583,0.2948860838853266,2.5220461658815525,0.7929493578910087,,
genus.Eggerthella.id.819,neuro,Weighted Median,10,21.04497559858238,-0.049854223771437695,0.3182179126695145,0.9513681012463561,0.5098894545190616,1.7750931227295281,0.8755073504190745,,
genus.Eisenbergiella.id.11304,adeno,Inverse-Variance Weighted,11,21.252220763778293,-0.00476903822178679,0.056482521010788225,0.9952423155849103,0.8909430420692005,1.1117515036992458,0.932711473630799,7.237202312285522,0.7028778780107844
genus.Eisenbergiella.id.11304,adeno,MR Egger,11,21.252220763778293,-0.31677299168648065,0.4182722988575574,0.7284961110299795,0.3209125260686337,1.653742190394593,0.46821160076840884,6.670448409212291,0.6713868609075513
genus.Eisenbergiella.id.11304,adeno,Egger Intercept,11,21.252220763778293,0.03289081964400949,0.04368953641315266,1.0334377019854148,0.9486259861268316,1.1258319922748818,0.4707839346242494,6.670448409212291,0.6713868609075513
genus.Eisenbergiella.id.11304,adeno,Weighted mode,11,21.252220763778293,-0.013305287376859709,0.13378703660080482,0.9867828366875964,0.7591712667763914,1.2826359602832913,0.9227454403993767,,
genus.Eisenbergiella.id.11304,adeno,Weighted Median,11,21.252220763778293,0.00872905674245033,0.08251481924249696,1.0087672660544214,0.8581297312741244,1.1858479667776964,0.9157507594750571,,
genus.Eisenbergiella.id.11304,neuro,Inverse-Variance Weighted,11,21.252220763778293,-0.03653470375496644,0.2227925609413209,0.96412463457067,0.6230003968478423,1.4920316514871372,0.8697427202539886,8.479404717421222,0.5821156929597764
genus.Eisenbergiella.id.11304,neuro,MR Egger,11,21.252220763778293,0.8155226816999228,1.6479797056221013,2.2603568107833816,0.08941046537270729,57.143343240157385,0.6325530083400799,8.20710645441305,0.5134172998302525
genus.Eisenbergiella.id.11304,neuro,Egger Intercept,11,21.252220763778293,-0.08984886223924593,0.17218295087571855,0.9140693252228719,0.6522499406515436,1.280985522940452,0.6143919619121485,8.20710645441305,0.5134172998302525
genus.Eisenbergiella.id.11304,neuro,Weighted mode,11,21.252220763778293,0.058794667486356644,0.3953718429222631,1.060557451453943,0.4886376116852836,2.3018737832218297,0.8847406726230135,,
genus.Eisenbergiella.id.11304,neuro,Weighted Median,11,21.252220763778293,0.09635237649641311,0.3395605275556306,1.1011470139645556,0.5659858180664207,2.142323548857478,0.7765972869318618,,
genus.Enterorhabdus.id.820,adeno,Inverse-Variance Weighted,6,23.325611908249282,-0.13865432808166758,0.08944380647401244,0.8705288938475977,0.7305451894122574,1.0373356309870554,0.12109743843275851,0.3050243864047015,0.9975475214343824
genus.Enterorhabdus.id.820,adeno,MR Egger,6,23.325611908249282,-0.20714076504799295,0.23914291387323725,0.8129052132920537,0.5087182885586339,1.298980006537027,0.4352555848785656,0.20967016454672718,0.994874176843379
genus.Enterorhabdus.id.820,adeno,Egger Intercept,6,23.325611908249282,0.009623052049019911,0.03116325917576462,1.0096695024931748,0.9498445532485886,1.0732624625558222,0.7728923804968758,0.20967016454672718,0.994874176843379
genus.Enterorhabdus.id.820,adeno,Weighted mode,6,23.325611908249282,-0.09095359303897349,0.135505909105362,0.9130600822597474,0.700090844231532,1.190815050197207,0.5318390851246186,,
genus.Enterorhabdus.id.820,adeno,Weighted Median,6,23.325611908249282,-0.1280786923253638,0.09730440486114598,0.8797841441604264,0.7270243371652098,1.0646413066915048,0.18808404541532298,,
genus.Enterorhabdus.id.820,neuro,Inverse-Variance Weighted,6,23.325611908249282,0.05101216701689181,0.35454277605838735,1.0523356969915134,0.5252443615762905,2.1083718363757544,0.8855939986867816,3.3656531095056916,0.6438061885001004
genus.Enterorhabdus.id.820,neuro,MR Egger,6,23.325611908249282,0.37096558000346846,0.9506407343205552,1.449133193368725,0.2248570843482611,9.339207693676915,0.7162580181723084,3.234074806222755,0.5194449261213843
genus.Enterorhabdus.id.820,neuro,Egger Intercept,6,23.325611908249282,-0.04481530700803414,0.1235475777138619,0.95617406417459,0.7505353258017146,1.2181556411399288,0.7351558176266912,3.234074806222755,0.5194449261213843
genus.Enterorhabdus.id.820,neuro,Weighted mode,6,23.325611908249282,0.12821187447801785,0.6624498695943964,1.1367938347834317,0.3103080175111054,4.164572456640991,0.8541513411883119,,
genus.Enterorhabdus.id.820,neuro,Weighted Median,6,23.325611908249282,0.08959991095778091,0.5122821716864474,1.0937366041252623,0.4007276956551001,2.985218571548552,0.861155511999985,,
genus.Erysipelatoclostridium.id.11381,adeno,Inverse-Variance Weighted,15,22.00596378108549,0.10147114692451138,0.06262717960410442,1.1067979834054609,0.9789466570670048,1.2513468095806046,0.10518043905825883,13.891579481764934,0.4578194042090755
genus.Erysipelatoclostridium.id.11381,adeno,MR Egger,15,22.00596378108549,0.2739780965236799,0.2491050694434571,1.3151859947779407,0.8071321741220977,2.1430371088123437,0.2913480650064838,13.364313954951193,0.4200811280522362
genus.Erysipelatoclostridium.id.11381,adeno,Egger Intercept,15,22.00596378108549,-0.014301918513250531,0.019970147338580484,0.9857998680976119,0.9479595870812931,1.0251506426907746,0.48655601306948515,13.364313954951193,0.4200811280522362
genus.Erysipelatoclostridium.id.11381,adeno,Weighted mode,15,22.00596378108549,0.0100929413877624,0.15604104406389357,1.0101440469109997,0.7439752543551853,1.3715388912956792,0.9493422457622873,,
genus.Erysipelatoclostridium.id.11381,adeno,Weighted Median,15,22.00596378108549,0.05690081566942108,0.08061142309203488,1.0585508135347403,0.9038448371967065,1.239736931297198,0.4802718366222778,,
genus.Erysipelatoclostridium.id.11381,neuro,Inverse-Variance Weighted,15,22.00596378108549,-0.007031467829811665,0.2592947539155148,0.9929931951007194,0.5973517246801809,1.6506782265410778,0.9783658866720842,15.37885485714483,0.352756804764725
genus.Erysipelatoclostridium.id.11381,neuro,MR Egger,15,22.00596378108549,-1.3308494349963467,0.9828522004558975,0.26425270044676413,0.0384945060492727,1.8140118385731718,0.19878561808051862,13.381196121533913,0.4188167653790244
genus.Erysipelatoclostridium.id.11381,neuro,Egger Intercept,15,22.00596378108549,0.10985295457862633,0.07885457303504428,1.1161139389473198,0.9562824033397052,1.3026594658251611,0.1869515947138531,13.381196121533913,0.4188167653790244
genus.Erysipelatoclostridium.id.11381,neuro,Weighted mode,15,22.00596378108549,0.06297669568624631,0.7084257653312084,1.065002019800889,0.26566004753052536,4.269476395578999,0.9304231984104916,,
genus.Erysipelatoclostridium.id.11381,neuro,Weighted Median,15,22.00596378108549,-0.015152800626179498,0.3431309949331151,0.9849614253814609,0.5027362749284902,1.9297374346569172,0.9647765506274967,,
genus.ErysipelotrichaceaeUCG003.id.11384,adeno,Inverse-Variance Weighted,17,20.982245783669434,0.004564115776494091,0.06877874673098419,1.0045745472169674,0.8778827575406276,1.1495498826555683,0.9470916998493416,11.03075137259964,0.807583196788455
genus.ErysipelotrichaceaeUCG003.id.11384,adeno,MR Egger,17,20.982245783669434,-0.046091243444234466,0.19238084387537163,0.954954824848112,0.6549753370333677,1.3923252769046317,0.8138962693098367,10.951260185916198,0.7560417402772136
genus.ErysipelotrichaceaeUCG003.id.11384,adeno,Egger Intercept,17,20.982245783669434,0.0047851080010903775,0.016971969950564398,1.0047965749132235,0.9719217779675723,1.0387833464011857,0.7818408307706572,10.951260185916198,0.7560417402772136
genus.ErysipelotrichaceaeUCG003.id.11384,adeno,Weighted mode,17,20.982245783669434,-0.07897893544401335,0.1702522357617765,0.9240593891408161,0.6618784716026318,1.290094467934199,0.6489726396718287,,
genus.ErysipelotrichaceaeUCG003.id.11384,adeno,Weighted Median,17,20.982245783669434,-0.05558501184314624,0.08410008595816665,0.9459316048629879,0.8021808640079827,1.1154424659396556,0.5086515472865005,,
genus.ErysipelotrichaceaeUCG003.id.11384,neuro,Inverse-Variance Weighted,17,20.982245783669434,0.12206610848907333,0.27145526929639413,1.1298287905857667,0.6636593957431942,1.9234461294818286,0.6529462341089702,15.00004207569497,0.5246354447852468
genus.ErysipelotrichaceaeUCG003.id.11384,neuro,MR Egger,17,20.982245783669434,0.3815383156399312,0.7600496513223277,1.464535775761813,0.3301662376351094,6.496318502610496,0.622961789487669,14.86645577633528,0.461078810956531
genus.ErysipelotrichaceaeUCG003.id.11384,neuro,Egger Intercept,17,20.982245783669434,-0.02451576374983455,0.06707558483720663,0.9757823068089903,0.8555729564028222,1.112881260628791,0.7198449670367986,14.86645577633528,0.461078810956531
genus.ErysipelotrichaceaeUCG003.id.11384,neuro,Weighted mode,17,20.982245783669434,0.4211462597054405,0.5715389750194695,1.5237071190664644,0.4970472776602625,4.670950811002574,0.471872862603831,,
genus.ErysipelotrichaceaeUCG003.id.11384,neuro,Weighted Median,17,20.982245783669434,0.36176525466582077,0.34852644977456226,1.4358618405278158,0.7251718723647476,2.8430490807108018,0.2992770015498053,,
genus.Escherichia.Shigella.id.3504,adeno,Inverse-Variance Weighted,10,20.883551152037725,0.08599427164459876,0.09104662113751703,1.089800085525042,0.911688316280471,1.3027086178485334,0.34491006178898553,3.6482852037284244,0.933001355800187
genus.Escherichia.Shigella.id.3504,adeno,MR Egger,10,20.883551152037725,0.22159516184478031,0.2822554586884457,1.248066010833839,0.7177560454875692,2.170192473043642,0.4550214011524404,3.3906787669702854,0.9075064919613034
genus.Escherichia.Shigella.id.3504,adeno,Egger Intercept,10,20.883551152037725,-0.01069249142310311,0.021066896195928463,0.989364470062478,0.9493444284004285,1.0310715745930912,0.6254628749753832,3.3906787669702854,0.9075064919613034
genus.Escherichia.Shigella.id.3504,adeno,Weighted mode,10,20.883551152037725,0.09417505320358621,0.17802759471587148,1.0987520691529356,0.7751032501988807,1.5575423134377155,0.6096081800599128,,
genus.Escherichia.Shigella.id.3504,adeno,Weighted Median,10,20.883551152037725,0.09641795058882638,0.11576564781042491,1.1012192230481066,0.8776716597566674,1.3817055202020416,0.40491700073738734,,
genus.Escherichia.Shigella.id.3504,neuro,Inverse-Variance Weighted,10,20.883551152037725,-0.11713675753562508,0.3617248557462563,0.889463544003075,0.4377455494262052,1.8073179662192795,0.7460680033712369,2.991174047300922,0.9646438604803411
genus.Escherichia.Shigella.id.3504,neuro,MR Egger,10,20.883551152037725,-0.7229799386476852,1.1297737462648327,0.48530392314382564,0.05300672528412947,4.4432078487463995,0.5401057716031763,2.670762077714294,0.9532921820438397
genus.Escherichia.Shigella.id.3504,neuro,Egger Intercept,10,20.883551152037725,0.04758607780856488,0.08406699904107302,1.0487364701732629,0.889420421386393,1.2365897582574907,0.5868828713012502,2.670762077714294,0.9532921820438397
genus.Escherichia.Shigella.id.3504,neuro,Weighted mode,10,20.883551152037725,-0.4304374779608964,0.7563725338066073,0.6502245735714169,0.14764749389438214,2.863523009598593,0.5832218459881163,,
genus.Escherichia.Shigella.id.3504,neuro,Weighted Median,10,20.883551152037725,-0.12570925171318373,0.3933617020114058,0.8818712120568262,0.40791429510724303,1.9065201783382333,0.749289206605194,,
genus.Faecalibacterium.id.2057,adeno,Inverse-Variance Weighted,10,21.958404625806125,0.061106152975986136,0.08037981003939342,1.0630117500589344,0.90806594651177,1.2443963845402413,0.44712447654805965,4.632608606452858,0.865087534134116
genus.Faecalibacterium.id.2057,adeno,MR Egger,10,21.958404625806125,0.09065421829588688,0.1569680873584657,1.0948903467457307,0.8049273670296138,1.489308129528266,0.5794665307035796,4.584578847073869,0.800912828071792
genus.Faecalibacterium.id.2057,adeno,Egger Intercept,10,21.958404625806125,-0.0035652254652417618,0.016267911250018863,0.9964411224049636,0.9651706716042582,1.0287247008545377,0.8320158846125402,4.584578847073869,0.800912828071792
genus.Faecalibacterium.id.2057,adeno,Weighted mode,10,21.958404625806125,0.015603876373537218,0.12833140030729454,1.0157262525381248,0.7898393819110943,1.3062147111465154,0.9058948860548875,,
genus.Faecalibacterium.id.2057,adeno,Weighted Median,10,21.958404625806125,-0.012117541942920931,0.09311993541022602,0.9879555798184411,0.8231370104177824,1.1857761409598089,0.8964648943895754,,
genus.Faecalibacterium.id.2057,neuro,Inverse-Variance Weighted,10,21.958404625806125,-0.08281078385229124,0.3178524527940492,0.9205253089953315,0.4937126598096105,1.716315811767353,0.7944533169133391,4.0603303832788775,0.9073970020087391
genus.Faecalibacterium.id.2057,neuro,MR Egger,10,21.958404625806125,-0.6444147327331943,0.620837172040346,0.5249696997945095,0.15547729203865937,1.7725622956811673,0.3296330519490734,2.9513660917516082,0.9373723777744662
genus.Faecalibacterium.id.2057,neuro,Egger Intercept,10,21.958404625806125,0.06780501562705717,0.06438771889182242,1.0701566243160174,0.9432773610013137,1.2141022862583666,0.32307186789469394,2.9513660917516082,0.9373723777744662
genus.Faecalibacterium.id.2057,neuro,Weighted mode,10,21.958404625806125,-0.36874081810999293,0.5226679882998003,0.6916046386203325,0.24828696739544523,1.9264683167979093,0.4983528304317467,,
genus.Faecalibacterium.id.2057,neuro,Weighted Median,10,21.958404625806125,-0.25085918585493,0.445905164234998,0.7781319358279721,0.3247065889175044,1.8647275116096242,0.5737180751622857,,
genus.FamilyXIIIAD3011group.id.11293,adeno,Inverse-Variance Weighted,13,21.65138315868869,-0.2363284472117324,0.10172163437079021,0.7895213152677162,0.6468098965689274,0.9637204232165574,0.020163794365631708,18.418190579926936,0.10357022823199698
genus.FamilyXIIIAD3011group.id.11293,adeno,MR Egger,13,21.65138315868869,0.10334227978345478,0.49263110894189044,1.1088708882157814,0.4222259449133745,2.9121721711931374,0.8376770990052885,17.621144816131622,0.0907979896607824
genus.FamilyXIIIAD3011group.id.11293,adeno,Egger Intercept,13,21.65138315868869,-0.02806803216213931,0.039791568105853534,0.9723222153684523,0.8993711288203279,1.051190615534963,0.4952422569844729,17.621144816131622,0.0907979896607824
genus.FamilyXIIIAD3011group.id.11293,adeno,Weighted mode,13,21.65138315868869,-0.2892172579164265,0.20891673516034104,0.7488494942473288,0.4972342386268326,1.127789523471119,0.1914495058666302,,
genus.FamilyXIIIAD3011group.id.11293,adeno,Weighted Median,13,21.65138315868869,-0.227799264702227,0.11256048450094863,0.7962840861166675,0.638637796261851,0.9928450046553131,0.042991322998352045,,
genus.FamilyXIIIAD3011group.id.11293,neuro,Inverse-Variance Weighted,13,21.65138315868869,0.10978024505025948,0.33853445407482613,1.11603278977941,0.574791860798157,2.1669221031301116,0.7457254063748233,13.037244190513313,0.3663394374699992
genus.FamilyXIIIAD3011group.id.11293,neuro,MR Egger,13,21.65138315868869,0.34366566925241004,1.6716897408676576,1.4101071145243083,0.05324527435443946,37.344198119739474,0.8408742311700621,13.013004902940438,0.2924762648904948
genus.FamilyXIIIAD3011group.id.11293,neuro,Egger Intercept,13,21.65138315868869,-0.01931343711015135,0.13492489796284246,0.9808718724108441,0.7529426341761477,1.277799378619957,0.8887663833281745,13.013004902940438,0.2924762648904948
genus.FamilyXIIIAD3011group.id.11293,neuro,Weighted mode,13,21.65138315868869,-0.4379243834783173,0.8289407131444904,0.6453745819933336,0.12711689519702235,3.2765774402962817,0.6069274538129242,,
genus.FamilyXIIIAD3011group.id.11293,neuro,Weighted Median,13,21.65138315868869,-0.2688641362131577,0.4526232393829947,0.7642470820975689,0.31474084740887665,1.8557286329469787,0.5525033472715517,,
genus.FamilyXIIIUCG001.id.11294,adeno,Inverse-Variance Weighted,8,21.488658668048796,0.010449919354008096,0.09723746205283931,1.0105047104491192,0.8351570347290999,1.2226679862321692,0.9144176797139606,7.197403698952341,0.4086199092923252
genus.FamilyXIIIUCG001.id.11294,adeno,MR Egger,8,21.488658668048796,-0.23920180625621484,0.3034558328057089,0.7872559931561467,0.43431932716480576,1.4269961293366382,0.46054488061695886,6.390698772291902,0.3808751818999796
genus.FamilyXIIIUCG001.id.11294,adeno,Egger Intercept,8,21.488658668048796,0.022223010843924498,0.02553548389305381,1.022471781341452,0.9725570542642937,1.0749482912654498,0.4176009022502213,6.390698772291902,0.3808751818999796
genus.FamilyXIIIUCG001.id.11294,adeno,Weighted mode,8,21.488658668048796,0.003988618538962707,0.17711356343346854,1.0039965836643154,0.7095289599626207,1.4206737101509155,0.982661568257318,,
genus.FamilyXIIIUCG001.id.11294,adeno,Weighted Median,8,21.488658668048796,0.006906611202988501,0.13446190127291377,1.0069305168461136,0.773647670353452,1.3105566068501993,0.9590348182293463,,
genus.FamilyXIIIUCG001.id.11294,neuro,Inverse-Variance Weighted,8,21.488658668048796,-0.28956187522268806,0.37897143381987325,0.7485914722138086,0.35617044468238107,1.5733736491554506,0.44482368641011105,2.387032962034499,0.9353607238026406
genus.FamilyXIIIUCG001.id.11294,neuro,MR Egger,8,21.488658668048796,-0.3829523206180689,1.1671107975589967,0.6818454084786241,0.0692183357594792,6.716618594802225,0.7539690321774162,2.3798753313634706,0.8816618610967937
genus.FamilyXIIIUCG001.id.11294,neuro,Egger Intercept,8,21.488658668048796,0.00829934695652981,0.09809780234132104,1.0083338820098326,0.8319588108032812,1.2221004266152657,0.9353294718962321,2.3798753313634706,0.8816618610967937
genus.FamilyXIIIUCG001.id.11294,neuro,Weighted mode,8,21.488658668048796,-0.2661111989047582,0.752303928513977,0.7663539050478867,0.17541040157258836,3.34813843715596,0.7339568338901485,,
genus.FamilyXIIIUCG001.id.11294,neuro,Weighted Median,8,21.488658668048796,-0.20322820489445448,0.4745271957065814,0.8160919839889176,0.32196851797569986,2.0685442493518376,0.668450810361888,,
genus.Flavonifractor.id.2059,adeno,Inverse-Variance Weighted,5,21.75038006210298,-0.025009216476266787,0.12396796653027034,0.9753009231490987,0.764918160302121,1.2435472708868387,0.8401205013991568,4.821304208389491,0.30612903029363264
genus.Flavonifractor.id.2059,adeno,MR Egger,5,21.75038006210298,-0.15240391377076662,0.5670797689158401,0.8586413936065664,0.2825555075353626,2.609275073933413,0.8055426952113429,4.736306732189129,0.19215617849724387
genus.Flavonifractor.id.2059,adeno,Egger Intercept,5,21.75038006210298,0.010777050316298931,0.04644684062498274,1.0108353319027565,0.9228775141863793,1.1071762530954907,0.8314419447353847,4.736306732189129,0.19215617849724387
genus.Flavonifractor.id.2059,adeno,Weighted mode,5,21.75038006210298,0.17100118776398532,0.23104019981018922,1.1864921582935293,0.7543961856115362,1.8660800101353403,0.5003051929976654,,
genus.Flavonifractor.id.2059,adeno,Weighted Median,5,21.75038006210298,0.05308418119856831,0.1548320067886983,1.0545184120068871,0.7784997941652528,1.428399968241327,0.7317111740808948,,
genus.Flavonifractor.id.2059,neuro,Inverse-Variance Weighted,5,21.75038006210298,-0.5502821116750443,0.4469501965363177,0.5767870690597564,0.24019492521610555,1.3850555865625638,0.21825055638546098,1.1334035449978566,0.8889367932306534
genus.Flavonifractor.id.2059,neuro,MR Egger,5,21.75038006210298,-0.519785236947435,1.7868321244013734,0.5946482427294564,0.017917521309690917,19.735237172006492,0.7900814406844188,1.133092800610838,0.7690919478246255
genus.Flavonifractor.id.2059,neuro,Egger Intercept,5,21.75038006210298,-0.0025799266299929556,0.14635437485007055,0.9974233985205523,0.7486868292919397,1.3287978324089893,0.9870425020295679,1.133092800610838,0.7690919478246255
genus.Flavonifractor.id.2059,neuro,Weighted mode,5,21.75038006210298,-0.3459140842631907,0.6689557265787358,0.7075732761744646,0.19069741756156613,2.6254154228104767,0.6323671910690662,,
genus.Flavonifractor.id.2059,neuro,Weighted Median,5,21.75038006210298,-0.4053372756224802,0.49245042763915536,0.6667518937710697,0.25396974993622223,1.7504371601694568,0.4104495946715926,,
genus.Fusicatenibacter.id.11305,adeno,Inverse-Variance Weighted,18,21.071407974763037,0.04595504435488056,0.07787605493779425,1.0470273401093626,0.8988114286272322,1.2196843698469995,0.5551203003377577,9.851942092718723,0.9097039523862541
genus.Fusicatenibacter.id.11305,adeno,MR Egger,18,21.071407974763037,-0.3738217133791418,0.2957324426408121,0.6880995798425258,0.3854062520275229,1.2285245226007595,0.2243165218480909,7.686982804840989,0.9576433109666657
genus.Fusicatenibacter.id.11305,adeno,Egger Intercept,18,21.071407974763037,0.028467202555081016,0.019347280341448277,1.028876265768496,0.9905910766300433,1.0686411327901308,0.16058284989924215,7.686982804840989,0.9576433109666657
genus.Fusicatenibacter.id.11305,adeno,Weighted mode,18,21.071407974763037,-0.07152061883162586,0.2220040660636141,0.9309770817372686,0.6025114628529048,1.4385092735266989,0.7512600974255171,,
genus.Fusicatenibacter.id.11305,adeno,Weighted Median,18,21.071407974763037,-0.017354282344669413,0.09869308455624719,0.9827954358780059,0.8099419277068208,1.1925384224981954,0.8604189244774624,,
genus.Fusicatenibacter.id.11305,neuro,Inverse-Variance Weighted,18,21.071407974763037,0.030594552865871868,0.30790911670758275,1.0310673758152191,0.563883665343799,1.8853178391367522,0.9208506281418013,8.180618560481594,0.9625305749715665
genus.Fusicatenibacter.id.11305,neuro,MR Egger,18,21.071407974763037,-0.6400340596816594,1.1666662551709586,0.5272744649367868,0.05357354373373582,5.1894711829433,0.5908531223216293,7.825456291977091,0.9538934000835594
genus.Fusicatenibacter.id.11305,neuro,Egger Intercept,18,21.071407974763037,0.04549242265756444,0.07633534184131864,1.0465430745686548,0.9011127888531335,1.2154443045043957,0.5595424696192186,7.825456291977091,0.9538934000835594
genus.Fusicatenibacter.id.11305,neuro,Weighted mode,18,21.071407974763037,0.00994163845473528,0.6560412107287203,1.0099912207157395,0.2791798350951142,3.6538536731183906,0.98808576148255,,
genus.Fusicatenibacter.id.11305,neuro,Weighted Median,18,21.071407974763037,0.16705075750934342,0.4099840284127801,1.1818142497338417,0.5291316892200784,2.6395790487102144,0.6836725575223787,,
genus.Gordonibacter.id.821,adeno,Inverse-Variance Weighted,11,21.578467636068645,0.002766454584056555,0.06328419678732485,1.002770284750719,0.8857942568226536,1.1351939078787239,0.9651317597078191,18.935184348687947,0.041093704650772694
genus.Gordonibacter.id.821,adeno,MR Egger,11,21.578467636068645,0.16180369881743092,0.2774918801205512,1.175629441219,0.6824401922137429,2.025239132791314,0.5741484353658668,18.230624129790804,0.03259023161240906
genus.Gordonibacter.id.821,adeno,Egger Intercept,11,21.578467636068645,-0.024447661580769983,0.041453173093533954,0.9758487619634632,0.8996982219381132,1.0584446906811023,0.5698555715007356,18.230624129790804,0.03259023161240906
genus.Gordonibacter.id.821,adeno,Weighted mode,11,21.578467636068645,-0.0011081832026219596,0.11075894139097664,0.998892430605625,0.8039680830188173,1.2410767404778429,0.9922138031300044,,
genus.Gordonibacter.id.821,adeno,Weighted Median,11,21.578467636068645,0.02110101215105671,0.06199449314458608,1.021325212683843,0.9044681438308094,1.1532801870121157,0.7335785575303515,,
genus.Gordonibacter.id.821,neuro,Inverse-Variance Weighted,11,21.578467636068645,-0.13291150967352652,0.1816389814183991,0.8755425657283704,0.6132859881542153,1.2499466793776752,0.46433063315475354,8.634492040891919,0.5671067646992941
genus.Gordonibacter.id.821,neuro,MR Egger,11,21.578467636068645,0.32926991079162843,0.7698122801375624,1.3899529682678446,0.30741330751096796,6.284598639008697,0.678901852786191,8.252782412637268,0.5088863826145459
genus.Gordonibacter.id.821,neuro,Egger Intercept,11,21.578467636068645,-0.07107416435899033,0.1150390283492393,0.9313928134150594,0.7433779668392441,1.166960296885979,0.5520003204039983,8.252782412637268,0.5088863826145459
genus.Gordonibacter.id.821,neuro,Weighted mode,11,21.578467636068645,-0.359734946958288,0.3860010932230623,0.6978612718125196,0.3274902191068217,1.4870989308445055,0.373314177186275,,
genus.Gordonibacter.id.821,neuro,Weighted Median,11,21.578467636068645,-0.2093006753605174,0.2675729172820355,0.8111513057621025,0.48010829150034795,1.3704542339466907,0.4340857581547859,,
genus.Haemophilus.id.3698,adeno,Inverse-Variance Weighted,9,22.958406857283542,0.10458328185715686,0.06823485390303682,1.110247853519203,0.9712639331740833,1.2691198078525427,0.1253507960913487,7.899499896092541,0.44334844940823404
genus.Haemophilus.id.3698,adeno,MR Egger,9,22.958406857283542,0.22011139974720886,0.1544511826969781,1.2462155509523043,0.9207074672290366,1.6868041747390492,0.1971480335992225,7.181757029048416,0.4102040798311425
genus.Haemophilus.id.3698,adeno,Egger Intercept,9,22.958406857283542,-0.015181169160250207,0.01815043805321466,0.9849334838660384,0.9505105404467448,1.0206030615763007,0.4305488001370641,7.181757029048416,0.4102040798311425
genus.Haemophilus.id.3698,adeno,Weighted mode,9,22.958406857283542,-0.07376731193125596,0.1627845653089015,0.9288878098070527,0.6751468474878642,1.2779924344142815,0.6624724462058786,,
genus.Haemophilus.id.3698,adeno,Weighted Median,9,22.958406857283542,0.0008671560468085648,0.09198677017067511,1.0008675321353147,0.8357490306928768,1.1986084100536103,0.9924784817139776,,
genus.Haemophilus.id.3698,neuro,Inverse-Variance Weighted,9,22.958406857283542,0.6631850215384509,0.2768591852701891,1.9409645137038052,1.1281070131714788,3.339526480618369,0.016602810011791293,8.41636255726981,0.3938902520348237
genus.Haemophilus.id.3698,neuro,MR Egger,9,22.958406857283542,1.9155142686561002,0.6031304172172343,6.790430004525837,2.0821034378233376,22.14584482631122,0.015578145329157012,3.025199325314339,0.8826613381316678
genus.Haemophilus.id.3698,neuro,Egger Intercept,9,22.958406857283542,-0.16458719451079548,0.07088507476340603,0.84824379151726,0.7382136917727461,0.9746737805955994,0.053246199074526955,3.025199325314339,0.8826613381316678
genus.Haemophilus.id.3698,neuro,Weighted mode,9,22.958406857283542,1.138425885251622,0.4860386383476793,3.121850344767496,1.2041695438092785,8.093502800523028,0.047249153344873805,,
genus.Haemophilus.id.3698,neuro,Weighted Median,9,22.958406857283542,1.027120086559951,0.39991093000610584,2.7930106122943346,1.2754443959786321,6.116227649738692,0.010217740184410566,,
genus.Holdemanella.id.11393,adeno,Inverse-Variance Weighted,11,22.02730716487058,-0.02219203466355988,0.058953716894426515,0.9780523970530719,0.8713240568974485,1.097853874008033,0.7065961494575302,7.192297425993416,0.7071747436397575
genus.Holdemanella.id.11393,adeno,MR Egger,11,22.02730716487058,0.09140533672275877,0.16832756791363312,1.0957130479949304,0.7877955348074498,1.5239831028488675,0.6003035696997123,6.673187438611702,0.6711028040712426
genus.Holdemanella.id.11393,adeno,Egger Intercept,11,22.02730716487058,-0.013232980370195626,0.018366566516568032,0.9868541905804068,0.9519607721708212,1.0230266014484002,0.48951087112507186,6.673187438611702,0.6711028040712426
genus.Holdemanella.id.11393,adeno,Weighted mode,11,22.02730716487058,-0.021571265233021997,0.1175483125780639,0.9786597305701643,0.7772711975732703,1.2322274017485135,0.8580655527951435,,
genus.Holdemanella.id.11393,adeno,Weighted Median,11,22.02730716487058,-0.010685057456743904,0.06443138143044937,0.9893718249920035,0.8719958929007752,1.1225472689231946,0.868285832645098,,
genus.Holdemanella.id.11393,neuro,Inverse-Variance Weighted,11,22.02730716487058,-0.0071322092810342935,0.23342532138154973,0.9928931645638861,0.6283576054260993,1.5689104862018441,0.9756247766614519,7.505988274236758,0.6769673737871803
genus.Holdemanella.id.11393,neuro,MR Egger,11,22.02730716487058,0.7831550980355778,0.6697641513726614,2.188365893675469,0.5888506819120962,8.13269888565218,0.27231806498270394,5.921214469544356,0.7477768774247568
genus.Holdemanella.id.11393,neuro,Egger Intercept,11,22.02730716487058,-0.0917825289239165,0.0729082002663254,0.9123035276034264,0.7908218154993054,1.0524465943724168,0.2397459716617997,5.921214469544356,0.7477768774247568
genus.Holdemanella.id.11393,neuro,Weighted mode,11,22.02730716487058,0.2755096871742162,0.47796628543206293,1.3172018647009585,0.516177679697758,3.361285891686762,0.577073890485235,,
genus.Holdemanella.id.11393,neuro,Weighted Median,11,22.02730716487058,0.15929734004233884,0.3036033278446079,1.1726865815244,0.6467695809003026,2.1262499955132634,0.5997993743239209,,
genus.Holdemania.id.2157,adeno,Inverse-Variance Weighted,15,21.875740220587886,0.048723627235897175,0.06087896553239319,1.0499301385439976,0.9318353479367703,1.1829914998006907,0.42351615557934197,13.270828797479338,0.5053179342021186
genus.Holdemania.id.2157,adeno,MR Egger,15,21.875740220587886,0.059914125967128404,0.187966883788651,1.0617453662739222,0.7345472424362168,1.5346912460869153,0.754980748092454,13.266778079145046,0.42742265219134534
genus.Holdemania.id.2157,adeno,Egger Intercept,15,21.875740220587886,-0.0011392146314833243,0.018082171644217875,0.9988614340271611,0.9640807030159246,1.0348969347333947,0.9507232449065073,13.266778079145046,0.42742265219134534
genus.Holdemania.id.2157,adeno,Weighted mode,15,21.875740220587886,-0.057799637267595405,0.1419075421681179,0.943839038661485,0.7146671137211424,1.2464994034257915,0.6899435408495178,,
genus.Holdemania.id.2157,adeno,Weighted Median,15,21.875740220587886,-0.013334233690619347,0.09030721634533385,0.9867542733753962,0.8266810100891303,1.1778231072703926,0.8826157316886534,,
genus.Holdemania.id.2157,neuro,Inverse-Variance Weighted,15,21.875740220587886,-0.16223580746045413,0.24105664483986905,0.8502406878021254,0.5300908715667049,1.3637458518341279,0.5009349251788946,8.478185601154875,0.8629576059329517
genus.Holdemania.id.2157,neuro,MR Egger,15,21.875740220587886,-0.7257775010740883,0.7400651109461979,0.4839481524338794,0.11345997827866146,2.0642152219432672,0.3446430158927055,7.829519375773032,0.854526590003314
genus.Holdemania.id.2157,neuro,Egger Intercept,15,21.875740220587886,0.05726186013295831,0.07109757842245018,1.0589330664463361,0.9211896065833027,1.2172730035160666,0.4350743803114986,7.829519375773032,0.854526590003314
genus.Holdemania.id.2157,neuro,Weighted mode,15,21.875740220587886,0.08358725725689631,0.534005064619386,1.0871800755053371,0.38172200557588437,3.096390827122024,0.8778509114154763,,
genus.Holdemania.id.2157,neuro,Weighted Median,15,21.875740220587886,-0.11052001940825892,0.32319763454482386,0.8953684052644163,0.47521526738417047,1.6869924772380078,0.732382493769188,,
genus.Howardella.id.2000,adeno,Inverse-Variance Weighted,10,21.691913486776002,-0.0780353437475892,0.04537004498958609,0.9249317354120354,0.8462329252408571,1.0109494557055023,0.08543698355871067,8.810501674026943,0.45494741363620983
genus.Howardella.id.2000,adeno,MR Egger,10,21.691913486776002,0.0471493764948153,0.1896317977303119,1.048278585565643,0.7228677824523969,1.5201784055549192,0.8099059164003518,8.328089394315569,0.40209511448560165
genus.Howardella.id.2000,adeno,Egger Intercept,10,21.691913486776002,-0.01952993200303137,0.028689253619915978,0.9806595416449899,0.9270378634562337,1.037382802288058,0.5152513716352867,8.328089394315569,0.40209511448560165
genus.Howardella.id.2000,adeno,Weighted mode,10,21.691913486776002,0.02071951522035509,0.09133785695990317,1.0209356545622945,0.8535913740515568,1.2210873287170605,0.825613136694848,,
genus.Howardella.id.2000,adeno,Weighted Median,10,21.691913486776002,0.004010666721350935,0.06345317642506876,1.0040187202081436,0.8866033669580212,1.1369837157139147,0.9496018991427171,,
genus.Howardella.id.2000,neuro,Inverse-Variance Weighted,10,21.691913486776002,0.019481348582573242,0.17893845763194852,1.0196723483486902,0.718034236174759,1.4480252411444587,0.9133041890237648,7.586855023259323,0.5762558733412968
genus.Howardella.id.2000,neuro,MR Egger,10,21.691913486776002,0.31903340958856724,0.7311104430510967,1.375797288959591,0.3282620492964063,5.7661803561075935,0.6741066055402575,7.408286245594124,0.49328883038171867
genus.Howardella.id.2000,neuro,Egger Intercept,10,21.691913486776002,-0.04679989516795451,0.11074958750773795,0.9542783341918538,0.7680740842012244,1.1856240925704806,0.6837349796663895,7.408286245594124,0.49328883038171867
genus.Howardella.id.2000,neuro,Weighted mode,10,21.691913486776002,-0.1555913757209788,0.32312139444453025,0.855908864066059,0.45434006983878955,1.6124045229970316,0.6416347460760461,,
genus.Howardella.id.2000,neuro,Weighted Median,10,21.691913486776002,-0.04791629743079758,0.2356136653177852,0.9532135701632548,0.6006642928536937,1.5126854070626332,0.8388473512759107,,
genus.Hungatella.id.11306,adeno,Inverse-Variance Weighted,5,20.43428735269773,-0.08814040505249707,0.07308698009780594,0.9156323082953942,0.7934292649858217,1.0566569207770946,0.22783064252676577,1.9578170265833341,0.743517425305886
genus.Hungatella.id.11306,adeno,MR Egger,5,20.43428735269773,0.3127467575933244,0.44287569447482067,1.3671752604309573,0.5739060318874141,3.2569237625666556,0.5309823974944412,1.1155062432342364,0.77333219502576
genus.Hungatella.id.11306,adeno,Egger Intercept,5,20.43428735269773,-0.052628086828575484,0.05734313100087162,0.9487327930982686,0.8478762176558756,1.0615864603308875,0.42641773451508297,1.1155062432342364,0.77333219502576
genus.Hungatella.id.11306,adeno,Weighted mode,5,20.43428735269773,-0.03943040720433266,0.11944768196586937,0.9613368537819322,0.7606759266004092,1.2149307137529795,0.757884791777146,,
genus.Hungatella.id.11306,adeno,Weighted Median,5,20.43428735269773,-0.0602848897539142,0.10589043822279395,0.9414962727322292,0.7650377127405784,1.1586556019484235,0.569143190571767,,
genus.Hungatella.id.11306,neuro,Inverse-Variance Weighted,5,20.43428735269773,0.10386391159628325,0.5095295611067899,1.1094494614353736,0.4086835952088748,3.0118118806558627,0.8384763773399655,12.434666375391409,0.014395384168954299
genus.Hungatella.id.11306,neuro,MR Egger,5,20.43428735269773,2.5452584752469725,3.26652039825592,12.746522320813025,0.021128731012979678,7689.710810136906,0.4926822615228947,10.436898081388213,0.015195120703304471
genus.Hungatella.id.11306,neuro,Egger Intercept,5,20.43428735269773,-0.32051796698671436,0.4229654711645132,0.7257730132374259,0.3167855316222315,1.6627857467047484,0.5036682956653378,10.436898081388213,0.015195120703304471
genus.Hungatella.id.11306,neuro,Weighted mode,5,20.43428735269773,0.24561375562293053,0.7062298159504278,1.278405701156477,0.320268144138534,5.102977510128037,0.7455342880496116,,
genus.Hungatella.id.11306,neuro,Weighted Median,5,20.43428735269773,0.12728431668939927,0.39437547520916694,1.1357398816846929,0.5242998032213768,2.46024330149237,0.7468852888819866,,
genus.Intestinibacter.id.11345,adeno,Inverse-Variance Weighted,14,21.424489437829607,0.12180169125175787,0.07258027366300121,1.1295300838716629,0.9797521522923487,1.3022050601124149,0.09331484851060969,5.885880300434851,0.9502077324126114
genus.Intestinibacter.id.11345,adeno,MR Egger,14,21.424489437829607,0.1717459358205893,0.22565845371452667,1.187376125148035,0.7629638455200497,1.8478753231230443,0.4612994697845868,5.831242454468278,0.9243487304795031
genus.Intestinibacter.id.11345,adeno,Egger Intercept,14,21.424489437829607,-0.004218208970959298,0.01804601467700638,0.9957906751763822,0.96118498365681,1.0316422807561092,0.819121189931705,5.831242454468278,0.9243487304795031
genus.Intestinibacter.id.11345,adeno,Weighted mode,14,21.424489437829607,0.04480063782019261,0.13146133574790753,1.0458193423003794,0.8082663931985345,1.3531901189178146,0.7387066212551254,,
genus.Intestinibacter.id.11345,adeno,Weighted Median,14,21.424489437829607,0.10716109643935544,0.0905966046802476,1.1131135586672043,0.9320132489985289,1.329403627920662,0.23687340208121777,,
genus.Intestinibacter.id.11345,neuro,Inverse-Variance Weighted,14,21.424489437829607,-0.04814987126119729,0.28716814770638627,0.9529909504185682,0.5428080933471354,1.6731359806731567,0.8668418357379584,10.017674098651993,0.6924884585082873
genus.Intestinibacter.id.11345,neuro,MR Egger,14,21.424489437829607,-0.21486827085582863,0.8937186756148222,0.8066476921890698,0.13993785118231267,4.649781984048319,0.8140625203295948,9.978868730893252,0.6178145720321828
genus.Intestinibacter.id.11345,neuro,Egger Intercept,14,21.424489437829607,0.014072934765732723,0.07143956027582295,1.0141724246693289,0.8816601599756588,1.1666010937684446,0.8471318204847972,9.978868730893252,0.6178145720321828
genus.Intestinibacter.id.11345,neuro,Weighted mode,14,21.424489437829607,0.12915186894260744,0.5360824115291308,1.1378629170825103,0.39789399330506603,3.253962210680688,0.8133766404000049,,
genus.Intestinibacter.id.11345,neuro,Weighted Median,14,21.424489437829607,0.0314416390773227,0.39038422545194956,1.0319411488006247,0.4801237274340084,2.217975229591878,0.9358075935459065,,
genus.Intestinimonas.id.2062,adeno,Inverse-Variance Weighted,15,21.50281952017001,-0.01984709022875895,0.06929327053626937,0.9803485667214532,0.8558485034282924,1.1229596224366505,0.7745552239889475,14.606839722069662,0.40554685017623254
genus.Intestinimonas.id.2062,adeno,MR Egger,15,21.50281952017001,0.319479032341014,0.18833291138906857,1.376410512157263,0.9515591073643549,1.9909492571874536,0.11361804902687002,10.876595769654747,0.6211548780274563
genus.Intestinimonas.id.2062,adeno,Egger Intercept,15,21.50281952017001,-0.03242869781870457,0.016790394194664843,0.968091474404294,0.9367509094611273,1.0004805902493457,0.0755319610319628,10.876595769654747,0.6211548780274563
genus.Intestinimonas.id.2062,adeno,Weighted mode,15,21.50281952017001,-0.17637550244903566,0.16938309206694768,0.8383031393465699,0.6014773723969113,1.168376709896532,0.3153939706593318,,
genus.Intestinimonas.id.2062,adeno,Weighted Median,15,21.50281952017001,-0.09192330653880926,0.0916244236861032,0.9121751047284972,0.7622298129528076,1.0916175247240834,0.31573444460904443,,
genus.Intestinimonas.id.2062,neuro,Inverse-Variance Weighted,15,21.50281952017001,-0.25572321834728595,0.26903660591762646,0.7743562667413082,0.45701687373044425,1.3120470212555122,0.34185084558090817,11.631140026973112,0.6358981026635389
genus.Intestinimonas.id.2062,neuro,MR Egger,15,21.50281952017001,-0.8722116162470439,0.7495147234675408,0.4180260130373108,0.09620629621388256,1.816364982884084,0.26545908326855916,10.854547365713465,0.6230012644762035
genus.Intestinimonas.id.2062,neuro,Egger Intercept,15,21.50281952017001,0.05876104479335964,0.06667958190013426,1.0605217932558129,0.930595164466705,1.2085883496021166,0.3941866905979835,10.854547365713465,0.6230012644762035
genus.Intestinimonas.id.2062,neuro,Weighted mode,15,21.50281952017001,-0.1756986616109515,0.4865327822070023,0.8388707292083042,0.32325851664853883,2.1769081527017295,0.7233980641691733,,
genus.Intestinimonas.id.2062,neuro,Weighted Median,15,21.50281952017001,-0.19870596221609144,0.38543819683604474,0.8197909073992482,0.3851336631186581,1.7449971171370307,0.6061808833619025,,
genus.Lachnoclostridium.id.11308,adeno,Inverse-Variance Weighted,13,20.778972754630914,-0.10878615891094384,0.08914433356060018,0.8969221958116139,0.7531363041999253,1.0681591377992783,0.22233702015708967,9.975331573988338,0.6181248957587215
genus.Lachnoclostridium.id.11308,adeno,MR Egger,13,20.778972754630914,-0.39674221535582416,0.30597896322439505,0.6725073653614225,0.36918367916507394,1.2250437437759514,0.2212978639118541,9.007519234122181,0.6211982381763632
genus.Lachnoclostridium.id.11308,adeno,Egger Intercept,13,20.778972754630914,0.02015227736301273,0.02048465029620678,1.0203567054255736,0.9802009893057116,1.0621574734834476,0.3463700887094119,9.007519234122181,0.6211982381763632
genus.Lachnoclostridium.id.11308,adeno,Weighted mode,13,20.778972754630914,0.06284719116256676,0.21281685262226477,1.0648641061520103,0.7016827922442408,1.6160230478848925,0.7728035031332894,,
genus.Lachnoclostridium.id.11308,adeno,Weighted Median,13,20.778972754630914,0.0178067765359737,0.12766409939821852,1.017966262418042,0.7926172312647516,1.3073842840482304,0.889069695830976,,
genus.Lachnoclostridium.id.11308,neuro,Inverse-Variance Weighted,13,20.778972754630914,0.2185245470766808,0.4232669915008005,1.244239558696162,0.5427650419595997,2.8523061725475936,0.605658426034354,17.36031137887458,0.13653886106398738
genus.Lachnoclostridium.id.11308,neuro,MR Egger,13,20.778972754630914,-1.112665299368259,1.4544864413235192,0.3286817573090446,0.018997294126309443,5.686688686792928,0.46037609461037954,16.026142352519845,0.14016312637178252
genus.Lachnoclostridium.id.11308,neuro,Egger Intercept,13,20.778972754630914,0.09323299745407282,0.09742768325400664,1.0977174708500546,0.9068980291314462,1.3286870266588588,0.3591541406115124,16.026142352519845,0.14016312637178252
genus.Lachnoclostridium.id.11308,neuro,Weighted mode,13,20.778972754630914,0.47513024078511545,0.8988641144873217,1.608223640156033,0.2761963029211705,9.364293617988448,0.6067285075070683,,
genus.Lachnoclostridium.id.11308,neuro,Weighted Median,13,20.778972754630914,0.14426253742726985,0.4853602157465898,1.1551873486317576,0.44617524173947054,2.990882697202825,0.7662926174730023,,
genus.Lachnospira.id.2004,adeno,Inverse-Variance Weighted,6,21.565281951516397,0.2503380378812513,0.15080669940642208,1.2844595392898799,0.9557651138246046,1.7261943172112233,0.09691589741760617,5.974021822588462,0.3087549222830469
genus.Lachnospira.id.2004,adeno,MR Egger,6,21.565281951516397,0.008265366704257869,0.9867258544661479,1.008299619152281,0.1457711565214393,6.9744121281846905,0.993717673065897,5.88288391280814,0.20806696140333747
genus.Lachnospira.id.2004,adeno,Egger Intercept,6,21.565281951516397,0.014637964903157464,0.05880257075474643,1.0147456245761732,0.9042810473904876,1.1387042618751666,0.8156711706948053,5.88288391280814,0.20806696140333747
genus.Lachnospira.id.2004,adeno,Weighted mode,6,21.565281951516397,0.4349385546269231,0.2691062058556667,1.5448681310362615,0.9116404511058598,2.6179373012643308,0.16696619596263473,,
genus.Lachnospira.id.2004,adeno,Weighted Median,6,21.565281951516397,0.35933606017514275,0.19676759834368537,1.432378085927304,0.9740151387669811,2.1064425996931124,0.06782085144678994,,
genus.Lachnospira.id.2004,neuro,Inverse-Variance Weighted,6,21.565281951516397,0.19752163790516322,0.5462145636937489,1.2183794278629323,0.4176719734976974,3.554101123444879,0.7176366636103593,2.0269127891459213,0.8454087484809258
genus.Lachnospira.id.2004,neuro,MR Egger,6,21.565281951516397,4.3334779755427855,3.220468195659058,76.20887879642098,0.13825718236126017,42007.17176654205,0.24964370881348855,0.3287072536399652,0.9878864464923328
genus.Lachnospira.id.2004,neuro,Egger Intercept,6,21.565281951516397,-0.25016505573153197,0.19196918413173703,0.7786722481464422,0.5344994077140903,1.134389414249393,0.26247378301532925,0.3287072536399652,0.9878864464923328
genus.Lachnospira.id.2004,neuro,Weighted mode,6,21.565281951516397,-0.3045569071555081,0.8785847954859879,0.7374500608552007,0.1317850482179807,4.126663833334158,0.7429700753461701,,
genus.Lachnospira.id.2004,neuro,Weighted Median,6,21.565281951516397,-0.0032878649011846423,0.6021161046956205,0.9967175342078184,0.30622491517684647,3.2441705222567974,0.9956431598731794,,
genus.LachnospiraceaeFCS020group.id.11314,adeno,Inverse-Variance Weighted,13,21.68296300089781,-0.1439115242058312,0.07792255398781986,0.8659643615545455,0.7433117570392461,1.008855663025626,0.06476840787742857,12.514202944096306,0.4053153098586378
genus.LachnospiraceaeFCS020group.id.11314,adeno,MR Egger,13,21.68296300089781,-0.4609324560318655,0.20809834349909,0.6306952756210106,0.4194524078175867,0.9483233932552589,0.048792397030742764,9.83289029669435,0.5454786103502622
genus.LachnospiraceaeFCS020group.id.11314,adeno,Egger Intercept,13,21.68296300089781,0.024864651683568197,0.015184785149850163,1.0251763552400894,0.9951144461217012,1.0561464195795824,0.12979293726295574,9.83289029669435,0.5454786103502622
genus.LachnospiraceaeFCS020group.id.11314,adeno,Weighted mode,13,21.68296300089781,0.022619462546002334,0.16798116660028944,1.0228772223830764,0.7359275342570266,1.4217130945187593,0.8951170154701906,,
genus.LachnospiraceaeFCS020group.id.11314,adeno,Weighted Median,13,21.68296300089781,-0.07964741269544359,0.10465937685939616,0.9234418828776446,0.7521798726053536,1.1336981247569482,0.4466477825645907,,
genus.LachnospiraceaeFCS020group.id.11314,neuro,Inverse-Variance Weighted,13,21.68296300089781,0.4489183910282212,0.3257855315774203,1.5666168019960742,0.8272724033227541,2.966723166926293,0.16821662408519977,13.998318922198361,0.30081563989244914
genus.LachnospiraceaeFCS020group.id.11314,neuro,MR Egger,13,21.68296300089781,0.0012383731447152464,0.9244301042320258,1.0012391402453575,0.16354867424416292,6.129550243022172,0.9989551342344571,13.662635877802442,0.2522263886083025
genus.LachnospiraceaeFCS020group.id.11314,neuro,Egger Intercept,13,21.68296300089781,0.03492069304960158,0.06717212015357937,1.0355375802154727,0.9077950311778856,1.1812557275700577,0.6134561774278753,13.662635877802442,0.2522263886083025
genus.LachnospiraceaeFCS020group.id.11314,neuro,Weighted mode,13,21.68296300089781,0.5184637451677028,0.516224689565086,1.6794456104369435,0.6105856830031431,4.619396813471303,0.3350388897213321,,
genus.LachnospiraceaeFCS020group.id.11314,neuro,Weighted Median,13,21.68296300089781,0.35405766047233056,0.3942944264930522,1.424837340905405,0.6578624477687934,3.085996859866195,0.36921088107598954,,
genus.LachnospiraceaeNC2004group.id.11316,adeno,Inverse-Variance Weighted,9,20.71725458424993,-0.02870716686530573,0.11781771477659185,0.9717009690491395,0.7713370141981583,1.2241118419976005,0.8074961110261462,25.801957174318805,0.0011354550795668829
genus.LachnospiraceaeNC2004group.id.11316,adeno,MR Egger,9,20.71725458424993,0.4654420931898359,0.47424048982592193,1.5927181631177711,0.6287200034926946,4.034786762045059,0.3590681712740129,22.145728358503476,0.0023975234047485493
genus.LachnospiraceaeNC2004group.id.11316,adeno,Egger Intercept,9,20.71725458424993,-0.05864616452107046,0.05455303223056462,0.9430403912784453,0.8474104511305918,1.049462133014869,0.3180131584148737,22.145728358503476,0.0023975234047485493
genus.LachnospiraceaeNC2004group.id.11316,adeno,Weighted mode,9,20.71725458424993,0.03419540100419116,0.11379458989822873,1.034786785351503,0.8279173112728024,1.2933461790911505,0.7714559798482535,,
genus.LachnospiraceaeNC2004group.id.11316,adeno,Weighted Median,9,20.71725458424993,0.07087137946464495,0.09188944833892472,1.0734431501562154,0.8965224546094765,1.2852775640954026,0.4405481703209614,,
genus.LachnospiraceaeNC2004group.id.11316,neuro,Inverse-Variance Weighted,9,20.71725458424993,0.054828015887184285,0.25938180073686373,1.0563589220997915,0.6353620319112949,1.7563123325814778,0.8325910901931031,1.8546891671187973,0.985147126103091
genus.LachnospiraceaeNC2004group.id.11316,neuro,MR Egger,9,20.71725458424993,0.008270517236905377,1.0546437830957192,1.008304812445762,0.12760301272780464,7.967512467515195,0.9939618643103448,1.8526148973570913,0.9675454897314384
genus.LachnospiraceaeNC2004group.id.11316,neuro,Egger Intercept,9,20.71725458424993,0.005530872258001265,0.12143979065098338,1.005546195769738,0.7925567892662406,1.2757737559261884,0.96494563111772,1.8526148973570913,0.9675454897314384
genus.LachnospiraceaeNC2004group.id.11316,neuro,Weighted mode,9,20.71725458424993,-0.13110974437761702,0.4810534526714944,0.8771215099546954,0.34164793170553953,2.2518565804996227,0.7921040507421498,,
genus.LachnospiraceaeNC2004group.id.11316,neuro,Weighted Median,9,20.71725458424993,-0.042915029260778004,0.32490999354554523,0.9579927879641246,0.50674943094033,1.811053206489623,0.8949187819053565,,
genus.LachnospiraceaeND3007group.id.11317,adeno,Inverse-Variance Weighted,3,20.72965953648952,-0.0493931016290839,0.18571950257318293,0.9518068993053451,0.6613954705908446,1.3697347711739771,0.7902735702357505,1.6833811429434073,0.4309813025078574
genus.LachnospiraceaeND3007group.id.11317,adeno,MR Egger,3,20.72965953648952,3.032091599746119,3.1357027369663544,20.740568220417575,0.044427982805004616,9682.437575296319,0.5106934004889672,0.7142637348040167,0.3980319787624991
genus.LachnospiraceaeND3007group.id.11317,adeno,Egger Intercept,3,20.72965953648952,-0.1813850416338823,0.18425245010620955,0.8341141281894364,0.5812816663386938,1.1969178096180222,0.504992407916669,0.7142637348040167,0.3980319787624991
genus.LachnospiraceaeND3007group.id.11317,adeno,Weighted mode,3,20.72965953648952,0.12287714659561255,0.34164539492683116,1.130745496480254,0.5788292051116973,2.208916493015665,0.7535259101659151,,
genus.LachnospiraceaeND3007group.id.11317,adeno,Weighted Median,3,20.72965953648952,0.03692194643655211,0.21711943908926712,1.0376120283610324,0.6779836175912638,1.5880010865521677,0.8649679685889987,,
genus.LachnospiraceaeND3007group.id.11317,neuro,Inverse-Variance Weighted,3,20.72965953648952,0.10444274345602893,0.7356922404696691,1.1100918320247761,0.26249741414779476,4.694537199647597,0.8871074427120147,1.2555131903102354,0.5337879612678068
genus.LachnospiraceaeND3007group.id.11317,neuro,MR Egger,3,20.72965953648952,-7.068900074182676,12.425234675551788,0.000851168817024513,2.256536833979481e-14,32106205.58749089,0.6707090110217184,0.9210416396398596,0.3372016202803253
genus.LachnospiraceaeND3007group.id.11317,neuro,Egger Intercept,3,20.72965953648952,0.42227131915699934,0.7301498379193356,1.5254223448467437,0.36464814991171157,6.38125637198798,0.6661966192230169,0.9210416396398596,0.3372016202803253
genus.LachnospiraceaeND3007group.id.11317,neuro,Weighted mode,3,20.72965953648952,-0.5047768525555485,1.034489231740723,0.6036402611807413,0.07946999525267558,4.585146428659006,0.673837237133286,,
genus.LachnospiraceaeND3007group.id.11317,neuro,Weighted Median,3,20.72965953648952,-0.3969695325470105,1.0098683280730298,0.6723545102500319,0.09289258479426866,4.866487335396568,0.6942527234015012,,
genus.LachnospiraceaeNK4A136group.id.11319,adeno,Inverse-Variance Weighted,15,21.453231691131887,-0.008916776592353536,0.08197965468709237,0.9911228599624556,0.844004966623027,1.1638847665441647,0.9133863747708809,18.935186324766626,0.16744061476572517
genus.LachnospiraceaeNK4A136group.id.11319,adeno,MR Egger,15,21.453231691131887,-0.17881923981371886,0.1608353242992734,0.8362570477155489,0.6101463238353554,1.1461608839302537,0.28635639282431574,16.988166898766416,0.19984558079244064
genus.LachnospiraceaeNK4A136group.id.11319,adeno,Egger Intercept,15,21.453231691131887,0.014599339808654238,0.011960508890152542,1.014706430687466,0.9911957289791112,1.0387747953060398,0.24390507585731025,16.988166898766416,0.19984558079244064
genus.LachnospiraceaeNK4A136group.id.11319,adeno,Weighted mode,15,21.453231691131887,0.003993330462885636,0.15580339199822327,1.004001314430982,0.7397956216769221,1.3625636727806343,0.9799137549295427,,
genus.LachnospiraceaeNK4A136group.id.11319,adeno,Weighted Median,15,21.453231691131887,0.009610079992947815,0.09727137336127645,1.0096564050887245,0.8344004701848833,1.22172277313172,0.9212997760325075,,
genus.LachnospiraceaeNK4A136group.id.11319,neuro,Inverse-Variance Weighted,15,21.453231691131887,0.08029147289875407,0.29669081604780406,1.08360286251734,0.6057896129417218,1.9382887038189163,0.7866807082268362,15.76463205575088,0.3279583183702524
genus.LachnospiraceaeNK4A136group.id.11319,neuro,MR Egger,15,21.453231691131887,-0.8903097239754992,0.5595180077317721,0.41052858251489377,0.13711092364240499,1.2291778990654005,0.1355769463646934,11.753929393952905,0.5479176028093476
genus.LachnospiraceaeNK4A136group.id.11319,neuro,Egger Intercept,15,21.453231691131887,0.08312702683087847,0.04150801972415349,1.0866798372772852,1.0017728778645234,1.1787832300493613,0.06652102535713801,11.753929393952905,0.5479176028093476
genus.LachnospiraceaeNK4A136group.id.11319,neuro,Weighted mode,15,21.453231691131887,0.13373268703214114,0.5751911682238788,1.1430872167642254,0.3702258690567849,3.529327619538576,0.8195132094288408,,
genus.LachnospiraceaeNK4A136group.id.11319,neuro,Weighted Median,15,21.453231691131887,0.07098430382649408,0.42062410235483105,1.0735643748834118,0.4707449039968482,2.4483333908305625,0.8659858331812039,,
genus.LachnospiraceaeUCG001.id.11321,adeno,Inverse-Variance Weighted,12,21.821521229927907,-0.01123244945036817,0.07500764418038532,0.9888303989759379,0.853638538307029,1.1454327728432894,0.8809612828830911,13.317757537409555,0.27306524250579345
genus.LachnospiraceaeUCG001.id.11321,adeno,MR Egger,12,21.821521229927907,0.25703463393736237,0.32435209823168304,1.2930899107787994,0.6847541032001492,2.441871482833868,0.4464873780826135,12.418908590997095,0.257998053536213
genus.LachnospiraceaeUCG001.id.11321,adeno,Egger Intercept,12,21.821521229927907,-0.02486200829208375,0.029223657233301868,0.9754445059950532,0.9211426428681327,1.032947493683826,0.41481494921139805,12.418908590997095,0.257998053536213
genus.LachnospiraceaeUCG001.id.11321,adeno,Weighted mode,12,21.821521229927907,-0.1606020452121909,0.18267087031200233,0.8516309142803319,0.595331461126109,1.2182712682209802,0.39809854759041974,,
genus.LachnospiraceaeUCG001.id.11321,adeno,Weighted Median,12,21.821521229927907,-0.09821211279305868,0.09788530698433255,0.90645661231708,0.7482132002990947,1.098167727707692,0.3156974888178382,,
genus.LachnospiraceaeUCG001.id.11321,neuro,Inverse-Variance Weighted,12,21.821521229927907,0.6272048017712253,0.2690702137968135,1.872369613680077,1.1049799419565787,3.1726982881018153,0.019752941599394627,8.34377866446654,0.6822177118509096
genus.LachnospiraceaeUCG001.id.11321,neuro,MR Egger,12,21.821521229927907,-0.25698684606521427,1.1450021782131572,0.773378386667405,0.08198728412713774,7.29520602288499,0.8269326661374662,7.712602197287946,0.6568863532358432
genus.LachnospiraceaeUCG001.id.11321,neuro,Egger Intercept,12,21.821521229927907,0.0820372711279378,0.10326087636157084,1.0854962667458408,0.8866064811853398,1.3290024042502353,0.4453690245414701,7.712602197287946,0.6568863532358432
genus.LachnospiraceaeUCG001.id.11321,neuro,Weighted mode,12,21.821521229927907,1.091904440040755,0.5493769851730269,2.9799437963098727,1.0152405191497602,8.746759867900602,0.07233158025385399,,
genus.LachnospiraceaeUCG001.id.11321,neuro,Weighted Median,12,21.821521229927907,0.8114248407587842,0.33764419158463305,2.2511131805010276,1.1614186421260562,4.363207518478459,0.0162525172704556,,
genus.LachnospiraceaeUCG004.id.11324,adeno,Inverse-Variance Weighted,13,21.181423939368837,-0.118328298919658,0.0856674705573649,0.8884043425473097,0.7510849323926798,1.0508295957191138,0.16720172848333592,6.541736189653034,0.8863545972462704
genus.LachnospiraceaeUCG004.id.11324,adeno,MR Egger,13,21.181423939368837,-0.2851842020170966,0.366862422458367,0.7518757445341342,0.366324930919373,1.5432122891553433,0.45334040242534723,6.3229457408844665,0.8509709640026487
genus.LachnospiraceaeUCG004.id.11324,adeno,Egger Intercept,13,21.181423939368837,0.01096297875889294,0.023437667731627494,1.0110232924147975,0.965629701543906,1.05855080490063,0.6490934451191681,6.3229457408844665,0.8509709640026487
genus.LachnospiraceaeUCG004.id.11324,adeno,Weighted mode,13,21.181423939368837,0.04311832242063396,0.2156722928447135,1.0440614234172783,0.6841354384336062,1.593345695355177,0.8448870498318434,,
genus.LachnospiraceaeUCG004.id.11324,adeno,Weighted Median,13,21.181423939368837,-0.09427308811623422,0.10801288641515805,0.9100342087760296,0.7364025657202099,1.1246053445409472,0.38277492172744854,,
genus.LachnospiraceaeUCG004.id.11324,neuro,Inverse-Variance Weighted,13,21.181423939368837,0.486362822264555,0.43308560054437967,1.6263899796707757,0.6959447842266532,3.800796307300212,0.2614299505020683,19.586494673097953,0.07532366215962931
genus.LachnospiraceaeUCG004.id.11324,neuro,MR Egger,13,21.181423939368837,2.9237229031144807,1.7989790292280148,18.610443527371732,0.5475639643938688,632.5262997700853,0.13239881421232383,16.650162301583016,0.1186580175966197
genus.LachnospiraceaeUCG004.id.11324,neuro,Egger Intercept,13,21.181423939368837,-0.15976207075283408,0.1147054274223343,0.8523465630183794,0.680733280255332,1.0672236609568255,0.19118907561595594,16.650162301583016,0.1186580175966197
genus.LachnospiraceaeUCG004.id.11324,neuro,Weighted mode,13,21.181423939368837,-0.28003602764754065,0.6120476968701464,0.7557565128359659,0.22771748630074587,2.508230333878003,0.6554566831463343,,
genus.LachnospiraceaeUCG004.id.11324,neuro,Weighted Median,13,21.181423939368837,-0.13525708460847646,0.5559729806409538,0.873491321645517,0.29376823858102014,2.597241596557428,0.8077885275572321,,
genus.LachnospiraceaeUCG008.id.11328,adeno,Inverse-Variance Weighted,11,23.406650097468262,-0.116994205774294,0.08493138638708703,0.8895903476357383,0.7531734570264579,1.0507154483789438,0.1683532730408811,19.81863416907258,0.03101553120245352
genus.LachnospiraceaeUCG008.id.11328,adeno,MR Egger,11,23.406650097468262,-0.4198635495090539,0.45067974000561306,0.6571364802931641,0.27166221530606993,1.589578268164993,0.37584634938808725,18.836579859439077,0.026618836474894568
genus.LachnospiraceaeUCG008.id.11328,adeno,Egger Intercept,11,23.406650097468262,0.03160747038272312,0.046142567649159125,1.032112291138413,0.9428651928297661,1.1298070918514818,0.5106012192148919,18.836579859439077,0.026618836474894568
genus.LachnospiraceaeUCG008.id.11328,adeno,Weighted mode,11,23.406650097468262,0.0024171197382266696,0.18819848670401582,1.0024200433272215,0.6931894682501487,1.4495978217913916,0.9900053063161738,,
genus.LachnospiraceaeUCG008.id.11328,adeno,Weighted Median,11,23.406650097468262,-0.05200912115092885,0.09373024358655575,0.9493202079105038,0.7900015286044674,1.1407684979283796,0.5789761326101621,,
genus.LachnospiraceaeUCG008.id.11328,neuro,Inverse-Variance Weighted,11,23.406650097468262,0.35796178874099815,0.23777903808547932,1.430410961631879,0.8975511883197532,2.2796198654552065,0.13221130114974008,9.591858628806284,0.4769999868511523
genus.LachnospiraceaeUCG008.id.11328,neuro,MR Egger,11,23.406650097468262,-0.6535263202829197,1.2192666643407608,0.5202081181405077,0.04767781982626205,5.675940870732238,0.6049507446246012,8.876434538154482,0.4487577864461094
genus.LachnospiraceaeUCG008.id.11328,neuro,Egger Intercept,11,23.406650097468262,0.10579590243456935,0.12507976808995108,1.111594979523692,0.869914417360937,1.4204194962659125,0.4195680157042807,8.876434538154482,0.4487577864461094
genus.LachnospiraceaeUCG008.id.11328,neuro,Weighted mode,11,23.406650097468262,-0.2766128318266705,0.46052834117405356,0.7583480485086512,0.3075097821019723,1.8701576214774702,0.5614437343027558,,
genus.LachnospiraceaeUCG008.id.11328,neuro,Weighted Median,11,23.406650097468262,0.3591649656055328,0.30568572708252933,1.4321330347792318,0.786644333638452,2.6072838023500347,0.24001534762856847,,
genus.LachnospiraceaeUCG010.id.11330,adeno,Inverse-Variance Weighted,10,21.577587098452828,-0.013570837929575162,0.10090157862277678,0.9865208307493544,0.8095004645189421,1.202251749269531,0.893010536799907,10.700797671128942,0.296776502134013
genus.LachnospiraceaeUCG010.id.11330,adeno,MR Egger,10,21.577587098452828,-0.04441740565183024,0.3250451292750137,0.9565546028348958,0.5058546727094733,1.8088133955621954,0.8946837909767691,10.687305810177318,0.22005397878263278
genus.LachnospiraceaeUCG010.id.11330,adeno,Egger Intercept,10,21.577587098452828,0.0025043490624346403,0.0249200011650147,1.0025074875639688,0.954718397969127,1.0526886930844719,0.9224238160478969,10.687305810177318,0.22005397878263278
genus.LachnospiraceaeUCG010.id.11330,adeno,Weighted mode,10,21.577587098452828,0.17953244228029508,0.24083239582944155,1.1966577257431013,0.7463959514654214,1.9185389601446572,0.47500745936351796,,
genus.LachnospiraceaeUCG010.id.11330,adeno,Weighted Median,10,21.577587098452828,0.10927515181611647,0.12377653251787815,1.1154692315049275,0.87517899142229,1.4217338608780767,0.37732151217085563,,
genus.LachnospiraceaeUCG010.id.11330,neuro,Inverse-Variance Weighted,10,21.577587098452828,-0.32886316691693523,0.3668941235538307,0.7197414944571137,0.35064686342059537,1.4773490736233768,0.3700693271570761,7.153365388354143,0.6211554593463038
genus.LachnospiraceaeUCG010.id.11330,neuro,MR Egger,10,21.577587098452828,-0.657061542773123,1.1208397360498126,0.5183723136023757,0.05761873951261718,4.663584413377151,0.5738895323196183,7.057335242263803,0.5304594676829057
genus.LachnospiraceaeUCG010.id.11330,neuro,Egger Intercept,10,21.577587098452828,0.026589261266087072,0.08580300077844578,1.0269459096627698,0.867981723638334,1.2150231654100199,0.7645651965255603,7.057335242263803,0.5304594676829057
genus.LachnospiraceaeUCG010.id.11330,neuro,Weighted mode,10,21.577587098452828,-0.34451633881270416,0.6216408340318882,0.7085629750145183,0.20952077632907976,2.3962372532109737,0.5929402353145479,,
genus.LachnospiraceaeUCG010.id.11330,neuro,Weighted Median,10,21.577587098452828,-0.2786972728535639,0.4660034675677479,0.7567689630506786,0.3035939779030481,1.8863986281693943,0.5498009884578654,,
genus.Lactobacillus.id.1837,adeno,Inverse-Variance Weighted,9,21.980897932221623,0.029875868114876875,0.1254727317016648,1.0303266296283502,0.8056944633925218,1.3175875123323688,0.8117985235764221,32.95372706053457,6.278186293138604e-05
genus.Lactobacillus.id.1837,adeno,MR Egger,9,21.980897932221623,-0.2685880411350236,0.3313042974927507,0.7644581160867967,0.39933905372608364,1.46340861430454,0.4442232237585756,29.021324183245675,0.0001433971573325653
genus.Lactobacillus.id.1837,adeno,Egger Intercept,9,21.980897932221623,0.03752420595415343,0.038529387100480234,1.0382371282979892,0.9627193017849812,1.1196787397716552,0.36254570402789565,29.021324183245675,0.0001433971573325653
genus.Lactobacillus.id.1837,adeno,Weighted mode,9,21.980897932221623,-0.05343606171714754,0.09654167003855584,0.9479665504195869,0.7845399884090454,1.1454362989664153,0.5950458715498647,,
genus.Lactobacillus.id.1837,adeno,Weighted Median,9,21.980897932221623,-0.030991809764161264,0.08425264604977352,0.9694835133421256,0.8219078490230012,1.1435567670505216,0.7129897404691121,,
genus.Lactobacillus.id.1837,neuro,Inverse-Variance Weighted,9,21.980897932221623,0.28532982266086543,0.2431228340215342,1.3302006861076021,0.8259748680436306,2.1422369296927184,0.24055385603343038,4.513062516787678,0.8081248246985178
genus.Lactobacillus.id.1837,neuro,MR Egger,9,21.980897932221623,0.02276610364218538,0.6380528601447127,1.023027229218542,0.29293120222130575,3.572800383797578,0.9725332147886626,4.314961471486932,0.7428690120145252
genus.Lactobacillus.id.1837,neuro,Egger Intercept,9,21.980897932221623,0.03316552239020641,0.07451495760340827,1.033721629156175,0.8932544551545684,1.196277724022535,0.669695834724047,4.314961471486932,0.7428690120145252
genus.Lactobacillus.id.1837,neuro,Weighted mode,9,21.980897932221623,0.6465671841837541,0.386913061799583,1.9089764038370653,0.8942388075472438,4.0751876116874595,0.1332483628786338,,
genus.Lactobacillus.id.1837,neuro,Weighted Median,9,21.980897932221623,0.4755244950507091,0.3284079363509506,1.6088578141908878,0.8452227641145643,3.0624157040950655,0.14762573431529402,,
genus.Lactococcus.id.1851,adeno,Inverse-Variance Weighted,9,22.875556386773326,-0.026498688671979336,0.05432628585066863,0.9738493208706,0.8754841696296018,1.0832663029890865,0.625713333997199,5.1469640622532795,0.7417591600015034
genus.Lactococcus.id.1851,adeno,MR Egger,9,22.875556386773326,0.18639796208659026,0.24425286445567526,1.204901670160637,0.7465164304639363,1.9447502767670524,0.4703144649317268,4.347696043259766,0.7389710304105581
genus.Lactococcus.id.1851,adeno,Egger Intercept,9,22.875556386773326,-0.028790379430198104,0.032203358777873746,0.9716201146832928,0.9121881889744504,1.0349242170286606,0.401004218558257,4.347696043259766,0.7389710304105581
genus.Lactococcus.id.1851,adeno,Weighted mode,9,22.875556386773326,0.025195257933168846,0.09221367542764082,1.0255153409823894,0.855949803008559,1.2286721848567448,0.7915997871109243,,
genus.Lactococcus.id.1851,adeno,Weighted Median,9,22.875556386773326,0.01804956735986379,0.06435972099192484,1.0182134452912392,0.8975418898473176,1.1551088945254913,0.7791336682894111,,
genus.Lactococcus.id.1851,neuro,Inverse-Variance Weighted,9,22.875556386773326,-0.19503658300689916,0.21463466353520325,0.8228045568406457,0.5402514911240645,1.253133679185463,0.36351326613163426,3.8121602001714576,0.8736607999729735
genus.Lactococcus.id.1851,neuro,MR Egger,9,22.875556386773326,0.2589374057278925,0.9630275405685098,1.2955527081112388,0.19620473986950526,8.554619121896327,0.7957755769507708,3.5783241011072766,0.8268612010296559
genus.Lactococcus.id.1851,neuro,Egger Intercept,9,22.875556386773326,-0.06145729285130429,0.12709183413887296,0.9403931063900761,0.7330383290824412,1.206402393245824,0.6434533656502412,3.5783241011072766,0.8268612010296559
genus.Lactococcus.id.1851,neuro,Weighted mode,9,22.875556386773326,0.019809720435459477,0.38554919841970225,1.020007235027725,0.47909004757984347,2.1716476156510276,0.960282061252589,,
genus.Lactococcus.id.1851,neuro,Weighted Median,9,22.875556386773326,-0.07407477408081001,0.27292327700303914,0.9286022558651187,0.5438921002070872,1.5854287077702827,0.7860738309474807,,
genus.Marvinbryantia.id.2005,adeno,Inverse-Variance Weighted,10,21.815974484175104,-0.049378355065289585,0.08837706481277664,0.9518209352899967,0.8004370387060123,1.131835546142274,0.5763503452330694,8.05000475039319,0.5291149109832209
genus.Marvinbryantia.id.2005,adeno,MR Egger,10,21.815974484175104,0.37173213473278965,0.34671540272837953,1.450244459140119,0.7350402240891573,2.861352239427247,0.31492581057090263,6.472314674510449,0.5944801213466413
genus.Marvinbryantia.id.2005,adeno,Egger Intercept,10,21.815974484175104,-0.03750692250829875,0.029860741255068567,0.9631877500225504,0.9084331511935594,1.021242609403443,0.244532940336943,6.472314674510449,0.5944801213466413
genus.Marvinbryantia.id.2005,adeno,Weighted mode,10,21.815974484175104,-0.15799388990094032,0.15749807857060544,0.8538549990911702,0.6270743756710081,1.1626505367769722,0.34199603782165283,,
genus.Marvinbryantia.id.2005,adeno,Weighted Median,10,21.815974484175104,-0.11550306729908996,0.1271450998661465,0.8909178395214087,0.6943997587649677,1.143051371718792,0.3636484056879292,,
genus.Marvinbryantia.id.2005,neuro,Inverse-Variance Weighted,10,21.815974484175104,0.4165194147773454,0.41439339480537474,1.5166734469137595,0.6732142569276401,3.4168889338012187,0.3148340448325453,12.558989090871377,0.18359761608906744
genus.Marvinbryantia.id.2005,neuro,MR Egger,10,21.815974484175104,-0.24034286277790828,1.7065277012051778,0.786358201883618,0.02773286360905389,22.296984198478604,0.8914801036993625,12.315051447517419,0.13769089519002212
genus.Marvinbryantia.id.2005,neuro,Egger Intercept,10,21.815974484175104,0.05849558890377642,0.14694568151451248,1.0602403088622598,0.7949167022473451,1.4141223971748473,0.7009860443092882,12.315051447517419,0.13769089519002212
genus.Marvinbryantia.id.2005,neuro,Weighted mode,10,21.815974484175104,-0.23644530541005526,0.53906451479067,0.7894290586198542,0.2744429822897301,2.270774910671673,0.6712761654067241,,
genus.Marvinbryantia.id.2005,neuro,Weighted Median,10,21.815974484175104,-0.009667051720161982,0.5521563013958043,0.9903795240201274,0.335580502855143,2.9228503838964963,0.986031496392115,,
genus.Methanobrevibacter.id.123,adeno,Inverse-Variance Weighted,6,20.953403968466606,0.08974936502501181,0.07296772358582415,1.0939000797249705,0.9481264749765845,1.2620862469343546,0.21870190324118588,6.139578388823244,0.29287333343024047
genus.Methanobrevibacter.id.123,adeno,MR Egger,6,20.953403968466606,-0.1862184037110149,0.268621706496964,0.8300922799482898,0.4903102384926068,1.4053412291535086,0.5263099610107738,4.780573082389371,0.31056188250030037
genus.Methanobrevibacter.id.123,adeno,Egger Intercept,6,20.953403968466606,0.041088329536017335,0.03853167550157418,1.0419441359230015,0.9661523408626085,1.1236815732548275,0.3463505390416636,4.780573082389371,0.31056188250030037
genus.Methanobrevibacter.id.123,adeno,Weighted mode,6,20.953403968466606,-0.03174676806652371,0.11597464295914944,0.9687518699296095,0.7717789776985748,1.2159960462911792,0.7952333615137711,,
genus.Methanobrevibacter.id.123,adeno,Weighted Median,6,20.953403968466606,0.009338395632447195,0.100536651016397,1.0093821344931853,0.8288521887898298,1.2292327959242042,0.9259945368470517,,
genus.Methanobrevibacter.id.123,neuro,Inverse-Variance Weighted,6,20.953403968466606,-0.10217526731349084,0.2616168423654559,0.9028712939744585,0.5406710215515115,1.5077127143671945,0.696127602488406,3.279570149453586,0.6569709053330249
genus.Methanobrevibacter.id.123,neuro,MR Egger,6,20.953403968466606,-0.911976693851974,0.9797893346665283,0.4017293427520105,0.058873524425369424,2.74124008037845,0.40465222638438963,2.544016412356859,0.6367716955060013
genus.Methanobrevibacter.id.123,neuro,Egger Intercept,6,20.953403968466606,0.12022180237448689,0.14017676447766564,1.127746960794666,0.8568223660679088,1.4843370784287,0.4394370954917467,2.544016412356859,0.6367716955060013
genus.Methanobrevibacter.id.123,neuro,Weighted mode,6,20.953403968466606,-0.15053522559156374,0.47754537718361706,0.8602474267491927,0.33738716014951875,2.193401891466922,0.7653208382765753,,
genus.Methanobrevibacter.id.123,neuro,Weighted Median,6,20.953403968466606,-0.17128638407644026,0.3589460341499414,0.8425802373527576,0.4169368068428486,1.7027555368720892,0.6332249943947506,,
genus.Odoribacter.id.952,adeno,Inverse-Variance Weighted,7,21.99957358525955,-0.022472997468905524,0.18030561314736035,0.9777776393079817,0.6866902242892589,1.3922567674823443,0.9008098514923274,16.042434279703407,0.013528009027668167
genus.Odoribacter.id.952,adeno,MR Egger,7,21.99957358525955,0.04331593368251373,0.6196271117048926,1.0442677620993919,0.3100092307730277,3.517621576108728,0.9469778981536416,16.002285780811455,0.006837550944878895
genus.Odoribacter.id.952,adeno,Egger Intercept,7,21.99957358525955,-0.005124439025885638,0.04575280057098039,0.9948886685126275,0.9095548925998542,1.0882283969751332,0.9151787245288834,16.002285780811455,0.006837550944878895
genus.Odoribacter.id.952,adeno,Weighted mode,7,21.99957358525955,-0.32402741550564773,0.24805630276633375,0.7232304143805363,0.4447612005064524,1.1760518491483247,0.2393004020051225,,
genus.Odoribacter.id.952,adeno,Weighted Median,7,21.99957358525955,-0.21529575843421156,0.16595495392318085,0.8063029340156963,0.5824176551272282,1.1162512256952473,0.19452301727719978,,
genus.Odoribacter.id.952,neuro,Inverse-Variance Weighted,7,21.99957358525955,-0.00987716247348547,0.4351637142201512,0.9901714564916374,0.4219797118253878,2.3234280838043455,0.9818915075820009,1.5511127360544452,0.9560273053040323
genus.Odoribacter.id.952,neuro,MR Egger,7,21.99957358525955,-0.14564989773808257,1.3632977269003146,0.8644602997179557,0.05974239106556762,12.50856546682741,0.9190729894231169,1.5400690687351528,0.908400050239535
genus.Odoribacter.id.952,neuro,Egger Intercept,7,21.99957358525955,0.010587566824207159,0.10074871293027549,1.0106438134395046,0.8295433498342589,1.2312809425180948,0.9203908933351012,1.5400690687351528,0.908400050239535
genus.Odoribacter.id.952,neuro,Weighted mode,7,21.99957358525955,0.14070526049318466,0.8373670596364574,1.1510853276598711,0.22301100111283387,5.941399415015593,0.8720782671423316,,
genus.Odoribacter.id.952,neuro,Weighted Median,7,21.99957358525955,-0.004233242200138314,0.5007103152145135,0.9957757053394707,0.3732057286596246,2.6568971995836184,0.993254386311705,,
genus.Olsenella.id.822,adeno,Inverse-Variance Weighted,11,21.41721804086718,0.07863895663024036,0.05294866154872207,1.0818136699005374,0.9751729686203826,1.2001161373857296,0.13749283012666252,13.866246317384451,0.17918041838466287
genus.Olsenella.id.822,adeno,MR Egger,11,21.41721804086718,-0.16950993878513038,0.16381009667496424,0.8440783653251674,0.6122725648171912,1.1636456175734928,0.3277677101817153,10.829625953067756,0.28756829499870773
genus.Olsenella.id.822,adeno,Egger Intercept,11,21.41721804086718,0.03504808716632542,0.022062490910835723,1.0356695100142002,0.9918390875171564,1.0814368454242835,0.14661741886821322,10.829625953067756,0.28756829499870773
genus.Olsenella.id.822,adeno,Weighted mode,11,21.41721804086718,0.051203844407123444,0.08020248608682042,1.0525374252843192,0.8994309185958742,1.2317066366293197,0.537538400678991,,
genus.Olsenella.id.822,adeno,Weighted Median,11,21.41721804086718,0.06566389350083991,0.0717696128863208,1.0678677395545109,0.9277392671868167,1.229161629257235,0.3602304162639002,,
genus.Olsenella.id.822,neuro,Inverse-Variance Weighted,11,21.41721804086718,0.36020348228405896,0.17795782463250776,1.4336211013789675,1.0114714441181267,2.031959947332942,0.0429604131119232,6.801167892661603,0.7440731301288876
genus.Olsenella.id.822,neuro,MR Egger,11,21.41721804086718,-0.41661949827549294,0.591270862903388,0.6592717262537363,0.2069019251440427,2.1007016185808354,0.49887493333411215,4.903109577490696,0.8426712917424819
genus.Olsenella.id.822,neuro,Egger Intercept,11,21.41721804086718,0.10970881810115984,0.07963184181856267,1.1159530778089661,0.9546890516728976,1.3044574772163573,0.20158306475221194,4.903109577490696,0.8426712917424819
genus.Olsenella.id.822,neuro,Weighted mode,11,21.41721804086718,0.130797112497689,0.3044236650913322,1.1397365195569782,0.6275868124060756,2.0698321066239127,0.6765572597948044,,
genus.Olsenella.id.822,neuro,Weighted Median,11,21.41721804086718,0.24510440359943522,0.2548651436311059,1.2777547084320502,0.7753573354306595,2.105683431773352,0.3361991493856388,,
genus.Oscillibacter.id.2063,adeno,Inverse-Variance Weighted,13,21.909262673205234,-0.06434850039948017,0.07284728022464824,0.9376781613686016,0.8129146393144807,1.0815899871714107,0.37705568336421413,16.027126062236768,0.18999679594649163
genus.Oscillibacter.id.2063,adeno,MR Egger,13,21.909262673205234,-0.09526304996895611,0.291057378295613,0.9091337554054517,0.5138954127206946,1.6083509693962588,0.7495852594216151,16.009503863684568,0.14077841928796345
genus.Oscillibacter.id.2063,adeno,Egger Intercept,13,21.909262673205234,0.002994912721391939,0.02721740523905306,1.0029994019529966,0.9508954099117862,1.057958414597243,0.9143621572803127,16.009503863684568,0.14077841928796345
genus.Oscillibacter.id.2063,adeno,Weighted mode,13,21.909262673205234,-0.05228232711676006,0.13061506688387906,0.9490608833923343,0.7347037970472234,1.225958765975377,0.695986052612876,,
genus.Oscillibacter.id.2063,adeno,Weighted Median,13,21.909262673205234,-0.06608612179790234,0.08473248239018893,0.936050246490039,0.7928178450852603,1.1051593621228804,0.43542709930868817,,
genus.Oscillibacter.id.2063,neuro,Inverse-Variance Weighted,13,21.909262673205234,0.32093058671229063,0.32047885293868666,1.3784098976101424,0.7354976272022096,2.583303841587016,0.31662884471633035,19.840835215887505,0.07015736642666519
genus.Oscillibacter.id.2063,neuro,MR Egger,13,21.909262673205234,-0.32011952936489063,1.2641348873587246,0.7260622461276103,0.06094253496394426,8.650220827928484,0.8047591772958913,19.355133416909904,0.05500911150881252
genus.Oscillibacter.id.2063,neuro,Egger Intercept,13,21.909262673205234,0.062167224380309236,0.11832550417233126,1.0641402800489503,0.8438751146173402,1.341898245377397,0.6097380601594966,19.355133416909904,0.05500911150881252
genus.Oscillibacter.id.2063,neuro,Weighted mode,13,21.909262673205234,-0.16877449114835708,0.6531717978428001,0.8446993690940835,0.23480703849563958,3.0387378024070304,0.8004827898294704,,
genus.Oscillibacter.id.2063,neuro,Weighted Median,13,21.909262673205234,0.13451839202350477,0.34379345058982524,1.143985699020776,0.5831465388473807,2.2442099753361706,0.6955926653429281,,
genus.Oscillospira.id.2064,adeno,Inverse-Variance Weighted,8,21.456158635010258,-0.08359365708154355,0.08705246169752962,0.9198049363910757,0.7755238969019128,1.090928499288265,0.3369205601976749,5.668638684451798,0.5789284046704524
genus.Oscillospira.id.2064,adeno,MR Egger,8,21.456158635010258,0.4286994305358617,0.3683563093740224,1.5352595129120818,0.7458140774063229,3.1603342486963095,0.2886807902583668,3.620025663888316,0.7279383432967312
genus.Oscillospira.id.2064,adeno,Egger Intercept,8,21.456158635010258,-0.05065117917331839,0.035388291499262356,0.9506102053436217,0.8869095892925611,1.018885998542695,0.20230365006729029,3.620025663888316,0.7279383432967312
genus.Oscillospira.id.2064,adeno,Weighted mode,8,21.456158635010258,0.03549554920959053,0.17743222005215004,1.0361330365068202,0.7317827475093356,1.4670633777508506,0.8471281292874231,,
genus.Oscillospira.id.2064,adeno,Weighted Median,8,21.456158635010258,-0.000513261192331825,0.11466126687412516,0.9994868705036615,0.798317138140064,1.2513498164860066,0.9964284206467193,,
genus.Oscillospira.id.2064,neuro,Inverse-Variance Weighted,8,21.456158635010258,0.6277413158568654,0.34401514534850447,1.8733744358778692,0.9545374808870527,3.6766830504542507,0.06803890493782906,2.6592152974624654,0.9146386813772619
genus.Oscillospira.id.2064,neuro,MR Egger,8,21.456158635010258,-0.9007800720526804,1.454403248717828,0.40625262978074983,0.02348459887876969,7.027635432724971,0.5584566437031717,1.4892378131824675,0.9602062467281609
genus.Oscillospira.id.2064,neuro,Egger Intercept,8,21.456158635010258,0.15120862969795462,0.1397937727238296,1.1632393190355785,0.8844518849877243,1.529903136979732,0.3209511089648639,1.4892378131824675,0.9602062467281609
genus.Oscillospira.id.2064,neuro,Weighted mode,8,21.456158635010258,0.4581284483593354,0.6184772089748344,1.581112081271374,0.47043998624807987,5.313994317277275,0.48295515425388924,,
genus.Oscillospira.id.2064,neuro,Weighted Median,8,21.456158635010258,0.47189369287216265,0.4228241892477915,1.6030269614760642,0.6998832678538773,3.6716057623421974,0.26439996702591717,,
genus.Oxalobacter.id.2978,adeno,Inverse-Variance Weighted,11,23.522690111370736,-0.042887416913055414,0.0516118827480971,0.9580192407593118,0.8658473058986268,1.0600031430628534,0.4059961518149886,11.16559705323192,0.34476291460497777
genus.Oxalobacter.id.2978,adeno,MR Egger,11,23.522690111370736,-0.2738061256365379,0.24362301038122172,0.7604794984483196,0.4717494663329941,1.2259241585489835,0.29014090309512586,10.108775782929692,0.3417512231914872
genus.Oxalobacter.id.2978,adeno,Egger Intercept,11,23.522690111370736,0.03520243642012312,0.03629108705539254,1.0358293771676226,0.964709659200859,1.1121921381944728,0.35738977390325477,10.108775782929692,0.3417512231914872
genus.Oxalobacter.id.2978,adeno,Weighted mode,11,23.522690111370736,-0.0592345163257092,0.10615119190414989,0.9424857149507991,0.7654504059536095,1.1604661986947247,0.5891044339108309,,
genus.Oxalobacter.id.2978,adeno,Weighted Median,11,23.522690111370736,-0.053866706815175636,0.069083017415485,0.9475584011616005,0.8275635137089348,1.0849522831038205,0.4355446552508536,,
genus.Oxalobacter.id.2978,neuro,Inverse-Variance Weighted,11,23.522690111370736,0.15275778470227622,0.22159306571654352,1.1650427535870473,0.7546021486132013,1.798728800574136,0.490595644511047,13.128424642473988,0.21657985119883996
genus.Oxalobacter.id.2978,neuro,MR Egger,11,23.522690111370736,-1.832912549074127,0.9065909388311291,0.159947035116301,0.027056424718756394,0.9455445170019167,0.07391122560566415,8.102467974295863,0.5238538611062344
genus.Oxalobacter.id.2978,neuro,Egger Intercept,11,23.522690111370736,0.30298111028338015,0.1351469293956037,1.3538888896232788,1.0388279730391938,1.764503048644992,0.051685616373875615,8.102467974295863,0.5238538611062344
genus.Oxalobacter.id.2978,neuro,Weighted mode,11,23.522690111370736,-0.05033608847839277,0.4642208977090247,0.9509097809680942,0.38281285135347815,2.3620664989270437,0.9157983951144871,,
genus.Oxalobacter.id.2978,neuro,Weighted Median,11,23.522690111370736,0.103736929641299,0.25947703586178344,1.1093085903180386,0.6670848293971495,1.8446912511343823,0.6893094779174594,,
genus.Parabacteroides.id.954,adeno,Inverse-Variance Weighted,5,21.374104186929255,-0.12496990445325247,0.1710979029917106,0.8825234622110429,0.6310805346990881,1.2341493969931054,0.4651457322739957,6.168310074848944,0.1869264274403631
genus.Parabacteroides.id.954,adeno,MR Egger,5,21.374104186929255,-1.661290321743989,0.8578432423131955,0.18989379785712385,0.035342711933535366,1.0202854419438754,0.14820592401436583,2.8760190160383483,0.4111382292537126
genus.Parabacteroides.id.954,adeno,Egger Intercept,5,21.374104186929255,0.1347504275084778,0.0742644622094042,1.1442511750959943,0.9892502772815204,1.3235384227604932,0.16724219332140305,2.8760190160383483,0.4111382292537126
genus.Parabacteroides.id.954,adeno,Weighted mode,5,21.374104186929255,0.06100892280360504,0.2944273735665233,1.0629083982677707,0.5968623692799848,1.8928555748472515,0.845965575678831,,
genus.Parabacteroides.id.954,adeno,Weighted Median,5,21.374104186929255,-0.06611586705518382,0.20183379137635934,0.936022403848724,0.6302050110590762,1.3902427386833547,0.7432324168346687,,
genus.Parabacteroides.id.954,neuro,Inverse-Variance Weighted,5,21.374104186929255,-0.6552185453958608,0.8157574278775783,0.519328553319769,0.10496764658832923,2.5693835677858363,0.42185760164133046,9.053247080823013,0.05978225012689362
genus.Parabacteroides.id.954,neuro,MR Egger,5,21.374104186929255,-4.421418824993656,5.438645678724687,0.012017169922294185,2.8205482915093445e-07,512.0010650979266,0.47576288209954504,7.777203328381557,0.05084779921673076
genus.Parabacteroides.id.954,neuro,Egger Intercept,5,21.374104186929255,0.3305836367186045,0.47119391088362667,1.3917801854880578,0.5526908758437319,3.504765809205896,0.533465394030617,7.777203328381557,0.05084779921673076
genus.Parabacteroides.id.954,neuro,Weighted mode,5,21.374104186929255,-0.48355683535193705,1.0857115317020678,0.6165863906648392,0.07342054796674205,5.178097789808198,0.6790850935097204,,
genus.Parabacteroides.id.954,neuro,Weighted Median,5,21.374104186929255,-0.4788842133696536,0.7467194964152608,0.6194742073715135,0.14335167151506806,2.6769711824269047,0.5213164801037931,,
genus.Paraprevotella.id.962,adeno,Inverse-Variance Weighted,13,22.21507924395921,-0.028206289772672106,0.06126070790769835,0.9721877937149099,0.8621920155453587,1.096216491462674,0.6452073473039908,15.347784550309843,0.2229658392360296
genus.Paraprevotella.id.962,adeno,MR Egger,13,22.21507924395921,-0.03167319350892466,0.24091179527978399,0.9688231480419585,0.6041937754260656,1.5535053990253962,0.8977756216303352,15.347473679206935,0.16713558447877994
genus.Paraprevotella.id.962,adeno,Egger Intercept,13,22.21507924395921,0.0003824493894144429,0.02562157959774421,1.0003825225325065,0.9513855848406155,1.051902832389622,0.9883578370431585,15.347473679206935,0.16713558447877994
genus.Paraprevotella.id.962,adeno,Weighted mode,13,22.21507924395921,-0.09796633159818169,0.13221815566803316,0.9066794296873975,0.6996927864959585,1.1748979038860117,0.4729775850714748,,
genus.Paraprevotella.id.962,adeno,Weighted Median,13,22.21507924395921,-0.06602535174063587,0.07110335329141904,0.9361071320455743,0.8143313562978277,1.0760933567024524,0.3531053328208952,,
genus.Paraprevotella.id.962,neuro,Inverse-Variance Weighted,13,22.21507924395921,-0.15517727691905106,0.2229417817665519,0.8562633682960508,0.5531405397333037,1.3254985003254396,0.48640131047115287,13.013059846257246,0.3680921516765182
genus.Paraprevotella.id.962,neuro,MR Egger,13,22.21507924395921,-0.038858367694308,0.8769611535381581,0.9618869337634797,0.1724406381109354,5.365478134856398,0.965451246010938,12.990709934849944,0.2939330380008395
genus.Paraprevotella.id.962,neuro,Egger Intercept,13,22.21507924395921,-0.012828530190698191,0.09325220245085909,0.9872534046605861,0.8223387641446314,1.185240593671559,0.893067565300067,12.990709934849944,0.2939330380008395
genus.Paraprevotella.id.962,neuro,Weighted mode,13,22.21507924395921,-0.5828937601580981,0.5958742725168552,0.5582804969719188,0.17363370640369738,1.795026551898657,0.347277177001752,,
genus.Paraprevotella.id.962,neuro,Weighted Median,13,22.21507924395921,-0.3625371024186955,0.3029618082308637,0.6959084933113533,0.3842959782677998,1.2601969795411112,0.23144576448395404,,
genus.Parasutterella.id.2892,adeno,Inverse-Variance Weighted,14,22.369323926988926,-0.023198441267678744,0.06729662687352331,0.9770685738076482,0.8563296858753969,1.1148311376670215,0.7303054612975797,14.04837702797043,0.3704458638688963
genus.Parasutterella.id.2892,adeno,MR Egger,14,22.369323926988926,0.11731308825476541,0.19020836593601811,1.124471433382162,0.7745327699008444,1.6325145347360923,0.5489153534857758,13.351378066919267,0.3440266529505301
genus.Parasutterella.id.2892,adeno,Egger Intercept,14,22.369323926988926,-0.01222559458594818,0.01544636697334607,0.9878488343740157,0.9583900113841802,1.0182131574646849,0.44402376348900663,13.351378066919267,0.3440266529505301
genus.Parasutterella.id.2892,adeno,Weighted mode,14,22.369323926988926,0.050300385758749955,0.0991212833334278,1.051586930675649,0.8659073783251686,1.2770823998598206,0.6203293068663229,,
genus.Parasutterella.id.2892,adeno,Weighted Median,14,22.369323926988926,0.035392053685379635,0.09247372896889841,1.0360258069240413,0.8642817575246796,1.241897637278271,0.7019233089574659,,
genus.Parasutterella.id.2892,neuro,Inverse-Variance Weighted,14,22.369323926988926,0.05326689474023133,0.2940707901935041,1.0547111044039128,0.5926733623782979,1.8769453536581873,0.8562605929207143,17.182278497563125,0.19110479642604664
genus.Parasutterella.id.2892,neuro,MR Egger,14,22.369323926988926,0.35003019358461557,0.8465040623669001,1.4191103959762157,0.27005820513176987,7.45718618319758,0.6865335007933153,16.982533894421596,0.15025550881313438
genus.Parasutterella.id.2892,neuro,Egger Intercept,14,22.369323926988926,-0.02583510370497698,0.06876751077585497,0.9744957671023343,0.8516161133928468,1.1151057209532875,0.713706129652611,16.982533894421596,0.15025550881313438
genus.Parasutterella.id.2892,neuro,Weighted mode,14,22.369323926988926,0.25938603525340387,0.5793184180337148,1.2961340617043964,0.4164128578596087,4.0343699148615775,0.6617086507536472,,
genus.Parasutterella.id.2892,neuro,Weighted Median,14,22.369323926988926,0.21237702785920692,0.39951283738538657,1.2366140351395356,0.5651477184540689,2.705866487592249,0.595009994636791,,
genus.Peptococcus.id.2037,adeno,Inverse-Variance Weighted,13,22.8900023531783,0.045562705966421105,0.05013659688455015,1.0466166316636842,0.9486598031575586,1.154688298196087,0.3634707996408232,11.125314495679127,0.5182108699799048
genus.Peptococcus.id.2037,adeno,MR Egger,13,22.8900023531783,-0.21840452364232815,0.19223145985140738,0.8038002196984304,0.5514642944745111,1.1715985960666901,0.28003926621963116,9.102079769212702,0.612470346605519
genus.Peptococcus.id.2037,adeno,Egger Intercept,13,22.8900023531783,0.03611145108824021,0.025387609232902515,1.036771389351715,0.9864444522532642,1.089665932352278,0.18264134654634792,9.102079769212702,0.612470346605519
genus.Peptococcus.id.2037,adeno,Weighted mode,13,22.8900023531783,0.08911296348631592,0.10221491756484602,1.09320414150262,0.8947344801547237,1.3356982674813385,0.40041387424745245,,
genus.Peptococcus.id.2037,adeno,Weighted Median,13,22.8900023531783,0.07125034886770573,0.06479094582421342,1.0738500293585644,0.9457850979267154,1.219255714729756,0.2714645651428942,,
genus.Peptococcus.id.2037,neuro,Inverse-Variance Weighted,13,22.8900023531783,-0.07065381088048964,0.19827094086589703,0.9317844099227399,0.6317479011633217,1.3743174848326292,0.7215786159154765,9.208839058785713,0.6849968736823984
genus.Peptococcus.id.2037,neuro,MR Egger,13,22.8900023531783,-1.5988641628399538,0.759966716414183,0.2021259698475797,0.045574864706513674,0.8964350843368627,0.059203194770723944,4.869816751488848,0.9373068159239191
genus.Peptococcus.id.2037,neuro,Egger Intercept,13,22.8900023531783,0.20914245268684514,0.10040289963134034,1.2326205761371383,1.012429379991419,1.500700705395895,0.06137567961950406,4.869816751488848,0.9373068159239191
genus.Peptococcus.id.2037,neuro,Weighted mode,13,22.8900023531783,-0.4046206987372041,0.4395001187636705,0.6672298439899481,0.2819456572182001,1.5790123142996664,0.3753764474994431,,
genus.Peptococcus.id.2037,neuro,Weighted Median,13,22.8900023531783,-0.2578667455990985,0.2683006712216497,0.772698190681411,0.4566965736657005,1.3073504998953045,0.3364963234609053,,
genus.Phascolarctobacterium.id.2168,adeno,Inverse-Variance Weighted,9,21.78745224782764,-0.13777931145328487,0.08739102686723678,0.8712909544644348,0.7341325182319917,1.0340747868788032,0.11489123255084037,3.9243138758105767,0.8638867137971884
genus.Phascolarctobacterium.id.2168,adeno,MR Egger,9,21.78745224782764,-0.5863497252440195,0.4084608991466458,0.5563544291947586,0.2498403693726905,1.2389120767864978,0.19427907770275937,2.660422671853259,0.9145406830613866
genus.Phascolarctobacterium.id.2168,adeno,Egger Intercept,9,21.78745224782764,0.0389206685681315,0.03461987106950726,1.039688000440674,0.9714803092901501,1.1126845577036617,0.2979846845972795,2.660422671853259,0.9145406830613866
genus.Phascolarctobacterium.id.2168,adeno,Weighted mode,9,21.78745224782764,-0.03650457203456181,0.14499882973559214,0.9641536857422728,0.7256392573751016,1.2810667563564289,0.8075751473938817,,
genus.Phascolarctobacterium.id.2168,adeno,Weighted Median,9,21.78745224782764,-0.053386564234937275,0.12011978548324417,0.9480134735383308,0.7491460330446649,1.199672035047175,0.6567213292351418,,
genus.Phascolarctobacterium.id.2168,neuro,Inverse-Variance Weighted,9,21.78745224782764,0.5150498505797326,0.3462428749735791,1.6737219357267046,0.8490933172767368,3.2992193686288687,0.13687245694276282,3.7466784859397335,0.8792252720723664
genus.Phascolarctobacterium.id.2168,neuro,MR Egger,9,21.78745224782764,1.1130275753697252,1.6219574141040052,3.043559064005936,0.1266904009863998,73.11723464421823,0.5146508383926028,3.604266279075506,0.8240615025165826
genus.Phascolarctobacterium.id.2168,neuro,Egger Intercept,9,21.78745224782764,-0.051823406609714295,0.13732586702986174,0.9494965268493702,0.7254362318384624,1.2427607209723286,0.7170757565997763,3.604266279075506,0.8240615025165826
genus.Phascolarctobacterium.id.2168,neuro,Weighted mode,9,21.78745224782764,0.9124779657788944,0.7298727756387112,2.4904862331709303,0.5956674875065251,10.412724897203633,0.2465608387886713,,
genus.Phascolarctobacterium.id.2168,neuro,Weighted Median,9,21.78745224782764,0.6525539766197502,0.4584016775680309,1.9204393281688723,0.7819900115959613,4.716284298377037,0.154579136396229,,
genus.Prevotella7.id.11182,adeno,Inverse-Variance Weighted,11,20.78787084753652,0.012627648651901193,0.045997028983325625,1.0127077140648357,0.9254024748503351,1.108249590852122,0.7836759442344762,7.8986097434380165,0.6387400136827932
genus.Prevotella7.id.11182,adeno,MR Egger,11,20.78787084753652,-0.03046263935821648,0.2678260503403681,0.9699966710884095,0.5738417038130352,1.639639530676479,0.9119404417592265,7.871937745372131,0.5471016683159899
genus.Prevotella7.id.11182,adeno,Egger Intercept,11,20.78787084753652,0.006101798031163312,0.037361994566791935,1.0061204519222284,0.935075773949668,1.0825629237515426,0.8738783615756148,7.871937745372131,0.5471016683159899
genus.Prevotella7.id.11182,adeno,Weighted mode,11,20.78787084753652,-0.021845978805661748,0.10904646075269621,0.978390916384324,0.7901147887344174,1.2115312849625939,0.8452330700851665,,
genus.Prevotella7.id.11182,adeno,Weighted Median,11,20.78787084753652,-0.00015559579733932447,0.05755433035396471,0.9998444163070589,0.893184526091629,1.119241128364385,0.9978429540847138,,
genus.Prevotella7.id.11182,neuro,Inverse-Variance Weighted,11,20.78787084753652,0.4243772385212459,0.1822460584596261,1.5286381462221261,1.0694825826926855,2.184920652192497,0.019880537593450848,6.5235802254656825,0.7695254433622243
genus.Prevotella7.id.11182,neuro,MR Egger,11,20.78787084753652,0.13355762420349213,1.0598507005511575,1.1428871221977375,0.1431661050749229,9.123604874225359,0.9024898505957103,6.4459924950854095,0.6945837758092777
genus.Prevotella7.id.11182,neuro,Egger Intercept,11,20.78787084753652,0.04118317896259246,0.14785068573836196,1.0420429684138455,0.7798886194399276,1.3923187503371162,0.7868875084937319,6.4459924950854095,0.6945837758092777
genus.Prevotella7.id.11182,neuro,Weighted mode,11,20.78787084753652,0.41004440936959585,0.41462724087291636,1.5068847034266752,0.6685627748958862,3.396392372840247,0.34601362703445127,,
genus.Prevotella7.id.11182,neuro,Weighted Median,11,20.78787084753652,0.3692170777175231,0.2266497018395316,1.4466015945656072,0.9277283290832378,2.255677775268195,0.10330861661653162,,
genus.Prevotella9.id.11183,adeno,Inverse-Variance Weighted,15,20.867333819790964,0.002764043602558642,0.06434344241309638,1.0027678670930302,0.8839550168751088,1.137550413853667,0.9657352865854676,16.533656196100956,0.28188147896944593
genus.Prevotella9.id.11183,adeno,MR Egger,15,20.867333819790964,0.14446056133031024,0.1893217165010143,1.1554161259902216,0.797231639607933,1.6745276502758706,0.45906137862649976,15.763039864870438,0.26216274379774446
genus.Prevotella9.id.11183,adeno,Egger Intercept,15,20.867333819790964,-0.014862492975413226,0.018643217612281555,0.9852474087285271,0.9498955958848401,1.0219148931857571,0.43964958761184925,15.763039864870438,0.26216274379774446
genus.Prevotella9.id.11183,adeno,Weighted mode,15,20.867333819790964,-0.06702731438506482,0.14402745878787518,0.9351696574037964,0.7051666411966284,1.240192370195908,0.6488168487843731,,
genus.Prevotella9.id.11183,adeno,Weighted Median,15,20.867333819790964,-0.037124865243304814,0.07721841164949748,0.9635558132061292,0.8282229048456053,1.1210023288795687,0.6306747321089877,,
genus.Prevotella9.id.11183,neuro,Inverse-Variance Weighted,15,20.867333819790964,0.08644496241588133,0.23430852139868197,1.0902913590640406,0.6888031590803583,1.7257981935460756,0.7121750672315177,6.756728782088967,0.9436831768742696
genus.Prevotella9.id.11183,neuro,MR Egger,15,20.867333819790964,0.7095424169954133,0.681347991435556,2.033060751723629,0.5347800991445737,7.729038583916396,0.3166796850070014,5.808237167196672,0.9528542549387782
genus.Prevotella9.id.11183,neuro,Egger Intercept,15,20.867333819790964,-0.06533025346966362,0.06708070144196705,0.9367580446924236,0.8213479652713515,1.0683847423985093,0.3478778912897025,5.808237167196672,0.9528542549387782
genus.Prevotella9.id.11183,neuro,Weighted mode,15,20.867333819790964,0.2398363691135681,0.4133446579528297,1.271041151714024,0.5653449741325853,2.8576279674711205,0.5709787628214232,,
genus.Prevotella9.id.11183,neuro,Weighted Median,15,20.867333819790964,0.1808322110963462,0.32806844523827844,1.1982141153927615,0.6299077231149189,2.2792498228578295,0.581494732961354,,
genus.RikenellaceaeRC9gutgroup.id.11191,adeno,Inverse-Variance Weighted,10,21.08798923198645,-0.02313014037325446,0.04652499364571931,0.9771353107442234,0.8919732568879725,1.070428298303934,0.6190796434687231,4.021120946581908,0.9100169006422506
genus.RikenellaceaeRC9gutgroup.id.11191,adeno,MR Egger,10,21.08798923198645,-0.23085373525209907,0.2975958920459277,0.793855570628939,0.44301941502220493,1.4225260691724115,0.4602238904289693,3.52170287746527,0.8974987780768084
genus.RikenellaceaeRC9gutgroup.id.11191,adeno,Egger Intercept,10,21.08798923198645,0.028721845402500695,0.04064248130531257,1.0291382951109869,0.9503381427750099,1.1144723996569017,0.49981826085736125,3.52170287746527,0.8974987780768084
genus.RikenellaceaeRC9gutgroup.id.11191,adeno,Weighted mode,10,21.08798923198645,-0.014288005762657097,0.08962151178026133,0.9858135833807202,0.8270036513011164,1.1751198675471002,0.8768536407994244,,
genus.RikenellaceaeRC9gutgroup.id.11191,adeno,Weighted Median,10,21.08798923198645,-0.02125870885546192,0.05469941782709004,0.9789656647187592,0.8794403253180817,1.0897541824132426,0.6975380482701672,,
genus.RikenellaceaeRC9gutgroup.id.11191,neuro,Inverse-Variance Weighted,10,21.08798923198645,-0.0532797481489273,0.2761135215234173,0.9481147420355148,0.5518592482162155,1.6288964386674158,0.8469877900449563,20.473445434850852,0.015205132598009069
genus.RikenellaceaeRC9gutgroup.id.11191,neuro,MR Egger,10,21.08798923198645,0.2363993361929682,1.873468645771099,1.2666800403670018,0.03220610624351635,49.81907196518544,0.9027009338706647,20.410924530984733,0.008888306374460912
genus.RikenellaceaeRC9gutgroup.id.11191,neuro,Egger Intercept,10,21.08798923198645,-0.039977269303897243,0.2553799788977667,0.9608112788132978,0.5824441208916857,1.5849731852071003,0.8794854744815774,20.410924530984733,0.008888306374460912
genus.RikenellaceaeRC9gutgroup.id.11191,neuro,Weighted mode,10,21.08798923198645,0.26191324720697473,0.6051768313267749,1.2994138097622232,0.39683553954621836,4.254851394941966,0.6753547375184021,,
genus.RikenellaceaeRC9gutgroup.id.11191,neuro,Weighted Median,10,21.08798923198645,0.13624816011150043,0.2786980914563554,1.1459662414217553,0.6636501843400751,1.9788115146598986,0.6249311342678117,,
genus.Romboutsia.id.11347,adeno,Inverse-Variance Weighted,13,21.318153814490007,0.005485058337591711,0.07979378960487095,1.005500128811619,0.8599244269048139,1.175720188202183,0.9451962464984597,10.776555024069426,0.5481588722158977
genus.Romboutsia.id.11347,adeno,MR Egger,13,21.318153814490007,-0.24315189446469743,0.23062037963400012,0.7841523963166648,0.49899069108378774,1.2322774585506604,0.3143361389508764,9.456135613757894,0.5798658637789709
genus.Romboutsia.id.11347,adeno,Egger Intercept,13,21.318153814490007,0.021769905871790743,0.018945261374616548,1.0220085992364414,0.9847545994910984,1.0606719455314155,0.27488937172802164,9.456135613757894,0.5798658637789709
genus.Romboutsia.id.11347,adeno,Weighted mode,13,21.318153814490007,-0.19589911633678525,0.13882139586599512,0.8220951664667893,0.6262603797720342,1.0791684809664495,0.18359479965412948,,
genus.Romboutsia.id.11347,adeno,Weighted Median,13,21.318153814490007,-0.11613408231710749,0.11977671158541135,0.8903558343203603,0.7040566642832095,1.1259512933030413,0.33225181313259655,,
genus.Romboutsia.id.11347,neuro,Inverse-Variance Weighted,13,21.318153814490007,-0.2420525950663118,0.3162258983002491,0.7850148885559209,0.4223776940062579,1.458998389354658,0.4440083705326592,11.173952595943971,0.5140727356726134
genus.Romboutsia.id.11347,neuro,MR Egger,13,21.318153814490007,-0.7335194130520838,0.9176330767325477,0.4802159343293869,0.07949348237016217,2.900959131592962,0.44100118892424556,10.848450139494485,0.4560457222596713
genus.Romboutsia.id.11347,neuro,Egger Intercept,13,21.318153814490007,0.042939634775331526,0.0752629455170817,1.0438748792070458,0.9007065767141009,1.209799941080485,0.579786923381798,10.848450139494485,0.4560457222596713
genus.Romboutsia.id.11347,neuro,Weighted mode,13,21.318153814490007,0.485112665750274,0.7808744774027389,1.6243580080488549,0.3515507102645586,7.50542912095617,0.546060150730162,,
genus.Romboutsia.id.11347,neuro,Weighted Median,13,21.318153814490007,0.29358596635184275,0.4282880866082475,1.341228474973316,0.5793440965339588,3.105052477174597,0.4930365865209484,,
genus.Roseburia.id.2012,adeno,Inverse-Variance Weighted,14,21.213186066989778,-0.21840200823961295,0.11063689741689475,0.8038022415822285,0.647102659419636,0.9984475170478797,0.048376837969846216,20.36092648160883,0.08656886353235589
genus.Roseburia.id.2012,adeno,MR Egger,14,21.213186066989778,-0.05168024180573121,0.34989452424849843,0.9496324710645004,0.4783208634050664,1.8853491434187721,0.8850304122612926,19.938912420943844,0.06825039433550276
genus.Roseburia.id.2012,adeno,Egger Intercept,14,21.213186066989778,-0.012586988206581778,0.024975746322986995,0.9874918966085231,0.9403158486074726,1.0370347871000978,0.6234081646709377,19.938912420943844,0.06825039433550276
genus.Roseburia.id.2012,adeno,Weighted mode,14,21.213186066989778,-0.30367497334317983,0.1922033412918199,0.7381007298801047,0.5064176665162791,1.0757774135275564,0.13812923771796276,,
genus.Roseburia.id.2012,adeno,Weighted Median,14,21.213186066989778,-0.19698680863310797,0.1250913748349877,0.8212014660110392,0.6426430100087128,1.049372415595926,0.11531570101242389,,
genus.Roseburia.id.2012,neuro,Inverse-Variance Weighted,14,21.213186066989778,0.11168657976117784,0.4440310305458097,1.1181623510084124,0.46831494963154696,2.6697568467467034,0.801405320352578,21.235256733161645,0.06840396286623192
genus.Roseburia.id.2012,neuro,MR Egger,14,21.213186066989778,2.2580937872085283,1.272066409488421,9.564839159337852,0.7904472334702836,115.73972843494327,0.10122064134415683,16.788047680117543,0.15774569242417047
genus.Roseburia.id.2012,neuro,Egger Intercept,14,21.213186066989778,-0.16178034045546805,0.09073846882331056,0.8506280325864041,0.7120353361701837,1.0161968276935016,0.09989095763475578,16.788047680117543,0.15774569242417047
genus.Roseburia.id.2012,neuro,Weighted mode,14,21.213186066989778,0.2918473277400411,0.6911899111738478,1.3388985893609335,0.345457760927715,5.189200056697523,0.6797501867805944,,
genus.Roseburia.id.2012,neuro,Weighted Median,14,21.213186066989778,0.23640160648700048,0.5101361057579554,1.2666829161064026,0.4660486921147115,3.442742436794346,0.6430713076551773,,
genus.Ruminiclostridium5.id.11355,adeno,Inverse-Variance Weighted,11,21.502330544287194,-0.006801859900688343,0.10083914923756991,0.9932212203890853,0.8150982731924277,1.210269270682524,0.9462214186272495,10.562123168835985,0.3926333805252567
genus.Ruminiclostridium5.id.11355,adeno,MR Egger,11,21.502330544287194,-0.07989892727434213,0.4437025492374853,0.9232096529871612,0.3869128040854117,2.2028634213421494,0.8610844112984067,10.52844710904182,0.30941985650023074
genus.Ruminiclostridium5.id.11355,adeno,Egger Intercept,11,21.502330544287194,0.004737625160050122,0.02792292858734085,1.0047488654498784,0.9512376860867195,1.0612702770175833,0.8690237798200444,10.52844710904182,0.30941985650023074
genus.Ruminiclostridium5.id.11355,adeno,Weighted mode,11,21.502330544287194,-0.16139784338964158,0.21754528802741366,0.8509534575460567,0.5555555872104158,1.3034191421700678,0.47520926993373513,,
genus.Ruminiclostridium5.id.11355,adeno,Weighted Median,11,21.502330544287194,-0.06300437337515896,0.137437782356912,0.938939367346049,0.7172129889369854,1.2292124503473782,0.6466499667753802,,
genus.Ruminiclostridium5.id.11355,neuro,Inverse-Variance Weighted,11,21.502330544287194,0.22726184205753244,0.3875036711710552,1.255158478194869,0.5872848261352784,2.682553226773763,0.5575552706736709,8.439527605001807,0.5859863348168336
genus.Ruminiclostridium5.id.11355,neuro,MR Egger,11,21.502330544287194,-0.11873958680679533,1.6195578555292536,0.8880390277322686,0.037139544644606816,21.233790621883426,0.943158202128965,8.391114237671802,0.49526168128089143
genus.Ruminiclostridium5.id.11355,neuro,Egger Intercept,11,21.502330544287194,0.022425272482356,0.10191898348765349,1.0226786090751492,0.8374983921099751,1.248804233313136,0.830757301523211,8.391114237671802,0.49526168128089143
genus.Ruminiclostridium5.id.11355,neuro,Weighted mode,11,21.502330544287194,0.29198719808792273,0.8656533614856307,1.3390858746699312,0.24544229987667865,7.305794399097038,0.742861567337026,,
genus.Ruminiclostridium5.id.11355,neuro,Weighted Median,11,21.502330544287194,0.33646182193445096,0.5306546584188658,1.399985419514459,0.49479026732889486,3.9611918509105593,0.526047901987451,,
genus.Ruminiclostridium6.id.11356,adeno,Inverse-Variance Weighted,17,21.177001713391313,0.014936241567398688,0.07091755267377643,1.0150483446610494,0.8833249302204547,1.1664146530337312,0.8331883534695802,14.926869919726936,0.5300010981433487
genus.Ruminiclostridium6.id.11356,adeno,MR Egger,17,21.177001713391313,-0.28202036959973514,0.18366323120576666,0.7542583204365251,0.5262387337514436,1.081078942806283,0.14547534541072013,11.854592189267825,0.6900003248349871
genus.Ruminiclostridium6.id.11356,adeno,Egger Intercept,17,21.177001713391313,0.028311452024886705,0.016152208327406978,1.0287160302233076,0.9966587182504826,1.0618044586978044,0.10004575661139943,11.854592189267825,0.6900003248349871
genus.Ruminiclostridium6.id.11356,adeno,Weighted mode,17,21.177001713391313,-0.03767677038673112,0.15247777556958866,0.9630241685190559,0.7142421628406839,1.2984609386028152,0.8079759439649281,,
genus.Ruminiclostridium6.id.11356,adeno,Weighted Median,17,21.177001713391313,-0.028009492150910538,0.09711194967610723,0.972379136787932,0.8038449203730191,1.1762482559716625,0.7730216060910673,,
genus.Ruminiclostridium6.id.11356,neuro,Inverse-Variance Weighted,17,21.177001713391313,0.18297760991029782,0.3474733741651131,1.2007875220395097,0.6077022706069279,2.37269258784525,0.5984751278803113,24.516209612342575,0.07882056066445307
genus.Ruminiclostridium6.id.11356,neuro,MR Egger,17,21.177001713391313,0.27817094087846284,0.9278375532704245,1.3207119415735646,0.21429736690586962,8.139530866850041,0.7684399199943228,24.495998688488356,0.05713518788336139
genus.Ruminiclostridium6.id.11356,neuro,Egger Intercept,17,21.177001713391313,-0.00907997458999448,0.08161941839849886,0.9909611238941538,0.8444632718749818,1.162873486361577,0.912894848998697,24.495998688488356,0.05713518788336139
genus.Ruminiclostridium6.id.11356,neuro,Weighted mode,17,21.177001713391313,-0.8871946517909457,0.5896082377453211,0.4118094025709936,0.12966166503484972,1.3079192219249849,0.15188025051116782,,
genus.Ruminiclostridium6.id.11356,neuro,Weighted Median,17,21.177001713391313,-0.5797812111317642,0.44013659274626316,0.5600208794970941,0.23634824837609533,1.3269545580622935,0.1877462481210087,,
genus.Ruminiclostridium9.id.11357,adeno,Inverse-Variance Weighted,9,21.5919956072968,0.032143724172783036,0.12801206767338155,1.0326659136941334,0.8035145959812714,1.3271680373191321,0.8017374362081955,10.280797630247854,0.24586812061680566
genus.Ruminiclostridium9.id.11357,adeno,MR Egger,9,21.5919956072968,0.7757830365022065,0.5493764954682014,2.1722924456692705,0.7400815511379659,6.376127687895967,0.20079205122035382,8.062492485240234,0.32711566616053844
genus.Ruminiclostridium9.id.11357,adeno,Egger Intercept,9,21.5919956072968,-0.04958870707129916,0.035732037675782376,0.9516207389034904,0.8872544243183785,1.0206565398723444,0.20776902011467074,8.062492485240234,0.32711566616053844
genus.Ruminiclostridium9.id.11357,adeno,Weighted mode,9,21.5919956072968,-0.17297578805890723,0.25968848104178704,0.8411579806655518,0.5056223607801843,1.399358104624945,0.524092443164785,,
genus.Ruminiclostridium9.id.11357,adeno,Weighted Median,9,21.5919956072968,-0.072940097333866,0.17993828181747715,0.929656517261842,0.6533651421176249,1.322784434575521,0.6852116205191723,,
genus.Ruminiclostridium9.id.11357,neuro,Inverse-Variance Weighted,9,21.5919956072968,-0.0850120356686969,0.4465552016599163,0.9185012295584346,0.38279325836997063,2.20391684088901,0.8490168847620301,6.700466012758679,0.5692677081503151
genus.Ruminiclostridium9.id.11357,neuro,MR Egger,9,21.5919956072968,2.0312213337691944,2.027907011430193,7.623391380683595,0.14320524348165084,405.82380037311583,0.34987959914534045,5.555960759914049,0.5924428067014524
genus.Ruminiclostridium9.id.11357,neuro,Egger Intercept,9,21.5919956072968,-0.14103170931794315,0.13182806410169065,0.8684617729305731,0.6707124891667794,1.124514398082378,0.32019821306835283,5.555960759914049,0.5924428067014524
genus.Ruminiclostridium9.id.11357,neuro,Weighted mode,9,21.5919956072968,-0.21004536887289627,0.745463666129275,0.8105474715107741,0.1880299247745669,3.4940566208287605,0.7852752725527175,,
genus.Ruminiclostridium9.id.11357,neuro,Weighted Median,9,21.5919956072968,-0.2517840487518222,0.6231705005583683,0.7774126031649579,0.2291913053014101,2.636968949432472,0.6861853822975219,,
genus.RuminococcaceaeNK4A214group.id.11358,adeno,Inverse-Variance Weighted,13,21.6780448468297,-0.01606221908461676,0.08459368026912395,0.9840660904591294,0.8337131901999895,1.1615338245508877,0.8494071383638028,12.422567648966268,0.41236668418361094
genus.RuminococcaceaeNK4A214group.id.11358,adeno,MR Egger,13,21.6780448468297,0.36531680688985035,0.27439423692425696,1.4409704452093097,0.8415617413271413,2.4673125238467284,0.21000431114101864,10.295469619008236,0.5040216833980584
genus.RuminococcaceaeNK4A214group.id.11358,adeno,Egger Intercept,13,21.6780448468297,-0.02917477050262478,0.020003854903296894,0.9712467043578139,0.9339033496749871,1.0100832822306556,0.17266924309534665,10.295469619008236,0.5040216833980584
genus.RuminococcaceaeNK4A214group.id.11358,adeno,Weighted mode,13,21.6780448468297,0.0474546287538542,0.18701436436419355,1.0485986238157032,0.7268075711587557,1.5128613370319601,0.8039852639696454,,
genus.RuminococcaceaeNK4A214group.id.11358,adeno,Weighted Median,13,21.6780448468297,0.04900470224594114,0.12115272393004552,1.0502252891460204,0.8282380742343574,1.3317102802614533,0.6858546331819209,,
genus.RuminococcaceaeNK4A214group.id.11358,neuro,Inverse-Variance Weighted,13,21.6780448468297,1.0358259223875026,0.32820720839983875,2.8174322553109064,1.4807367884355944,5.360793744884773,0.0015994222296085705,4.29298976979597,0.9775504097879834
genus.RuminococcaceaeNK4A214group.id.11358,neuro,MR Egger,13,21.6780448468297,0.46564430712315796,1.0813088778488147,1.5930402654879048,0.19133660092705929,13.263417846715159,0.6750536969606377,3.9867209585085868,0.9703038550374354
genus.RuminococcaceaeNK4A214group.id.11358,neuro,Egger Intercept,13,21.6780448468297,0.04369032848965374,0.07894668954420755,1.0446588037241948,0.8948983138098277,1.2194815873017473,0.591049517769953,3.9867209585085868,0.9703038550374354
genus.RuminococcaceaeNK4A214group.id.11358,neuro,Weighted mode,13,21.6780448468297,0.657893939046382,0.7154689730831347,1.930721831681166,0.4750072327617591,7.847642170955965,0.37593344996297906,,
genus.RuminococcaceaeNK4A214group.id.11358,neuro,Weighted Median,13,21.6780448468297,0.8053498487356533,0.3921138299026139,2.237479141157373,1.0374924978685809,4.8253967304816925,0.039988518337854585,,
genus.RuminococcaceaeUCG002.id.11360,adeno,Inverse-Variance Weighted,21,21.502386077019455,0.0329684357773139,0.07394401948082664,1.0335179165367854,0.8940783727298254,1.1947043082377706,0.6557007687516675,26.950781351501057,0.13665441299296097
genus.RuminococcaceaeUCG002.id.11360,adeno,MR Egger,21,21.502386077019455,0.21201101235617975,0.19288996638444342,1.2361614980542601,0.8470010693997971,1.804124344677148,0.2854444408845434,25.59055590326128,0.1420075710626926
genus.RuminococcaceaeUCG002.id.11360,adeno,Egger Intercept,21,21.502386077019455,-0.014735983890281511,0.014663469825025581,0.9853720593613863,0.9574551643696173,1.014102938187578,0.32755098757930545,25.59055590326128,0.1420075710626926
genus.RuminococcaceaeUCG002.id.11360,adeno,Weighted mode,21,21.502386077019455,-0.1260239499553697,0.14569269949779187,0.8815937324000276,0.6626014233626044,1.1729638385966605,0.3972967047936967,,
genus.RuminococcaceaeUCG002.id.11360,adeno,Weighted Median,21,21.502386077019455,-0.05259057523844076,0.09138813832056515,0.9487683822414491,0.7931750590031924,1.1348836967621212,0.5649775931511269,,
genus.RuminococcaceaeUCG002.id.11360,neuro,Inverse-Variance Weighted,21,21.502386077019455,0.02099355996563329,0.2518102075998048,1.021215474953597,0.6234077705542012,1.6728714262858702,0.9335568905738201,16.96833439532915,0.6550288742291506
genus.RuminococcaceaeUCG002.id.11360,neuro,MR Egger,21,21.502386077019455,0.14753553236471187,0.6563452847978,1.158974465201518,0.3201706238239058,4.195331211048012,0.8245475592132206,16.92474781469945,0.5949660801227756
genus.RuminococcaceaeUCG002.id.11360,neuro,Egger Intercept,21,21.502386077019455,-0.010424998932686481,0.04993437509095036,0.9896291530272793,0.897361602268418,1.0913837387801923,0.8368465932233938,16.92474781469945,0.5949660801227756
genus.RuminococcaceaeUCG002.id.11360,neuro,Weighted mode,21,21.502386077019455,0.08332386463025676,0.47779537802561317,1.086893757998235,0.42606853034348685,2.7726479592922715,0.8633103449382464,,
genus.RuminococcaceaeUCG002.id.11360,neuro,Weighted Median,21,21.502386077019455,0.13447812379273996,0.3473016137647443,1.1439396336681475,0.5791272563096598,2.259603344894386,0.6986018859055747,,
genus.RuminococcaceaeUCG003.id.11361,adeno,Inverse-Variance Weighted,12,22.35708142581776,-0.04324314413880799,0.10709853507671376,0.9576785078401601,0.7763465504251509,1.1813643325608871,0.6863820745200377,19.52007920836068,0.0523732714249533
genus.RuminococcaceaeUCG003.id.11361,adeno,MR Egger,12,22.35708142581776,-0.3241805121312946,0.35469594690235196,0.7231196987198427,0.3608169301195427,1.4492171930608486,0.3822422835848017,18.2562417506631,0.050792003227440825
genus.RuminococcaceaeUCG003.id.11361,adeno,Egger Intercept,12,22.35708142581776,0.021850410537665156,0.026261509090451086,1.022090879009152,0.9708122883186213,1.0760780199465707,0.4248141966846729,18.2562417506631,0.050792003227440825
genus.RuminococcaceaeUCG003.id.11361,adeno,Weighted mode,12,22.35708142581776,-0.2015893957684165,0.25060958812728734,0.8174304994660844,0.5001815289758182,1.335900233712302,0.4382078283472429,,
genus.RuminococcaceaeUCG003.id.11361,adeno,Weighted Median,12,22.35708142581776,-0.06583719183869871,0.11431308475439385,0.9362832864438201,0.7483452540165202,1.171419726080989,0.5646574298406042,,
genus.RuminococcaceaeUCG003.id.11361,neuro,Inverse-Variance Weighted,12,22.35708142581776,0.11474863217441024,0.3900545797825341,1.1215914701256056,0.5221719473954906,2.409105721081065,0.7686157082695289,16.523151137103188,0.12279323892362932
genus.RuminococcaceaeUCG003.id.11361,neuro,MR Egger,12,22.35708142581776,1.3918785296206821,1.2706735848985227,4.022399156128286,0.3333235307733672,48.54051237751476,0.2990272270199445,14.866851174583235,0.13699215529058026
genus.RuminococcaceaeUCG003.id.11361,neuro,Egger Intercept,12,22.35708142581776,-0.09918210168456408,0.0939665555874367,0.9055777857674019,0.7532511677913364,1.0887087350690499,0.31602792893764414,14.866851174583235,0.13699215529058026
genus.RuminococcaceaeUCG003.id.11361,neuro,Weighted mode,12,22.35708142581776,0.9349771334014862,0.7345457831201005,2.547155212297481,0.6036669734820922,10.7476472302434,0.2293105378395978,,
genus.RuminococcaceaeUCG003.id.11361,neuro,Weighted Median,12,22.35708142581776,0.4814682107383373,0.42035736075990693,1.6184488826764727,0.7100412469410032,3.6890487659998783,0.25205247208891457,,
genus.RuminococcaceaeUCG004.id.11362,adeno,Inverse-Variance Weighted,11,21.366639924811185,0.017173996387997336,0.09647041792986297,1.0173223173351933,0.8420566196551903,1.2290678241708288,0.858704561371849,17.466111124086975,0.06466567045570037
genus.RuminococcaceaeUCG004.id.11362,adeno,MR Egger,11,21.366639924811185,-0.10612015201225634,0.5624867909154811,0.8993165868865994,0.29861676138721366,2.7083889052049477,0.8545430004135632,17.3702649357059,0.04322369501884348
genus.RuminococcaceaeUCG004.id.11362,adeno,Egger Intercept,11,21.366639924811185,0.010525021067708794,0.04722995340172343,1.0105806039344063,0.9212298689534103,1.1085975297443147,0.8286305108239681,17.3702649357059,0.04322369501884348
genus.RuminococcaceaeUCG004.id.11362,adeno,Weighted mode,11,21.366639924811185,-0.22425483681106662,0.22912903619153807,0.7991114654017625,0.5099983708164172,1.252119949156504,0.3507983598037766,,
genus.RuminococcaceaeUCG004.id.11362,adeno,Weighted Median,11,21.366639924811185,-0.09805831270339826,0.10947199044633218,0.9065960361467514,0.7315253429227466,1.1235651378434897,0.37039226635062605,,
genus.RuminococcaceaeUCG004.id.11362,neuro,Inverse-Variance Weighted,11,21.366639924811185,0.23760509010220415,0.2879632589726086,1.2682082659242453,0.7212258844542823,2.230025627790032,0.4093017986109131,4.888272734503798,0.8985153607530247
genus.RuminococcaceaeUCG004.id.11362,neuro,MR Egger,11,21.366639924811185,0.798112227443399,1.5969407523978252,2.2213435764735467,0.0971118718248979,50.81116440261215,0.6292230767128459,4.760939762364979,0.854629962854734
genus.RuminococcaceaeUCG004.id.11362,neuro,Egger Intercept,11,21.366639924811185,-0.047863691082401426,0.13413303417697378,0.9532637165674208,0.7328864956951364,1.2399078420213308,0.7294368339034953,4.760939762364979,0.854629962854734
genus.RuminococcaceaeUCG004.id.11362,neuro,Weighted mode,11,21.366639924811185,-0.3600813054029177,0.7488361105841461,0.6976196035221898,0.16076685290329848,3.027198097304249,0.6409670119256878,,
genus.RuminococcaceaeUCG004.id.11362,neuro,Weighted Median,11,21.366639924811185,0.17596980229737919,0.3956778661646289,1.1924020503044679,0.5490538167635074,2.5895870425807765,0.656514914121556,,
genus.RuminococcaceaeUCG005.id.11363,adeno,Inverse-Variance Weighted,14,21.477492887044612,0.004228459287398751,0.07958399885411167,1.0042374118354187,0.8591977461159015,1.173760969333199,0.9576267125114979,14.665511609458909,0.32869687995388086
genus.RuminococcaceaeUCG005.id.11363,adeno,MR Egger,14,21.477492887044612,0.14329771242596936,0.221591877378397,1.154073332498339,0.7474989583457269,1.7817887796544718,0.530017830352846,14.12959091379464,0.29250952753876003
genus.RuminococcaceaeUCG005.id.11363,adeno,Egger Intercept,14,21.477492887044612,-0.012531483665734864,0.018574896354884584,0.9875467084139724,0.9522398996350558,1.0241626103600927,0.5126890293731325,14.12959091379464,0.29250952753876003
genus.RuminococcaceaeUCG005.id.11363,adeno,Weighted mode,14,21.477492887044612,-0.08672146156829885,0.15903017436518344,0.9169324609966293,0.6713795837831124,1.2522947648955352,0.5947702113417708,,
genus.RuminococcaceaeUCG005.id.11363,adeno,Weighted Median,14,21.477492887044612,-0.05819654335574563,0.11756616746947963,0.9434644975345501,0.7492922148253925,1.1879547665066117,0.6205923724304923,,
genus.RuminococcaceaeUCG005.id.11363,neuro,Inverse-Variance Weighted,14,21.477492887044612,-0.2749670281486705,0.3308154635168778,0.7595971681369758,0.397180144535563,1.4527107303322164,0.40587223967341335,16.380245065254798,0.22920492270714052
genus.RuminococcaceaeUCG005.id.11363,neuro,MR Egger,14,21.477492887044612,0.7939001702161174,0.8718491022466947,2.212006827472473,0.40054703839776523,12.215729329462281,0.38043719760085315,14.305836907839456,0.28160597541950383
genus.RuminococcaceaeUCG005.id.11363,neuro,Egger Intercept,14,21.477492887044612,-0.09672263409570274,0.07332414732828399,0.907807766138821,0.7862834227105512,1.0481143522280918,0.2117496874218179,14.305836907839456,0.28160597541950383
genus.RuminococcaceaeUCG005.id.11363,neuro,Weighted mode,14,21.477492887044612,-0.19703267704113703,0.6416427860887193,0.8211637996709762,0.23348147580174666,2.888066316929759,0.7636496463742257,,
genus.RuminococcaceaeUCG005.id.11363,neuro,Weighted Median,14,21.477492887044612,-0.15896668734569536,0.39837102360138454,0.8530247750152653,0.39071616879639276,1.8623525845664,0.6898624103478199,,
genus.RuminococcaceaeUCG009.id.11366,adeno,Inverse-Variance Weighted,11,21.883811567817823,0.024354208382296814,0.06352414292229058,1.0246531943702752,0.9046988874051914,1.1605122802179146,0.7014342669619147,8.60676293102346,0.5697846009653436
genus.RuminococcaceaeUCG009.id.11366,adeno,MR Egger,11,21.883811567817823,0.17578756584102936,0.2442173446782044,1.1921847709789848,0.7386888935215631,1.9240908325809625,0.48991741245014275,8.194366174983415,0.5146838350935984
genus.RuminococcaceaeUCG009.id.11366,adeno,Egger Intercept,11,21.883811567817823,-0.015360993354540615,0.023920027855497815,0.9847563849196875,0.9396533503545562,1.0320243494839678,0.536767982608778,8.194366174983415,0.5146838350935984
genus.RuminococcaceaeUCG009.id.11366,adeno,Weighted mode,11,21.883811567817823,0.12015181714545031,0.12396407333028453,1.1276680379270692,0.8844248196342006,1.4378104000837924,0.3552799714474323,,
genus.RuminococcaceaeUCG009.id.11366,adeno,Weighted Median,11,21.883811567817823,0.06124144480687639,0.07297635835013647,1.063155576593916,0.9214634027210558,1.2266355632844435,0.4013595100636763,,
genus.RuminococcaceaeUCG009.id.11366,neuro,Inverse-Variance Weighted,11,21.883811567817823,-0.3842978098536944,0.2506126345046264,0.6809286097308885,0.4166542351317628,1.1128262536522917,0.12516907935663263,5.182094366630155,0.8786865558034173
genus.RuminococcaceaeUCG009.id.11366,neuro,MR Egger,11,21.883811567817823,-1.1162576208388038,0.9634529098238198,0.32750314501987965,0.04955731878373911,2.164328350086329,0.2764365806953813,4.563023866517649,0.8706178988297448
genus.RuminococcaceaeUCG009.id.11366,neuro,Egger Intercept,11,21.883811567817823,0.0743451120501584,0.09448924211108749,1.077178488632965,0.8950695963124469,1.2963388558319004,0.45161311238065605,4.563023866517649,0.8706178988297448
genus.RuminococcaceaeUCG009.id.11366,neuro,Weighted mode,11,21.883811567817823,-0.6208260673389623,0.48636000166474247,0.5375002427572841,0.20719566914981585,1.3943655876090795,0.23063445161919444,,
genus.RuminococcaceaeUCG009.id.11366,neuro,Weighted Median,11,21.883811567817823,-0.4952875204016083,0.3279515100186617,0.6093956684178183,0.3204360738640465,1.1589303170777214,0.13098061508935424,,
genus.RuminococcaceaeUCG010.id.11367,adeno,Inverse-Variance Weighted,6,21.44170390921888,0.23386914141274842,0.11514364156537603,1.2634791442935724,1.0082212140398839,1.583362386978764,0.04224406663868399,5.974803126934695,0.3086784111433903
genus.RuminococcaceaeUCG010.id.11367,adeno,MR Egger,6,21.44170390921888,0.4148789301734647,0.33893615015585554,1.5141874071874644,0.7792402097224388,2.9423064614462926,0.28809517103089327,5.5206251548497445,0.23792245179864036
genus.RuminococcaceaeUCG010.id.11367,adeno,Egger Intercept,6,21.44170390921888,-0.013830050379029008,0.024108759411239727,0.986265145408222,0.940744948829093,1.0339879456783743,0.59691531657004,5.5206251548497445,0.23792245179864036
genus.RuminococcaceaeUCG010.id.11367,adeno,Weighted mode,6,21.44170390921888,0.30728522528754587,0.16669852104425872,1.359728741789278,0.9807439369567994,1.885163070173834,0.12460818227652903,,
genus.RuminococcaceaeUCG010.id.11367,adeno,Weighted Median,6,21.44170390921888,0.2486839464391118,0.13504319314855093,1.2823366819422666,0.9841266192269307,1.6709103622727235,0.06554625392265803,,
genus.RuminococcaceaeUCG010.id.11367,neuro,Inverse-Variance Weighted,6,21.44170390921888,-0.741155290214676,0.417102125195186,0.4765630287614607,0.21041459017234415,1.0793563326396527,0.07558212052384293,1.1341485898555426,0.9510367401557362
genus.RuminococcaceaeUCG010.id.11367,neuro,MR Egger,6,21.44170390921888,-0.4295710649326439,1.1448172589117933,0.6507881807362873,0.06901627777671486,6.136599507093937,0.7265376368893213,1.0487342274710956,0.9023184276621905
genus.RuminococcaceaeUCG010.id.11367,neuro,Egger Intercept,6,21.44170390921888,-0.02377187537469032,0.08133884349563746,0.9765084499749414,0.8326049419911656,1.145283561003149,0.7846219504193273,1.0487342274710956,0.9023184276621905
genus.RuminococcaceaeUCG010.id.11367,neuro,Weighted mode,6,21.44170390921888,-0.500038230691009,0.7835513080934875,0.6065074720696372,0.13057613732698273,2.8171404148305093,0.551441707100254,,
genus.RuminococcaceaeUCG010.id.11367,neuro,Weighted Median,6,21.44170390921888,-0.5788180550500062,0.5633688564349564,0.5605605268536921,0.18581178732891326,1.6911096372495489,0.30422138062661297,,
genus.RuminococcaceaeUCG011.id.11368,adeno,Inverse-Variance Weighted,8,22.73902193123661,0.020964788030559588,0.05104282324354623,1.0211860930309449,0.923966793712514,1.12863475581166,0.6812709684343918,5.613774415533982,0.5854983516666407
genus.RuminococcaceaeUCG011.id.11368,adeno,MR Egger,8,22.73902193123661,0.04109571485008956,0.2553570876736498,1.0419518310361064,0.6316598909052911,1.718747119820333,0.8774271345592851,5.607300899663863,0.46858395998772584
genus.RuminococcaceaeUCG011.id.11368,adeno,Egger Intercept,8,22.73902193123661,-0.0027209655929141645,0.033818391041431535,0.9972827328787329,0.9333220022247591,1.0656267043178147,0.9384894594378169,5.607300899663863,0.46858395998772584
genus.RuminococcaceaeUCG011.id.11368,adeno,Weighted mode,8,22.73902193123661,0.08035828217169727,0.09399190838345946,1.083675259655117,0.9013461974595276,1.3028868060890846,0.4208743754567651,,
genus.RuminococcaceaeUCG011.id.11368,adeno,Weighted Median,8,22.73902193123661,0.038347177967879405,0.0632110797609528,1.039091920084804,0.9180104193573474,1.1761435334703245,0.5440813580136229,,
genus.RuminococcaceaeUCG011.id.11368,neuro,Inverse-Variance Weighted,8,22.73902193123661,0.11633754352372483,0.23042397207169862,1.123374996098883,0.7151282070972709,1.7646785140563106,0.6136398040743717,9.136310328886097,0.2430171626036366
genus.RuminococcaceaeUCG011.id.11368,neuro,MR Egger,8,22.73902193123661,0.7823845597658128,1.2126402576693214,2.186680323487709,0.203032270363576,23.55079233742404,0.5426719073306523,8.68159892858116,0.1922923425131012
genus.RuminococcaceaeUCG011.id.11368,neuro,Egger Intercept,8,22.73902193123661,-0.09005788014225528,0.16064900225932519,0.913878288335069,0.667023551182595,1.2520900115288585,0.5953756947677797,8.68159892858116,0.1922923425131012
genus.RuminococcaceaeUCG011.id.11368,neuro,Weighted mode,8,22.73902193123661,0.5492686807979505,0.5024183893990621,1.7319859200363792,0.6469596427296102,4.63672697503635,0.31047303979010343,,
genus.RuminococcaceaeUCG011.id.11368,neuro,Weighted Median,8,22.73902193123661,0.18079238163318267,0.2777041201828034,1.1981663921181929,0.6952333781220358,2.064922008030421,0.5150302168919367,,
genus.RuminococcaceaeUCG013.id.11370,adeno,Inverse-Variance Weighted,11,21.410880777855255,-0.03553122330227967,0.12948550787149143,0.9650926003815742,0.7487704492572704,1.2439109051848376,0.783774869637188,20.390582407896936,0.025767512073925563
genus.RuminococcaceaeUCG013.id.11370,adeno,MR Egger,11,21.410880777855255,0.17883469324384332,0.38471202722000636,1.1958230501988936,0.5625918439450959,2.541794344829749,0.6530777429198221,19.620432548102105,0.02040491745042435
genus.RuminococcaceaeUCG013.id.11370,adeno,Egger Intercept,11,21.410880777855255,-0.0175144079453903,0.029467335973831266,0.9826380777673174,0.9274926709670367,1.041062233808816,0.5669057755774669,19.620432548102105,0.02040491745042435
genus.RuminococcaceaeUCG013.id.11370,adeno,Weighted mode,11,21.410880777855255,0.0843724230199665,0.17948595416395927,1.0880340272818945,0.7653515202185317,1.5467638245302515,0.6483831589162634,,
genus.RuminococcaceaeUCG013.id.11370,adeno,Weighted Median,11,21.410880777855255,0.04899462536569336,0.14504860914308212,1.0502147062048701,0.7903332013714617,1.3955518093065507,0.7355284310251978,,
genus.RuminococcaceaeUCG013.id.11370,neuro,Inverse-Variance Weighted,11,21.410880777855255,-0.146353745879105,0.6074338376741433,0.8638520650205521,0.2626523281036041,2.841171809244024,0.8096033587570977,28.822244248073694,0.0013313201714037727
genus.RuminococcaceaeUCG013.id.11370,neuro,MR Egger,11,21.410880777855255,0.6300097433917436,1.8096903651112544,1.8776288736488835,0.05409663080578948,65.17023582885817,0.7357457845853645,28.165986551470482,0.0008948105295326839
genus.RuminococcaceaeUCG013.id.11370,neuro,Egger Intercept,11,21.410880777855255,-0.06331628437068988,0.13826728816229336,0.9386465475024754,0.7158245605797577,1.2308285991538686,0.6578603097910398,28.165986551470482,0.0008948105295326839
genus.RuminococcaceaeUCG013.id.11370,neuro,Weighted mode,11,21.410880777855255,-0.4747092448934307,0.7410865548247652,0.6220658990100592,0.14554952207870442,2.6586551242809655,0.5362110477968685,,
genus.RuminococcaceaeUCG013.id.11370,neuro,Weighted Median,11,21.410880777855255,-0.4185033166646357,0.5571388567786527,0.6580309471205884,0.22080054948983488,1.961067254446996,0.4525532452347053,,
genus.RuminococcaceaeUCG014.id.11371,adeno,Inverse-Variance Weighted,11,20.95273971744372,0.04832235727707649,0.07997688752814125,1.0495089176378394,0.8972395979506433,1.2276196578006362,0.5457080058766037,2.9947254984882603,0.9815479173392216
genus.RuminococcaceaeUCG014.id.11371,adeno,MR Egger,11,20.95273971744372,-0.0044005994753512035,0.19003672236030097,0.9956090689749948,0.686003482113769,1.4449451702066811,0.9820306659905295,2.9011881609325285,0.9680838599610462
genus.RuminococcaceaeUCG014.id.11371,adeno,Egger Intercept,11,20.95273971744372,0.004978699868546978,0.016278839618107135,1.0049911141885781,0.973431495645095,1.0375739269959268,0.7666835303399988,2.9011881609325285,0.9680838599610462
genus.RuminococcaceaeUCG014.id.11371,adeno,Weighted mode,11,20.95273971744372,-0.02946333424112635,0.13242507680180585,0.9709664782112938,0.74899985820851,1.2587130577901773,0.8284104170891318,,
genus.RuminococcaceaeUCG014.id.11371,adeno,Weighted Median,11,20.95273971744372,-0.03038383537230272,0.10342487615297138,0.9700731137043662,0.7920770610209303,1.188068550702818,0.7689284182193683,,
genus.RuminococcaceaeUCG014.id.11371,neuro,Inverse-Variance Weighted,11,20.95273971744372,-0.6399028107106599,0.31560640437347354,0.5273436737094347,0.2840822803376742,0.9789112853881969,0.04260780014564664,9.478362476796631,0.48738461989535753
genus.RuminococcaceaeUCG014.id.11371,neuro,MR Egger,11,20.95273971744372,0.306408916387468,0.7472416687284106,1.3585377213182928,0.3140557521175857,5.876742354821378,0.6913558204055332,7.526360129459752,0.5824886716400952
genus.RuminococcaceaeUCG014.id.11371,neuro,Egger Intercept,11,20.95273971744372,-0.08961319772837396,0.0641404211244067,0.9142847643079799,0.8062765968040114,1.0367616194729905,0.19585864965389077,7.526360129459752,0.5824886716400952
genus.RuminococcaceaeUCG014.id.11371,neuro,Weighted mode,11,20.95273971744372,-0.22481794962843704,0.48349827898720604,0.7986616021668513,0.30959986403089385,2.0602733685699297,0.6519044394232223,,
genus.RuminococcaceaeUCG014.id.11371,neuro,Weighted Median,11,20.95273971744372,-0.34204923676369303,0.45683385993234954,0.710313230323502,0.2901249455018916,1.7390606805622606,0.4540146520765731,,
genus.Ruminococcus1.id.11373,adeno,Inverse-Variance Weighted,10,21.57549955528882,0.04192281263089822,0.11052017692392427,1.042813983576343,0.8397116380309596,1.2950410058533302,0.704448240055275,13.321994296416747,0.1485693893579517
genus.Ruminococcus1.id.11373,adeno,MR Egger,10,21.57549955528882,-0.2742869579816586,0.2884600734421648,0.7601139232049088,0.43185357198757107,1.337891391266729,0.3695111775501476,11.340030986433232,0.18316677328857514
genus.Ruminococcus1.id.11373,adeno,Egger Intercept,10,21.57549955528882,0.02633870794813461,0.02227454228472423,1.0266886371893278,0.9828297236680891,1.0725047608446723,0.27097389286989126,11.340030986433232,0.18316677328857514
genus.Ruminococcus1.id.11373,adeno,Weighted mode,10,21.57549955528882,-0.12992880476106994,0.17303399918071416,0.8781579493600503,0.6255803856178017,1.2327134957447174,0.47189683136636096,,
genus.Ruminococcus1.id.11373,adeno,Weighted Median,10,21.57549955528882,-0.018878723601074884,0.1295886219297309,0.981298363358426,0.7611898920746484,1.265054210461706,0.8841724683427877,,
genus.Ruminococcus1.id.11373,neuro,Inverse-Variance Weighted,10,21.57549955528882,0.29904804053671635,0.493646789754572,1.3485744081551225,0.5124768870721997,3.5487511343603666,0.544651854240708,17.103077084449982,0.047126056301276545
genus.Ruminococcus1.id.11373,neuro,MR Egger,10,21.57549955528882,-0.6295327218037461,1.3478972390226156,0.5328407276974894,0.03795282604636882,7.480845846533593,0.6529219759177112,15.998026672150324,0.04240836508575668
genus.Ruminococcus1.id.11373,neuro,Egger Intercept,10,21.57549955528882,0.07751525589627059,0.104275997833107,1.0805987178347594,0.8808519631987117,1.3256411267402777,0.47851995831668426,15.998026672150324,0.04240836508575668
genus.Ruminococcus1.id.11373,neuro,Weighted mode,10,21.57549955528882,0.22002635339309418,0.8712089679999259,1.2461095693699922,0.22592702639985232,6.8729672745185235,0.8062871977303068,,
genus.Ruminococcus1.id.11373,neuro,Weighted Median,10,21.57549955528882,0.3314074570187291,0.5115825560070464,1.3929272346745032,0.5110466748394469,3.796612670863217,0.5171089070895849,,
genus.Ruminococcus2.id.11374,adeno,Inverse-Variance Weighted,15,21.149858278274124,-0.1731799325234851,0.0695013947613379,0.8409862804463843,0.7338851997166731,0.9637173827351903,0.012711633876132056,10.292350636799652,0.7405121837508629
genus.Ruminococcus2.id.11374,adeno,MR Egger,15,21.149858278274124,-0.07217337951190385,0.16758482413404815,0.9303695748039614,0.6698914230929369,1.2921311064477046,0.6737643432568896,9.853620822405924,0.7058582693878297
genus.Ruminococcus2.id.11374,adeno,Egger Intercept,15,21.149858278274124,-0.008858636700001858,0.01337421551016235,0.9911804854139936,0.9655357994858598,1.017506295663673,0.5193067984667226,9.853620822405924,0.7058582693878297
genus.Ruminococcus2.id.11374,adeno,Weighted mode,15,21.149858278274124,-0.2015213321931133,0.12710123969908288,0.8174861386019177,0.6372203518194397,1.0487480271120342,0.1351708915546029,,
genus.Ruminococcus2.id.11374,adeno,Weighted Median,15,21.149858278274124,-0.17173693607783078,0.11211724794320886,0.8422006966483186,0.6760510134881708,1.0491841581231862,0.12558118495372475,,
genus.Ruminococcus2.id.11374,neuro,Inverse-Variance Weighted,15,21.149858278274124,-0.27201718511075984,0.27410081139555076,0.7618411686524756,0.44518970893571586,1.303718290436894,0.3210032575107482,6.129898917088027,0.9631103303090471
genus.Ruminococcus2.id.11374,neuro,MR Egger,15,21.149858278274124,-0.018846350738865574,0.6589067687379981,0.9813301313093362,0.26973814673829777,3.570161796766248,0.9776160896538812,5.9513733641970585,0.947904780967343
genus.Ruminococcus2.id.11374,neuro,Egger Intercept,15,21.149858278274124,-0.02225368522639041,0.05266859672309123,0.9779921014309644,0.8820697585259372,1.0843457007978003,0.6795482300525684,5.9513733641970585,0.947904780967343
genus.Ruminococcus2.id.11374,neuro,Weighted mode,15,21.149858278274124,0.010038666005385277,0.5173806064002735,1.0100892224444205,0.3664008513837884,2.7846011641214123,0.9847935435652431,,
genus.Ruminococcus2.id.11374,neuro,Weighted Median,15,21.149858278274124,-0.053424217403332586,0.3766437091089756,0.9479777784993905,0.45309843230032754,1.9833700681025062,0.8872041362599283,,
genus.Sellimonas.id.14369,adeno,Inverse-Variance Weighted,7,22.019476010316602,0.06051563615619691,0.05042590228845389,1.0623842090458886,0.9624057570867968,1.1727488113189533,0.23010427271872524,1.8768728029874884,0.9306669851089024
genus.Sellimonas.id.14369,adeno,MR Egger,7,22.019476010316602,0.2198122400154483,0.2661914859283535,1.2458427892027981,0.7393949425771068,2.0991815956960598,0.44653331518820333,1.5054264493588136,0.9124427554429421
genus.Sellimonas.id.14369,adeno,Egger Intercept,7,22.019476010316602,-0.02392193221985742,0.039250772252273705,0.9763619291911573,0.9040655177452017,1.0544397480742629,0.5688463827106158,1.5054264493588136,0.9124427554429421
genus.Sellimonas.id.14369,adeno,Weighted mode,7,22.019476010316602,0.027576256205425143,0.07427150324644478,1.0279600004474934,0.8886997050228346,1.1890425489596164,0.7231793513808392,,
genus.Sellimonas.id.14369,adeno,Weighted Median,7,22.019476010316602,0.03887290532047167,0.06287043907187423,1.0396383427511358,0.919106611438815,1.1759766171481623,0.5363764189958169,,
genus.Sellimonas.id.14369,neuro,Inverse-Variance Weighted,7,22.019476010316602,0.36235530364861746,0.19915334967570333,1.4367093193486757,0.9724026982429976,2.12271487114644,0.06883840972863149,3.9290279216338835,0.6862804256348556
genus.Sellimonas.id.14369,neuro,MR Egger,7,22.019476010316602,0.8720454818492518,1.0554541191006341,2.391798233170056,0.3022065389400173,18.92976508139309,0.4462951734312381,3.687215655714262,0.5952676086721211
genus.Sellimonas.id.14369,neuro,Egger Intercept,7,22.019476010316602,-0.07651213190519064,0.15559338881838958,0.9263416759312644,0.6828533383719947,1.256651834803912,0.643726120944651,3.687215655714262,0.5952676086721211
genus.Sellimonas.id.14369,neuro,Weighted mode,7,22.019476010316602,0.09067340231063015,0.4249705156799453,1.0949113513397604,0.47603266249301684,2.5183794343318753,0.8381082801875409,,
genus.Sellimonas.id.14369,neuro,Weighted Median,7,22.019476010316602,0.25505547331112977,0.2645570759849094,1.2905332090374835,0.7683757592591212,2.1675279881739904,0.3350033792508005,,
genus.Senegalimassilia.id.11160,adeno,Inverse-Variance Weighted,5,21.227848423799557,0.0257465897838798,0.10032729387919342,1.0260808961432266,0.8429101534317184,1.249056024706404,0.7974675198826768,3.849562394298365,0.4267480342450042
genus.Senegalimassilia.id.11160,adeno,MR Egger,5,21.227848423799557,0.6408754187779491,0.3852179116493275,1.8981418211824976,0.8921226212733419,4.038617884366016,0.19476630048624488,1.1141403294659311,0.7736616951252618
genus.Senegalimassilia.id.11160,adeno,Egger Intercept,5,21.227848423799557,-0.05759334450242195,0.03482251437111156,0.94403376591137,0.8817510908984022,1.0107157908619926,0.19671798944871255,1.1141403294659311,0.7736616951252618
genus.Senegalimassilia.id.11160,adeno,Weighted mode,5,21.227848423799557,0.017898155616606848,0.21809922939086737,1.0180592874894252,0.6639314757588287,1.5610718134110002,0.9385379937234715,,
genus.Senegalimassilia.id.11160,adeno,Weighted Median,5,21.227848423799557,0.02413236600433488,0.14431173488808063,1.0244259080808475,0.772040218064139,1.3593183575056755,0.8671939076241268,,
genus.Senegalimassilia.id.11160,neuro,Inverse-Variance Weighted,5,21.227848423799557,-0.034337843958361605,0.5158727058869103,0.9662450094496592,0.3515341745737043,2.655870995810175,0.9469298968162022,6.780559354792281,0.1479491353283864
genus.Senegalimassilia.id.11160,neuro,MR Egger,5,21.227848423799557,0.4340057032054945,2.2574447410703167,1.543427670576557,0.018488876661061457,128.8433590623897,0.8598202504666597,6.677698207116495,0.0829118837186836
genus.Senegalimassilia.id.11160,neuro,Egger Intercept,5,21.227848423799557,-0.043908034648633985,0.2042542405989708,0.9570419681268901,0.6413074177064948,1.4282219470216417,0.8435768275956841,6.677698207116495,0.0829118837186836
genus.Senegalimassilia.id.11160,neuro,Weighted mode,5,21.227848423799557,-0.613612539762117,0.646957154244855,0.5413915336745563,0.15233875873195205,1.924032959006981,0.39660261148845405,,
genus.Senegalimassilia.id.11160,neuro,Weighted Median,5,21.227848423799557,-0.4882589465454692,0.5818206118165438,0.6136939385405745,0.19619870236593617,1.9195858365005727,0.4013618230302807,,
genus.Slackia.id.825,adeno,Inverse-Variance Weighted,6,21.60998420302716,0.13323617778963553,0.1283132572361584,1.1425198042705422,0.8884669706212807,1.469217817109849,0.29909949601983465,11.941757469965772,0.035594611879101234
genus.Slackia.id.825,adeno,MR Egger,6,21.60998420302716,-0.87762950288068,0.7813137156190186,0.4157673196860651,0.08990476051179172,1.9227287090794531,0.3241783877231746,8.359088361085897,0.07927542288411123
genus.Slackia.id.825,adeno,Egger Intercept,6,21.60998420302716,0.10168697873397725,0.07766251613026695,1.1070368913979771,0.9507239301196991,1.2890499966291986,0.26056316044055006,8.359088361085897,0.07927542288411123
genus.Slackia.id.825,adeno,Weighted mode,6,21.60998420302716,-0.07496096321967805,0.14700747133142972,0.9277797031541134,0.6955199337255541,1.2375995796036938,0.6318163022668686,,
genus.Slackia.id.825,adeno,Weighted Median,6,21.60998420302716,0.00011575101349439038,0.1244582100796235,1.0001157577129014,0.7836268404594416,1.2764130542532381,0.9992579361924686,,
genus.Slackia.id.825,neuro,Inverse-Variance Weighted,6,21.60998420302716,0.11007238696470534,0.3288459342547287,1.116358877364807,0.5859823295715343,2.1267828058611693,0.7378338449139277,3.2853823511473723,0.6560803700490608
genus.Slackia.id.825,neuro,MR Egger,6,21.60998420302716,2.831031216164788,2.148860393036916,16.96294427071989,0.25139367199934215,1144.585207905717,0.2580804150852784,1.6435860496558865,0.8009379262523062
genus.Slackia.id.825,neuro,Egger Intercept,6,21.60998420302716,-0.27363011351541927,0.21355230044041504,0.7606133638385287,0.5004775069584853,1.1559614192566532,0.26931702082280967,1.6435860496558865,0.8009379262523062
genus.Slackia.id.825,neuro,Weighted mode,6,21.60998420302716,0.6143363479753927,0.582382356236541,1.8484294784469457,0.5902948800476371,5.788109726643605,0.3397678295030059,,
genus.Slackia.id.825,neuro,Weighted Median,6,21.60998420302716,0.11031605893747368,0.37692302066517686,1.1166309358799433,0.5334163253131069,2.337507473608402,0.7697703497242794,,
genus.Streptococcus.id.1853,adeno,Inverse-Variance Weighted,16,22.386523118521346,-0.015922012494592935,0.10678765246452772,0.9842040726828133,0.7983359251108713,1.213345944003348,0.8814749216122403,27.30006042645286,0.026384551589949234
genus.Streptococcus.id.1853,adeno,MR Egger,16,22.386523118521346,-0.047882401891215315,0.4012590358922408,0.9532458803991359,0.4341565427920323,2.0929725086123936,0.9067090341539923,27.286680503206956,0.017665667260255147
genus.Streptococcus.id.1853,adeno,Egger Intercept,16,22.386523118521346,0.0025809623588883886,0.031150584123768112,1.0025842959095435,0.9432025911958742,1.0657045260339948,0.9351403223168053,27.286680503206956,0.017665667260255147
genus.Streptococcus.id.1853,adeno,Weighted mode,16,22.386523118521346,-0.001962987167926089,0.2562034093986191,0.9980389382313339,0.604035885586691,1.6490439491992253,0.9939877756658828,,
genus.Streptococcus.id.1853,adeno,Weighted Median,16,22.386523118521346,0.043270068064963224,0.13273883765303138,1.0442198672119678,0.8050120330919533,1.354507866040343,0.7444402749607613,,
genus.Streptococcus.id.1853,neuro,Inverse-Variance Weighted,16,22.386523118521346,0.24390630794643375,0.4022201870215532,1.276224752769902,0.5801635348095238,2.807397435134112,0.5442491906943585,24.991859352159594,0.05005286818539946
genus.Streptococcus.id.1853,neuro,MR Egger,16,22.386523118521346,-1.2311968878198511,1.4631250236069748,0.29194294553176914,0.01659055147221707,5.137302613990553,0.4142195933209585,23.172877019505506,0.057514193054777334
genus.Streptococcus.id.1853,neuro,Egger Intercept,16,22.386523118521346,0.11925475452178447,0.11375943407795269,1.1266569026719715,0.9014833224653548,1.4080746084874833,0.3122586877934527,23.172877019505506,0.057514193054777334
genus.Streptococcus.id.1853,neuro,Weighted mode,16,22.386523118521346,0.01006669622126033,0.6067662177006903,1.0101175358601924,0.3075261697520413,3.3178881559087032,0.9869817840135691,,
genus.Streptococcus.id.1853,neuro,Weighted Median,16,22.386523118521346,-0.00528542907983831,0.4565110293427028,0.9947285142241764,0.40655053247382633,2.4338544362239656,0.9907623961430284,,
genus.Subdoligranulum.id.2070,adeno,Inverse-Variance Weighted,11,21.386566161671908,-0.07008210554236093,0.10151498500098395,0.9323172683483675,0.7641039215121068,1.1375618739666284,0.489966459084628,12.709446402416443,0.24037371226838386
genus.Subdoligranulum.id.2070,adeno,MR Egger,11,21.386566161671908,0.08883130704414585,0.2688378390328073,1.0928962768716224,0.6452671528592174,1.8510507883553304,0.7486393546646415,12.153361221666726,0.20480098985169579
genus.Subdoligranulum.id.2070,adeno,Egger Intercept,11,21.386566161671908,-0.012590066807683315,0.019619336779238192,0.9874888565195621,0.9502368906483809,1.026201204506955,0.537055854575083,12.153361221666726,0.20480098985169579
genus.Subdoligranulum.id.2070,adeno,Weighted mode,11,21.386566161671908,-0.021962660248705745,0.19156093067896546,0.9782767629802606,0.6720503038241301,1.4240383785877766,0.9109911056458575,,
genus.Subdoligranulum.id.2070,adeno,Weighted Median,11,21.386566161671908,-0.01576195885765865,0.1488983664228625,0.9843616107310641,0.735207315933809,1.317951766367205,0.9156956808739242,,
genus.Subdoligranulum.id.2070,neuro,Inverse-Variance Weighted,11,21.386566161671908,0.5505375868160887,0.3757076563560708,1.7341850423383343,0.8303986272907294,3.621631421624563,0.14282953595453093,11.124598349146805,0.3478934371765967
genus.Subdoligranulum.id.2070,neuro,MR Egger,11,21.386566161671908,1.360010455466639,0.9758260301863014,3.896234038527261,0.575446761301202,26.38061538247595,0.19686102966921215,10.205437344730292,0.33411145313883944
genus.Subdoligranulum.id.2070,neuro,Egger Intercept,11,21.386566161671908,-0.06407292098875428,0.07116611915038805,0.9379366017725537,0.8158224654631396,1.0783290558752006,0.3913993962552046,10.205437344730292,0.33411145313883944
genus.Subdoligranulum.id.2070,neuro,Weighted mode,11,21.386566161671908,0.8075888776039069,0.7131351943633043,2.2424945342562213,0.5542407591430213,9.073280254495602,0.2838687989266724,,
genus.Subdoligranulum.id.2070,neuro,Weighted Median,11,21.386566161671908,0.5872150820348621,0.509537589996532,1.7989714448192002,0.6626697057129249,4.8837274910479715,0.24913742478670098,,
genus.Sutterella.id.2896,adeno,Inverse-Variance Weighted,12,21.047299476946147,-0.13129515094624933,0.08207066780386858,0.8769589009401166,0.7466537964538885,1.0300046923897108,0.10964702398519224,9.256130692463653,0.598263298149053
genus.Sutterella.id.2896,adeno,MR Egger,12,21.047299476946147,-0.03990215987567422,0.3553363174306621,0.9608834475093204,0.4788531321559964,1.9281423419751458,0.9128124076605979,9.186250349989926,0.5145237973217576
genus.Sutterella.id.2896,adeno,Egger Intercept,12,21.047299476946147,-0.006286763247505525,0.023782066723634563,0.993732957101197,0.9484752213124709,1.0411502249501154,0.796879350171953,9.186250349989926,0.5145237973217576
genus.Sutterella.id.2896,adeno,Weighted mode,12,21.047299476946147,-0.1036526205268472,0.1621629818542507,0.901538418973066,0.6560671942915578,1.2388540807349955,0.5357842084235616,,
genus.Sutterella.id.2896,adeno,Weighted Median,12,21.047299476946147,-0.10422952611962966,0.12162531942630654,0.901018466413243,0.7099113668263675,1.143571317144769,0.3914602098234966,,
genus.Sutterella.id.2896,neuro,Inverse-Variance Weighted,12,21.047299476946147,-0.23741949602084128,0.3245881626725246,0.7886603787242265,0.41744090281296165,1.4899958024672217,0.4645053042131445,3.3529410985895454,0.9851916505724245
genus.Sutterella.id.2896,neuro,MR Egger,12,21.047299476946147,-0.31572770657981186,1.4108537105655217,0.7292579952888687,0.04591327540201311,11.583081778335112,0.8274303371783106,3.3496882149952665,0.9719573318448553
genus.Sutterella.id.2896,neuro,Egger Intercept,12,21.047299476946147,0.0053819394964322795,0.09436361065891483,1.005396448149357,0.8356288386451907,1.2096543000959534,0.9556415935961499,3.3496882149952665,0.9719573318448553
genus.Sutterella.id.2896,neuro,Weighted mode,12,21.047299476946147,-0.25752391858747625,0.48952834725453864,0.772963137905946,0.2961173415060546,2.0176866694893993,0.6092852160074089,,
genus.Sutterella.id.2896,neuro,Weighted Median,12,21.047299476946147,-0.2531626414352576,0.3735566186262426,0.7763416062421059,0.3733146631830641,1.6144725857902373,0.4979562885129073,,
genus.Terrisporobacter.id.11348,adeno,Inverse-Variance Weighted,5,21.13300325491059,0.008397667189175798,0.11476912871998227,1.0084330265055717,0.8052924101466025,1.2628172774682613,0.9416707692922,5.907562393788335,0.20615874280044744
genus.Terrisporobacter.id.11348,adeno,MR Egger,5,21.13300325491059,0.04709941109673975,0.3985014486778919,1.0482262092173344,0.4800027584566967,2.289108065176398,0.9133855315323622,5.88676226404059,0.11725135452376766
genus.Terrisporobacter.id.11348,adeno,Egger Intercept,5,21.13300325491059,-0.004069088199630968,0.0395222538024819,0.9959391793221972,0.9217025644771498,1.0761550278116452,0.9244935731654224,5.88676226404059,0.11725135452376766
genus.Terrisporobacter.id.11348,adeno,Weighted mode,5,21.13300325491059,-0.07874285655882923,0.16103008994974347,0.9242775658036867,0.6741100969223126,1.2672841165683362,0.650446015785972,,
genus.Terrisporobacter.id.11348,adeno,Weighted Median,5,21.13300325491059,-0.041711838615937524,0.11706539362430352,0.9591461296302413,0.762494479810493,1.2065153549876382,0.7216067055774495,,
genus.Terrisporobacter.id.11348,neuro,Inverse-Variance Weighted,5,21.13300325491059,0.21515435546949455,0.3742511663726603,1.2400532912022701,0.5954856840935522,2.5823159247939214,0.5653637011039705,2.8278454352760454,0.5870357197106346
genus.Terrisporobacter.id.11348,neuro,MR Egger,5,21.13300325491059,0.2155281917621941,1.1325314926765415,1.2405169547891413,0.13476354781392058,11.419128837749131,0.8612184492064692,2.8278453129602568,0.4189365723278916
genus.Terrisporobacter.id.11348,neuro,Egger Intercept,5,21.13300325491059,-3.9190266636664803e-05,0.11205647535404499,0.9999608105012918,0.8027837676278986,1.2455678139743827,0.999742906711275,2.8278453129602568,0.4189365723278916
genus.Terrisporobacter.id.11348,neuro,Weighted mode,5,21.13300325491059,-0.03849068452894766,0.7161336814640293,0.962240668423159,0.23642772975093795,3.9162373421376335,0.9597133142152386,,
genus.Terrisporobacter.id.11348,neuro,Weighted Median,5,21.13300325491059,0.003681516879063776,0.48575381914876237,1.0036883019862697,0.38736186597179756,2.6006437288729543,0.9939529093931943,,
genus.Turicibacter.id.2162,adeno,Inverse-Variance Weighted,11,22.107983558212705,-0.057827328578095485,0.06934474043347551,0.943812902883472,0.8238695952177492,1.0812181937772467,0.40433124591484526,6.820039935337402,0.7423180545278409
genus.Turicibacter.id.2162,adeno,MR Egger,11,22.107983558212705,-0.1044228900227453,0.2751480270860876,0.9008442588090719,0.5253382053607951,1.5447579680063914,0.7131050907641421,6.789416304309457,0.6590335873211035
genus.Turicibacter.id.2162,adeno,Egger Intercept,11,22.107983558212705,0.004809336323512697,0.027482536105695194,1.0048209197435252,0.9521273954024432,1.0604306583652714,0.8649563065638441,6.789416304309457,0.6590335873211035
genus.Turicibacter.id.2162,adeno,Weighted mode,11,22.107983558212705,-0.14414409404057926,0.14927606121580464,0.8657629877837211,0.6461489855371422,1.1600196979232276,0.3570051626154591,,
genus.Turicibacter.id.2162,adeno,Weighted Median,11,22.107983558212705,-0.0973911853271758,0.10338234076146145,0.907201052970844,0.7408029798225276,1.110975215986004,0.3461677784076971,,
genus.Turicibacter.id.2162,neuro,Inverse-Variance Weighted,11,22.107983558212705,0.40599393674667106,0.27418185021093316,1.5007934527395346,0.8768647743455555,2.5686754145950372,0.13867401947866403,8.180502155550055,0.6112107852618747
genus.Turicibacter.id.2162,neuro,MR Egger,11,22.107983558212705,0.046450948258032705,1.0842159238246882,1.0475466938181521,0.12510370289857245,8.771555519975447,0.9667622203476443,8.063020137236347,0.5278080089479601
genus.Turicibacter.id.2162,neuro,Egger Intercept,11,22.107983558212705,0.03713885861280786,0.108353477204419,1.0378371234562644,0.8392606471406033,1.2833985466776248,0.7396510897500066,8.063020137236347,0.5278080089479601
genus.Turicibacter.id.2162,neuro,Weighted mode,11,22.107983558212705,0.20533853685244896,0.48869839465116366,1.2279406977845164,0.47118225022133275,3.200117059942803,0.6832436038276157,,
genus.Turicibacter.id.2162,neuro,Weighted Median,11,22.107983558212705,0.2134850028581936,0.37574466025070447,1.2379849318932872,0.5927547555358125,2.5855662519475673,0.5699228661328148,,
genus.Tyzzerella3.id.11335,adeno,Inverse-Variance Weighted,13,22.9017773202764,-0.013639235343264701,0.05105842105546288,0.9864533575835015,0.8925134096600991,1.0902807914766806,0.7893690800959454,9.006808892409712,0.7023487542783329
genus.Tyzzerella3.id.11335,adeno,MR Egger,13,22.9017773202764,-0.0629092127071911,0.29347186673245385,0.9390287216948693,0.5282877981590913,1.6691185055581355,0.834186778731002,8.977743203974812,0.623946826065285
genus.Tyzzerella3.id.11335,adeno,Egger Intercept,13,22.9017773202764,0.007066312098064121,0.04144789776732833,1.0070913373921837,0.9285123776035392,1.0923203463028464,0.8677227819316243,8.977743203974812,0.623946826065285
genus.Tyzzerella3.id.11335,adeno,Weighted mode,13,22.9017773202764,0.07151618552062355,0.11078829682183006,1.074135536003489,0.8644784721507079,1.3346395391837607,0.5307392152976745,,
genus.Tyzzerella3.id.11335,adeno,Weighted Median,13,22.9017773202764,0.045503153850085014,0.06502846548167161,1.0465543052841286,0.9213155925570305,1.1888172986076386,0.4840883905683582,,
genus.Tyzzerella3.id.11335,neuro,Inverse-Variance Weighted,13,22.9017773202764,-0.015419443095644105,0.23783497593096126,0.9846988278460533,0.6178089597572426,1.5694686298210883,0.9483073411206543,16.61770801673969,0.1645524295274434
genus.Tyzzerella3.id.11335,neuro,MR Egger,13,22.9017773202764,2.378533975034926,1.2245986691960857,10.78907421202192,0.9785538929162149,118.95524936865493,0.0781355953746848,12.234459158876225,0.34628027227526503
genus.Tyzzerella3.id.11335,neuro,Egger Intercept,13,22.9017773202764,-0.3432347378054653,0.17289770003591642,0.7094716521934076,0.5055470190680293,0.995654224594112,0.07262200006898575,12.234459158876225,0.34628027227526503
genus.Tyzzerella3.id.11335,neuro,Weighted mode,13,22.9017773202764,-0.08381518315871483,0.4989293452450604,0.9196011981792509,0.3458615599169669,2.4451007619804246,0.8693890918426486,,
genus.Tyzzerella3.id.11335,neuro,Weighted Median,13,22.9017773202764,-0.01193081017407227,0.30449388861999216,0.9881400797368664,0.5440365581681194,1.7947705949581516,0.9687449424989292,,
genus.Veillonella.id.2198,adeno,Inverse-Variance Weighted,6,21.28730757170187,0.14270007019937184,0.09910179518001207,1.1533838156049767,0.9497661825111255,1.4006544458998067,0.1498859988420919,4.921796413781673,0.42549870523470423
genus.Veillonella.id.2198,adeno,MR Egger,6,21.28730757170187,-0.22700167456893267,0.8554752453239419,0.7969194477924731,0.14901129725555023,4.261962803939052,0.8038527262476343,4.69888909162193,0.31961120030591483
genus.Veillonella.id.2198,adeno,Egger Intercept,6,21.28730757170187,0.028287982475172398,0.064939270932675,1.0286918870046107,0.905749058612922,1.168322493218664,0.6855980464263307,4.69888909162193,0.31961120030591483
genus.Veillonella.id.2198,adeno,Weighted mode,6,21.28730757170187,0.27481438194631336,0.15893970767314836,1.3162863256846453,0.9639581047749117,1.7973910718754273,0.144368482424138,,
genus.Veillonella.id.2198,adeno,Weighted Median,6,21.28730757170187,0.22104123235426731,0.12827236943302783,1.2473748617059461,0.9700840015147687,1.6039271271213107,0.08484914303780498,,
genus.Veillonella.id.2198,neuro,Inverse-Variance Weighted,6,21.28730757170187,0.12217104915716598,0.3922072420994829,1.1299473617952431,0.5238472497032255,2.437315536449534,0.7554234629852171,3.961243564374385,0.555009350535647
genus.Veillonella.id.2198,neuro,MR Egger,6,21.28730757170187,0.8122388523711153,3.110130790438871,2.2529463587836074,0.005074042220503315,1000.3399804294165,0.8068649082197581,3.9112184335621363,0.41815444776556965
genus.Veillonella.id.2198,neuro,Egger Intercept,6,21.28730757170187,-0.05282093129724277,0.23616304379548259,0.9485498528669492,0.59708219372414,1.5069061392736927,0.8339783529578026,3.9112184335621363,0.41815444776556965
genus.Veillonella.id.2198,neuro,Weighted mode,6,21.28730757170187,0.1844295553129327,0.7556685612691483,1.2025322662918598,0.27343787670296416,5.288527942469063,0.8168816276407782,,
genus.Veillonella.id.2198,neuro,Weighted Median,6,21.28730757170187,0.19011835213063763,0.5559126488470616,1.2093927233930577,0.40678501994641936,3.5955865817987367,0.7323560009729104,,
genus.Victivallis.id.2256,adeno,Inverse-Variance Weighted,11,21.563883689689582,0.04968702201687473,0.051132531127815024,1.0509421231519358,0.9507228024550236,1.1617259451051707,0.33118481459237514,12.967636458503174,0.22548693316648183
genus.Victivallis.id.2256,adeno,MR Egger,11,21.563883689689582,0.15622713253980164,0.34855257894988595,1.1690917117056452,0.5904112670023048,2.3149548573460743,0.6645922798142099,12.831205250787997,0.1703939728164412
genus.Victivallis.id.2256,adeno,Egger Intercept,11,21.563883689689582,-0.014451083408733915,0.04671496386300793,0.9856528323298797,0.8994134839646073,1.080161153018853,0.7641003820301142,12.831205250787997,0.1703939728164412
genus.Victivallis.id.2256,adeno,Weighted mode,11,21.563883689689582,-0.0529212268420321,0.08296735614090693,0.948454722313361,0.8061082462955443,1.115937424548695,0.5378983765883658,,
genus.Victivallis.id.2256,adeno,Weighted Median,11,21.563883689689582,-0.0288959268579511,0.07284524487898547,0.9715175680912946,0.8422548765360935,1.1206184866411706,0.6916067396487608,,
genus.Victivallis.id.2256,neuro,Inverse-Variance Weighted,11,21.563883689689582,0.15802827886024173,0.1774425034399979,1.171199314421101,0.8271584320489195,1.6583374852416812,0.3731498926404341,8.284711286980107,0.6010484237703807
genus.Victivallis.id.2256,neuro,MR Egger,11,21.563883689689582,0.16360156436622125,1.1520717528693365,1.177744966034265,0.12313683389474855,11.264567726377175,0.8902030216184917,8.284687315759781,0.5057307885280283
genus.Victivallis.id.2256,neuro,Egger Intercept,11,21.563883689689582,-0.000756144108488238,0.15443989614328715,0.9992441416964271,0.7382606440240589,1.3524882611541322,0.9962003469947553,8.284687315759781,0.5057307885280283
genus.Victivallis.id.2256,neuro,Weighted mode,11,21.563883689689582,0.1590675404538493,0.37498892513772963,1.172417129591696,0.5621926170658221,2.4450017378991946,0.6804060757537076,,
genus.Victivallis.id.2256,neuro,Weighted Median,11,21.563883689689582,0.18447546098223594,0.2517496752628054,1.2025874706074886,0.734214614680253,1.9697464413616141,0.46369665851248576,,
order.Actinomycetales.id.420,adeno,Inverse-Variance Weighted,5,21.276018037608257,0.08270217041455352,0.0912148614702232,1.086218252436511,0.9083922883377608,1.2988552490744232,0.3645790593472257,2.77004585052454,0.5970143143753349
order.Actinomycetales.id.420,adeno,MR Egger,5,21.276018037608257,0.16906496326349899,0.2121536932317415,1.18419706573125,0.7813310998816198,1.7947867308737224,0.483749732886976,2.5667553781242485,0.46334758856778924
order.Actinomycetales.id.420,adeno,Egger Intercept,5,21.276018037608257,-0.010401038649096648,0.023068438471511077,0.9896528651065074,0.9459030701218385,1.0354261703446679,0.6826728981331962,2.5667553781242485,0.46334758856778924
order.Actinomycetales.id.420,adeno,Weighted mode,5,21.276018037608257,0.16041096760154405,0.16611025273954452,1.1739932450531139,0.8477537048522885,1.6257789633257775,0.3888850311345026,,
order.Actinomycetales.id.420,adeno,Weighted Median,5,21.276018037608257,0.08386536759263219,0.12115142579371155,1.0874824735692057,0.8576223508073617,1.3789497547573089,0.48878919025185885,,
order.Actinomycetales.id.420,neuro,Inverse-Variance Weighted,5,21.276018037608257,0.0918797842445705,0.35888890625499853,1.0962330296774245,0.5425134116078977,2.2151099486998396,0.7979417487076562,3.50421413043064,0.4772378660666453
order.Actinomycetales.id.420,neuro,MR Egger,5,21.276018037608257,-1.2299639900069694,0.8307183795623424,0.2923031033240576,0.05737354250143658,1.4892074027106712,0.23529180821973114,0.3912681929384165,0.9420403164572853
order.Actinomycetales.id.420,neuro,Egger Intercept,5,21.276018037608257,0.16009960722983715,0.0907411914398633,1.1736277669805997,0.9824035303560009,1.4020736824192084,0.1758628589511395,0.3912681929384165,0.9420403164572853
order.Actinomycetales.id.420,neuro,Weighted mode,5,21.276018037608257,-0.39916731185912857,0.552708126592101,0.6708784460428286,0.2270749272484091,1.9820677466186167,0.5101344856460848,,
order.Actinomycetales.id.420,neuro,Weighted Median,5,21.276018037608257,-0.4320450433949297,0.443051048988996,0.6491801347493843,0.272415964549726,1.5470269815126831,0.3294815914430562,,
order.Bacillales.id.1674,adeno,Inverse-Variance Weighted,8,21.467229967400815,-0.06788036099424431,0.06071239626704347,0.9343722542579206,0.8295460482116682,1.05244490213551,0.2635395452083359,10.448677815230878,0.16454062958177343
order.Bacillales.id.1674,adeno,MR Egger,8,21.467229967400815,-0.044773753012916806,0.2647347070440704,0.9562137978525249,0.5691258004793693,1.606577713457034,0.8712546451710462,10.434564276168773,0.10750451490717944
order.Bacillales.id.1674,adeno,Egger Intercept,8,21.467229967400815,-0.0035953521156927553,0.03991030064528393,0.9964111034237619,0.9214382251639032,1.0774841545666891,0.9311510266681737,10.434564276168773,0.10750451490717944
order.Bacillales.id.1674,adeno,Weighted mode,8,21.467229967400815,-0.09377472359085293,0.11960148322436445,0.9104878505726671,0.7202235488052611,1.1510150250093847,0.4587098947142384,,
order.Bacillales.id.1674,adeno,Weighted Median,8,21.467229967400815,-0.08073844651431553,0.06999100517233098,0.9224349259655713,0.8041891175321759,1.0580672805573805,0.24868281734177644,,
order.Bacillales.id.1674,neuro,Inverse-Variance Weighted,8,21.467229967400815,0.19321551650404084,0.19639178118710557,1.2131442179482177,0.8255442818325462,1.7827255617036868,0.32520063254427,2.1074384762601692,0.9536551433056097
order.Bacillales.id.1674,neuro,MR Egger,8,21.467229967400815,0.0801053989923205,0.790716698745716,1.0834012510575863,0.22999462714997795,5.103416046444177,0.922607126184586,2.085630564282886,0.9116570083021127
order.Bacillales.id.1674,neuro,Egger Intercept,8,21.467229967400815,0.01762291682138019,0.11933579993057808,1.01777911663638,0.8055135529113339,1.2859800142619737,0.887436856871985,2.085630564282886,0.9116570083021127
order.Bacillales.id.1674,neuro,Weighted mode,8,21.467229967400815,0.02081685089594487,0.3852997592846904,1.0210350328604134,0.47980731761730383,2.1727733197261854,0.9584227278631413,,
order.Bacillales.id.1674,neuro,Weighted Median,8,21.467229967400815,0.10503703703532535,0.21020603314179556,1.1107517485456309,0.7356750337976857,1.6770576548292504,0.6172961075423814,,
order.Bacteroidales.id.913,adeno,Inverse-Variance Weighted,12,21.294929964886705,-0.21438396058799006,0.09645725858368018,0.8070384545664031,0.6680179814883821,0.974990322412834,0.02624414329630933,9.008210293340266,0.6211344472514024
order.Bacteroidales.id.913,adeno,MR Egger,12,21.294929964886705,-0.4576007259325545,0.2263362265725804,0.6328000864380423,0.4060740568358148,0.9861155684661218,0.0707703530100991,7.597221947815299,0.6681135600238929
order.Bacteroidales.id.913,adeno,Egger Intercept,12,21.294929964886705,0.018424349254695042,0.015510665937745225,1.0185951247744205,0.988094877503217,1.0500368454858622,0.2623395109749529,7.597221947815299,0.6681135600238929
order.Bacteroidales.id.913,adeno,Weighted mode,12,21.294929964886705,-0.16180711479288779,0.25257911629655855,0.850605257889331,0.5184756666289112,1.3954932725258005,0.5348874675933898,,
order.Bacteroidales.id.913,adeno,Weighted Median,12,21.294929964886705,-0.20317165951838598,0.12102467174569613,0.8161381315217612,0.6437917233459034,1.0346225736828123,0.09319837354372457,,
order.Bacteroidales.id.913,neuro,Inverse-Variance Weighted,12,21.294929964886705,0.34716028933612164,0.38056814213344664,1.4150435235802536,0.6711562758208145,2.9834306044111365,0.3616551044926598,6.324057002363427,0.8508910775904545
order.Bacteroidales.id.913,neuro,MR Egger,12,21.294929964886705,-0.44694309783037045,0.8900546563333233,0.6395803007461506,0.11175456186721348,3.660369243705541,0.6264321191815767,5.349954272483332,0.8666091026568052
order.Bacteroidales.id.913,neuro,Egger Intercept,12,21.294929964886705,0.06031003056457544,0.06110646609375733,1.0621657993659535,0.9422745024516141,1.1973115927549447,0.3469371738226581,5.349954272483332,0.8666091026568052
order.Bacteroidales.id.913,neuro,Weighted mode,12,21.294929964886705,-0.043470603653348094,0.8661028106179476,0.9574606995239072,0.17533933727867898,5.228324718005438,0.9608699366091171,,
order.Bacteroidales.id.913,neuro,Weighted Median,12,21.294929964886705,0.06843321573466049,0.462179007269602,1.0708291080276195,0.4328181402989006,2.649322825996487,0.8822903080215266,,
order.Bifidobacteriales.id.432,adeno,Inverse-Variance Weighted,13,24.644536389956254,0.32505693851280254,0.12923587964407027,1.384109452870959,1.0743916714806696,1.7831104134366085,0.011895742359798562,34.930969434135804,0.0004803103099994793
order.Bifidobacteriales.id.432,adeno,MR Egger,13,24.644536389956254,1.1764246579713498,0.37256756263044394,3.2427594777053272,1.5623517766984856,6.7305514590758415,0.009117615609114888,22.98700168300942,0.017749880550430034
order.Bifidobacteriales.id.432,adeno,Egger Intercept,13,24.644536389956254,-0.06303649292282239,0.026367111338802294,0.9389092095226169,0.8916193000709628,0.9887072920653736,0.03581548444410548,22.98700168300942,0.017749880550430034
order.Bifidobacteriales.id.432,adeno,Weighted mode,13,24.644536389956254,0.283897964461,0.29799802045423296,1.3282973902977693,0.7406862515012932,2.382080068984221,0.3595464368999094,,
order.Bifidobacteriales.id.432,adeno,Weighted Median,13,24.644536389956254,0.30009313009359284,0.12933304001519697,1.3499845259070788,1.0477032335079055,1.7394794269047267,0.020323953038463242,,
order.Bifidobacteriales.id.432,neuro,Inverse-Variance Weighted,13,24.644536389956254,-0.12594817476470707,0.3001389587434498,0.8816605378642536,0.48957356911015865,1.5877599467633423,0.6747536670063583,9.883292397384283,0.6261986739504708
order.Bifidobacteriales.id.432,neuro,MR Egger,13,24.644536389956254,0.36894596415023084,1.0224199643751954,1.4462094544065145,0.19495292379008217,10.7283427473335,0.7250418122003635,9.62690103098516,0.5642265805988265
order.Bifidobacteriales.id.432,neuro,Egger Intercept,13,24.644536389956254,-0.036633916907428205,0.07234885421099253,0.964028985471211,0.8365761980756087,1.1108992665180497,0.6226047631111346,9.62690103098516,0.5642265805988265
order.Bifidobacteriales.id.432,neuro,Weighted mode,13,24.644536389956254,-0.18141639405529641,0.46231876961638046,0.834087977101734,0.33703746506697235,2.0641703835726997,0.7016393282296227,,
order.Bifidobacteriales.id.432,neuro,Weighted Median,13,24.644536389956254,-0.1775789565708661,0.38268740982997307,0.8372948867927135,0.395483473166325,1.7726726273448679,0.642625282748903,,
order.Burkholderiales.id.2874,adeno,Inverse-Variance Weighted,10,22.1706142685681,-0.1547805337576413,0.1052201397727613,0.856603152330827,0.6969706293938592,1.0527975349854461,0.14128672661085576,10.150576696812196,0.33843335255180557
order.Burkholderiales.id.2874,adeno,MR Egger,10,22.1706142685681,0.05710622014772069,0.34485477135599013,1.0587682669445355,0.5385854401662412,2.081360095331815,0.8725839444850698,9.645127667412513,0.2908216701357479
order.Burkholderiales.id.2874,adeno,Egger Intercept,10,22.1706142685681,-0.015576219186313993,0.024056495649677892,0.9845444627140335,0.939199886590313,1.032078275243334,0.5354525911120424,9.645127667412513,0.2908216701357479
order.Burkholderiales.id.2874,adeno,Weighted mode,10,22.1706142685681,-0.22895037664894446,0.19906969092702817,0.7953680013513719,0.5384142838260931,1.1749507332498779,0.27974388379237136,,
order.Burkholderiales.id.2874,adeno,Weighted Median,10,22.1706142685681,-0.22462030402790673,0.1271600965479473,0.7988194697192318,0.6225980871968939,1.024918897639842,0.07732255623995603,,
order.Burkholderiales.id.2874,neuro,Inverse-Variance Weighted,10,22.1706142685681,0.09351157956245394,0.3907693116026395,1.0980233178972705,0.5104838532417957,2.361789112407165,0.8108720064533167,3.4654454425485053,0.9429585796780571
order.Burkholderiales.id.2874,neuro,MR Egger,10,22.1706142685681,0.9824449237844395,1.237417573666903,2.6709786044585133,0.2362431942093527,30.198231654254844,0.4501323157319128,2.8922125262105314,0.9409384752748575
order.Burkholderiales.id.2874,neuro,Egger Intercept,10,22.1706142685681,-0.06543162006792227,0.08642156231025924,0.9366630935285613,0.7907148397669382,1.1095501268663277,0.4706858635531762,2.8922125262105314,0.9409384752748575
order.Burkholderiales.id.2874,neuro,Weighted mode,10,22.1706142685681,0.17795448202304565,0.6283659140526141,1.1947709364411165,0.34866534644468095,4.094119490566768,0.78342822658325,,
order.Burkholderiales.id.2874,neuro,Weighted Median,10,22.1706142685681,0.1576357203353242,0.5718470123475734,1.1707396403762331,0.3816755320450963,3.5910903122454463,0.7828087200724931,,
order.Clostridiales.id.1863,adeno,Inverse-Variance Weighted,12,20.765577955774837,-0.08339178586988678,0.09470568039750678,0.9199906372712732,0.7641318551369124,1.107639691994196,0.3785688696356595,9.132576580127747,0.609656287214347
order.Clostridiales.id.1863,adeno,MR Egger,12,20.765577955774837,-0.007233329308347004,0.411857103964379,0.992792768256091,0.4428725476830111,2.225555604785576,0.9863331728385223,9.096474159442398,0.522972998019531
order.Clostridiales.id.1863,adeno,Egger Intercept,12,20.765577955774837,-0.005017418057409385,0.026406578128397726,0.9949951481591336,0.9448072777373181,1.0478489827376913,0.8531057039903893,9.096474159442398,0.522972998019531
order.Clostridiales.id.1863,adeno,Weighted mode,12,20.765577955774837,-0.03806579978359759,0.1628224085321307,0.9626495966720631,0.6996341520392138,1.3245411809470182,0.8194441224560791,,
order.Clostridiales.id.1863,adeno,Weighted Median,12,20.765577955774837,-0.0644021554575736,0.10560453999662839,0.9376278515420808,0.7623213798700021,1.1532485001763142,0.5419660274219693,,
order.Clostridiales.id.1863,neuro,Inverse-Variance Weighted,12,20.765577955774837,0.30027407159995706,0.3738266186138229,1.3502288162412288,0.6489328069238961,2.8094092897694987,0.4218335898681361,10.12044001632539,0.519587175866538
order.Clostridiales.id.1863,neuro,MR Egger,12,20.765577955774837,0.22014992532364208,1.6335512520709432,1.2462635630496057,0.05071109638435452,30.627870019081012,0.8954695128713689,10.117869655216289,0.4302137962088195
order.Clostridiales.id.1863,neuro,Egger Intercept,12,20.765577955774837,0.005281835663411179,0.10479301943973131,1.0052958091484503,0.8186386654256506,1.2345124980945854,0.960794147818263,10.117869655216289,0.4302137962088195
order.Clostridiales.id.1863,neuro,Weighted mode,12,20.765577955774837,-0.31857777863411085,0.6608318665306685,0.72718251649309,0.19912784227432256,2.6555523640172085,0.6391941057300392,,
order.Clostridiales.id.1863,neuro,Weighted Median,12,20.765577955774837,-0.12338564104213914,0.5276332385686172,0.8839227199454233,0.31425617283414226,2.4862498890294797,0.8151034790675851,,
order.Coriobacteriales.id.810,adeno,Inverse-Variance Weighted,16,20.68923366905193,0.2196471624561369,0.09162402473770861,1.2456371454899189,1.040877465207503,1.4906768088354698,0.01651792605299538,18.606902121154622,0.23210285037502917
order.Coriobacteriales.id.810,adeno,MR Egger,16,20.68923366905193,0.36219541088837015,0.38578306794389144,1.4364796182941892,0.6743949217957749,3.059740853741921,0.36372031413324457,18.41587775749767,0.1884906359350191
order.Coriobacteriales.id.810,adeno,Egger Intercept,16,20.68923366905193,-0.009813664482702898,0.025752477653707435,0.9902343323858802,0.9414928542313218,1.0414991772149855,0.7088669539145018,18.41587775749767,0.1884906359350191
order.Coriobacteriales.id.810,adeno,Weighted mode,16,20.68923366905193,-0.006265575881064356,0.16664647521677656,0.9937540119085511,0.7168471311605091,1.3776257074302485,0.9705040161029388,,
order.Coriobacteriales.id.810,adeno,Weighted Median,16,20.68923366905193,0.0882903756378412,0.12258514992977004,1.092305254817236,0.8590084515479043,1.3889627832547695,0.4713790111452645,,
order.Coriobacteriales.id.810,neuro,Inverse-Variance Weighted,16,20.68923366905193,0.3741803062744837,0.3440796703524296,1.4537992559541977,0.7406583340908787,2.8535860319552535,0.2768240313216521,16.730311107949003,0.33524040312216064
order.Coriobacteriales.id.810,neuro,MR Egger,16,20.68923366905193,-0.8081703594383781,1.4174447944682547,0.4456727416393943,0.02769891166601833,7.17083021294483,0.5776052719995506,15.890198819809054,0.3201256454576657
order.Coriobacteriales.id.810,neuro,Egger Intercept,16,20.68923366905193,0.08141314376421842,0.09462949109792336,1.084818990197948,0.901170631845199,1.3058928019929625,0.4040970169810354,15.890198819809054,0.3201256454576657
order.Coriobacteriales.id.810,neuro,Weighted mode,16,20.68923366905193,-0.19595825723505733,0.8742827602156499,0.8220465484578497,0.14814667224834543,4.5614290052945226,0.8256757517708593,,
order.Coriobacteriales.id.810,neuro,Weighted Median,16,20.68923366905193,0.11625080427203363,0.45970086016543454,1.1232775596181976,0.4562278689594214,2.7656190289726434,0.8003581699767657,,
order.Desulfovibrionales.id.3156,adeno,Inverse-Variance Weighted,12,21.327769621999682,-0.14945629658909443,0.08554548049763028,0.8611760735290985,0.728239400236824,1.0183797105427397,0.08062042399938321,11.97791606146767,0.36530549205570423
order.Desulfovibrionales.id.3156,adeno,MR Egger,12,21.327769621999682,-0.10063917631953023,0.22402030869337525,0.904259252179972,0.5829120385085823,1.4027584629152299,0.6628370034907114,11.910623481514754,0.2910826898163975
order.Desulfovibrionales.id.3156,adeno,Egger Intercept,12,21.327769621999682,-0.003914453768337862,0.01646852967027566,0.9960931977187609,0.9644543558419882,1.0287699490717468,0.8169184260245522,11.910623481514754,0.2910826898163975
order.Desulfovibrionales.id.3156,adeno,Weighted mode,12,21.327769621999682,-0.12337728502744283,0.14445210757809615,0.8839301060475206,0.6659748207217686,1.173216175846394,0.41126140970059233,,
order.Desulfovibrionales.id.3156,adeno,Weighted Median,12,21.327769621999682,-0.14184259386972728,0.1253420749579269,0.8677578361393952,0.6787427692786062,1.1094094792076334,0.2577841780584874,,
order.Desulfovibrionales.id.3156,neuro,Inverse-Variance Weighted,12,21.327769621999682,0.1092271014720116,0.3976940189403446,1.1154156341122123,0.5115790420325478,2.4319839840952535,0.7835842999995211,16.589430369018004,0.12062034061285712
order.Desulfovibrionales.id.3156,neuro,MR Egger,12,21.327769621999682,0.43386799784381347,1.0358671330765472,1.5432151469441096,0.20261825592959395,11.753694053043576,0.6841833290083188,16.397635870601974,0.08880139952995264
order.Desulfovibrionales.id.3156,neuro,Egger Intercept,12,21.327769621999682,-0.026054564110286404,0.0761826996103999,0.9742819273318534,0.8391442509034188,1.1311824789403482,0.7394287527670691,16.397635870601974,0.08880139952995264
order.Desulfovibrionales.id.3156,neuro,Weighted mode,12,21.327769621999682,0.8979891543211096,0.5291406434977823,2.45466219824067,0.8701179455412903,6.924769841085633,0.11776123034634635,,
order.Desulfovibrionales.id.3156,neuro,Weighted Median,12,21.327769621999682,0.6298732203498845,0.4676977728689557,1.8773725515409054,0.7506510258769397,4.695294585339065,0.1780599055341825,,
order.Enterobacteriales.id.3468,adeno,Inverse-Variance Weighted,7,20.812289484781147,0.5660746523983137,0.2119337517791066,1.7613395938388343,1.1626297892468016,2.668362013013752,0.007562607055360568,20.991354971163677,0.0018411887774190917
order.Enterobacteriales.id.3468,adeno,MR Egger,7,20.812289484781147,1.638866324222889,1.3000907343629946,5.149328532945705,0.4028014512946998,65.82792652554099,0.263085527150473,18.411876954587854,0.0024721321131337447
order.Enterobacteriales.id.3468,adeno,Egger Intercept,7,20.812289484781147,-0.07932109619356704,0.09477347865469204,0.9237432663730812,0.7671467896636023,1.1123055374366964,0.4407737049698416,18.411876954587854,0.0024721321131337447
order.Enterobacteriales.id.3468,adeno,Weighted mode,7,20.812289484781147,0.8095625000763009,0.46518996073004226,2.246924742204192,0.9028400952171222,5.591987799251683,0.13245841678522807,,
order.Enterobacteriales.id.3468,adeno,Weighted Median,7,20.812289484781147,0.6870112024693513,0.17884361111552685,1.9877656171569342,1.4000076833074713,2.822278903081932,0.00012233079770514806,,
order.Enterobacteriales.id.3468,neuro,Inverse-Variance Weighted,7,20.812289484781147,0.04864304383556606,0.4504219573726731,1.0498455350121896,0.4342286707049355,2.5382378496466775,0.9140001435368078,4.206388503460331,0.6487689177091265
order.Enterobacteriales.id.3468,neuro,MR Egger,7,20.812289484781147,1.3242354608319038,2.6947278967101633,3.75931011619477,0.019112146250143937,739.446651608681,0.6439415874290053,3.975872831887223,0.552894894067222
order.Enterobacteriales.id.3468,neuro,Egger Intercept,7,20.812289484781147,-0.09419255241848531,0.19618524330200127,0.9101075019673283,0.6195786496637863,1.3368692829985092,0.651410035814079,3.975872831887223,0.552894894067222
order.Enterobacteriales.id.3468,neuro,Weighted mode,7,20.812289484781147,0.5602409299486975,0.9329645276776386,1.7510943405467179,0.28128987877934736,10.900965945881302,0.5701470552758755,,
order.Enterobacteriales.id.3468,neuro,Weighted Median,7,20.812289484781147,0.33016722300715223,0.5827801304666317,1.3912007497863514,0.44393290949541236,4.359756811915533,0.5710279528407891,,
order.Erysipelotrichales.id.2148,adeno,Inverse-Variance Weighted,13,21.71338902913281,0.07667782052233688,0.1122965481980507,1.079694165048531,0.8663871508196997,1.3455179811207074,0.49472345198301815,16.751949207740772,0.15916878896784942
order.Erysipelotrichales.id.2148,adeno,MR Egger,13,21.71338902913281,0.022879328293336765,0.507598418178721,1.0231430676774493,0.37832049533831713,2.76702359463843,0.9648564349399442,16.733897935486166,0.11599694827166948
order.Erysipelotrichales.id.2148,adeno,Egger Intercept,13,21.71338902913281,0.0033564331957428514,0.030812455882417464,1.0033620723249967,0.9445600831680274,1.0658246797850595,0.9152189031002425,16.733897935486166,0.11599694827166948
order.Erysipelotrichales.id.2148,adeno,Weighted mode,13,21.71338902913281,-0.06359868539239444,0.2401272203045364,0.9383815101836075,0.5861098572946565,1.5023802239377486,0.795616378473401,,
order.Erysipelotrichales.id.2148,adeno,Weighted Median,13,21.71338902913281,0.008739591608943886,0.14852831474267228,1.0087778933388707,0.7539902023520223,1.3496632116899818,0.953078553099306,,
order.Erysipelotrichales.id.2148,neuro,Inverse-Variance Weighted,13,21.71338902913281,0.07240818853432737,0.37583416644442424,1.075094095594194,0.5146713292429194,2.2457581153426953,0.8472252976519355,7.419648376555459,0.8286823068955027
order.Erysipelotrichales.id.2148,neuro,MR Egger,13,21.71338902913281,-0.803296010225869,1.627071900024145,0.4478504092612203,0.01845616285346324,10.867372089632715,0.6312229779134324,7.113653292661746,0.789806327937279
order.Erysipelotrichales.id.2148,neuro,Egger Intercept,13,21.71338902913281,0.05462752662816538,0.09875391295346465,1.0561471547114945,0.8702888223093668,1.2816972754461864,0.5912131575785339,7.113653292661746,0.789806327937279
order.Erysipelotrichales.id.2148,neuro,Weighted mode,13,21.71338902913281,0.020239504226432725,0.8630963462633745,1.0204457118223753,0.18797818982526657,5.539522706036344,0.9816768506793898,,
order.Erysipelotrichales.id.2148,neuro,Weighted Median,13,21.71338902913281,0.047539433890873395,0.5931176199497681,1.0486875541364948,0.3279247553910798,3.3536522269849316,0.9361165394864595,,
order.Gastranaerophilales.id.1591,adeno,Inverse-Variance Weighted,9,22.14691624164081,-0.056289883899699696,0.06382407859280531,0.9452650790426187,0.8341140979046583,1.0712276316897607,0.37780183176955984,5.707326373333782,0.6799775122419889
order.Gastranaerophilales.id.1591,adeno,MR Egger,9,22.14691624164081,-0.2647562328210238,0.19029760135768153,0.7673929924024512,0.5284857001407532,1.1143007362953192,0.2067574978833121,4.355158580535249,0.7380810425334617
order.Gastranaerophilales.id.1591,adeno,Egger Intercept,9,22.14691624164081,0.025238461012143703,0.021704389542227264,1.025559647359735,0.9828466800245108,1.0701288529217947,0.283003625328546,4.355158580535249,0.7380810425334617
order.Gastranaerophilales.id.1591,adeno,Weighted mode,9,22.14691624164081,-0.005099567859377818,0.1317226509092142,0.9949134128620679,0.7685297817672877,1.2879822260324285,0.9700667444397442,,
order.Gastranaerophilales.id.1591,adeno,Weighted Median,9,22.14691624164081,-0.04575431850774263,0.08410648185607743,0.9552766271503924,0.8100955924199404,1.1264762367782108,0.5864382624928102,,
order.Gastranaerophilales.id.1591,neuro,Inverse-Variance Weighted,9,22.14691624164081,-0.18892944148501947,0.36416448755513203,0.8278449161419846,0.4054767121280083,1.6901764877825411,0.6038984840906733,16.558274023822083,0.03505188864807037
order.Gastranaerophilales.id.1591,neuro,MR Egger,9,22.14691624164081,-1.2662832938063564,1.0822972171697962,0.28187733250239805,0.0337901533662913,2.351419649309162,0.2802911675767209,14.28252421323436,0.046378584680108664
order.Gastranaerophilales.id.1591,neuro,Egger Intercept,9,22.14691624164081,0.1300487247111585,0.12313947697239078,1.1388838737605251,0.894666147226882,1.449765906458126,0.32599863493838865,14.28252421323436,0.046378584680108664
order.Gastranaerophilales.id.1591,neuro,Weighted mode,9,22.14691624164081,-0.0741792693197465,0.6929443399061569,0.928505226420161,0.23874716464224546,3.6110248964900373,0.917385683594985,,
order.Gastranaerophilales.id.1591,neuro,Weighted Median,9,22.14691624164081,-0.15711847231965173,0.4302098967647671,0.8546028060431652,0.36775810880111093,1.9859411352689815,0.7149520240743608,,
order.Lactobacillales.id.1800,adeno,Inverse-Variance Weighted,15,21.938410339656173,0.06379803743768868,0.09535098735143775,1.0658771097498827,0.8841841728014956,1.284906525174618,0.5034404413253974,19.261090817203225,0.15521077485546478
order.Lactobacillales.id.1800,adeno,MR Egger,15,21.938410339656173,-0.043888620358643486,0.2543916207679824,0.9570605485975552,0.5812954119398276,1.5757304717496525,0.8656827053753469,18.954124610791194,0.1245329142242256
order.Lactobacillales.id.1800,adeno,Egger Intercept,15,21.938410339656173,0.008513321281579368,0.018553845226655173,1.0085496626565962,0.9725320814825331,1.045901149599251,0.6539235301734811,18.954124610791194,0.1245329142242256
order.Lactobacillales.id.1800,adeno,Weighted mode,15,21.938410339656173,-0.21896590952107176,0.18450313719951722,0.8033491042425316,0.5595669721284594,1.15333787630897,0.2550604826751489,,
order.Lactobacillales.id.1800,adeno,Weighted Median,15,21.938410339656173,-0.07239914803262681,0.12463053487712236,0.9301595503506794,0.72856750371908,1.1875314019525356,0.5613009824172628,,
order.Lactobacillales.id.1800,neuro,Inverse-Variance Weighted,15,21.938410339656173,0.532890481630537,0.32250517649069366,1.703850145282412,0.9055437705440906,3.2059248950877133,0.09846382010301614,11.913489932341959,0.6132501794320332
order.Lactobacillales.id.1800,neuro,MR Egger,15,21.938410339656173,0.8816060235702229,0.8387521766479777,2.414774779067247,0.4665695211600477,12.49789574578536,0.31236311898082747,11.710648536799342,0.5515014629735513
order.Lactobacillales.id.1800,neuro,Egger Intercept,15,21.938410339656173,-0.02749457922378852,0.06104762639658754,0.9728799563036838,0.8631662824067045,1.0965389041129048,0.6598564091730285,11.710648536799342,0.5515014629735513
order.Lactobacillales.id.1800,neuro,Weighted mode,15,21.938410339656173,0.5156113929650714,0.8504700297402316,1.6746620654715318,0.31622228936973396,8.868739262874362,0.5540417175193922,,
order.Lactobacillales.id.1800,neuro,Weighted Median,15,21.938410339656173,0.6010760008394556,0.49386778781790336,1.824080456932096,0.6928755598144949,4.80211701254468,0.22357424646406343,,
order.Methanobacteriales.id.120,adeno,Inverse-Variance Weighted,10,21.66490062589394,0.12617704538654,0.049155348573263695,1.1344830054860795,1.0302820113395834,1.2492227133649458,0.010261110938713637,4.986208425559357,0.8355088445311785
order.Methanobacteriales.id.120,adeno,MR Egger,10,21.66490062589394,-0.10925488094318275,0.20271840183586168,0.8965018871288981,0.6025510128676765,1.3338549209312769,0.6045915943576581,3.5531593451930936,0.8950250203447908
order.Methanobacteriales.id.120,adeno,Egger Intercept,10,21.66490062589394,0.03929698153662638,0.03282680840803156,1.0400793221435263,0.9752674255835391,1.1091983265033962,0.2655337265606781,3.5531593451930936,0.8950250203447908
order.Methanobacteriales.id.120,adeno,Weighted mode,10,21.66490062589394,0.11069575881116228,0.08322308516169426,1.1170550010088969,0.9489288203304079,1.3149688875973966,0.2162023791707972,,
order.Methanobacteriales.id.120,adeno,Weighted Median,10,21.66490062589394,0.10455282537310548,0.07133437758152117,1.1102140397880855,0.9653519253091227,1.2768143739371405,0.142737568273735,,
order.Methanobacteriales.id.120,neuro,Inverse-Variance Weighted,10,21.66490062589394,-0.11965019805773018,0.19516655719259574,0.8872307374773002,0.6052118904283819,1.3006657568596882,0.53983196352825,3.2467026341526033,0.9537056195380751
order.Methanobacteriales.id.120,neuro,MR Egger,10,21.66490062589394,0.05945802062465511,0.806061997128929,1.0612612089617801,0.21861928344535433,5.151765827320263,0.9430095254704882,3.1942543941681416,0.9215819676419088
order.Methanobacteriales.id.120,neuro,Egger Intercept,10,21.66490062589394,-0.02984505154930903,0.13031874045584887,0.9705959142307374,0.7518114011404307,1.253048872752376,0.8246027802606505,3.1942543941681416,0.9215819676419088
order.Methanobacteriales.id.120,neuro,Weighted mode,10,21.66490062589394,0.04513156518823691,0.30314938836706196,1.0461654898144606,0.5775032343411103,1.895162082213155,0.8849342184808446,,
order.Methanobacteriales.id.120,neuro,Weighted Median,10,21.66490062589394,-0.03891433538486677,0.23742023038031665,0.961833100679689,0.6039535506328266,1.5317782511482125,0.8698060220085443,,
order.MollicutesRF9.id.11579,adeno,Inverse-Variance Weighted,13,20.59405862650509,0.1253596544035849,0.06901109731866074,1.133556068193781,0.9901467679955255,1.2977362561514223,0.0692914957906716,10.904218400342751,0.5371445745037082
order.MollicutesRF9.id.11579,adeno,MR Egger,13,20.59405862650509,0.08639156389105532,0.2169588819772002,1.090233140668238,0.7125908652577796,1.6680094553013267,0.6981073384302355,10.868327087845136,0.4543595465435065
order.MollicutesRF9.id.11579,adeno,Egger Intercept,13,20.59405862650509,0.003359429443163602,0.017732536158748254,1.003365078650522,0.9690914058787151,1.0388509019358334,0.8531905770702239,10.868327087845136,0.4543595465435065
order.MollicutesRF9.id.11579,adeno,Weighted mode,13,20.59405862650509,0.043469052708342115,0.13154500989332493,1.0444276716041099,0.8070584644495726,1.3516110780850878,0.7467579316054769,,
order.MollicutesRF9.id.11579,adeno,Weighted Median,13,20.59405862650509,0.09059573671709814,0.0994740614942765,1.0948263177019304,0.9008888212634706,1.3305134192382404,0.3624285155617183,,
order.MollicutesRF9.id.11579,neuro,Inverse-Variance Weighted,13,20.59405862650509,-0.40774465421465306,0.2727763327255679,0.6651487000570995,0.38969680458249245,1.1353000280863108,0.13496799382010052,4.950177682103711,0.9596223587559927
order.MollicutesRF9.id.11579,neuro,MR Egger,13,20.59405862650509,-0.2205150622327556,0.8572091484902113,0.8021055572700442,0.149472179574105,4.3043014883215625,0.8017361365080727,4.897096385241925,0.9360474251511639
order.MollicutesRF9.id.11579,neuro,Egger Intercept,13,20.59405862650509,-0.01615259585349922,0.07010864354579212,0.9839771577642923,0.8576445547314411,1.1289187830325302,0.8220144855314143,4.897096385241925,0.9360474251511639
order.MollicutesRF9.id.11579,neuro,Weighted mode,13,20.59405862650509,-0.521676466584132,0.5332822143483236,0.5935246891332155,0.20868911828839726,1.6880207243190304,0.3472671557987176,,
order.MollicutesRF9.id.11579,neuro,Weighted Median,13,20.59405862650509,-0.4719497642162177,0.3330310746984034,0.6237848484514364,0.3247529074368737,1.1981649070631253,0.15644366129764664,,
order.NB1n.id.3953,adeno,Inverse-Variance Weighted,12,22.22148283115236,0.004467746566258528,0.050652930374270856,1.004477741825834,0.9095439154097197,1.109320305187261,0.9297152364829888,4.488827327507835,0.9533811365991546
order.NB1n.id.3953,adeno,MR Egger,12,22.22148283115236,0.056744616047425436,0.20568668126238285,1.0583854812105624,0.7072286339986792,1.58390055632194,0.7882582426103664,4.420060788221705,0.9264144428697065
order.NB1n.id.3953,adeno,Egger Intercept,12,22.22148283115236,-0.006247887301958072,0.023825641504921148,0.9937715901604696,0.9484310891936474,1.0412796297617224,0.79846402834472,4.420060788221705,0.9264144428697065
order.NB1n.id.3953,adeno,Weighted mode,12,22.22148283115236,0.05684830336564611,0.10194398274898311,1.0584952280523323,0.8667870904082304,1.2926036395879856,0.58825689337037,,
order.NB1n.id.3953,adeno,Weighted Median,12,22.22148283115236,0.02389080451785377,0.07061610421615157,1.0241784761219208,0.8917969920019824,1.1762111336534853,0.7351224362434444,,
order.NB1n.id.3953,neuro,Inverse-Variance Weighted,12,22.22148283115236,0.43157700183805514,0.2530243460266413,1.5396836940233198,0.9376760834998387,2.5281927515875515,0.08806882736348386,17.894050448682528,0.08407180041508311
order.NB1n.id.3953,neuro,MR Egger,12,22.22148283115236,1.9188861595734459,0.962427762623788,6.813365239607941,1.0330625548921766,44.93623901908143,0.0741502430494914,14.266978500360462,0.16115848602212454
order.NB1n.id.3953,neuro,Egger Intercept,12,22.22148283115236,-0.17843170950830295,0.11190769602176474,0.8365811854672006,0.671815994467264,1.041755608144887,0.14191855778006204,14.266978500360462,0.16115848602212454
order.NB1n.id.3953,neuro,Weighted mode,12,22.22148283115236,0.8363984478005007,0.4980554020006128,2.308039465186336,0.8695406979582704,6.12627584351811,0.12123472370935925,,
order.NB1n.id.3953,neuro,Weighted Median,12,22.22148283115236,0.6682963554463168,0.3168762725511412,1.950910829252067,1.0483514274730887,3.630512597161211,0.03494341125099722,,
order.Pasteurellales.id.3688,adeno,Inverse-Variance Weighted,14,21.605791261211863,0.04415170155678625,0.056814864594001015,1.0451408923633814,0.9350031010691473,1.1682522588867261,0.43709073742771243,12.4867859920714,0.48818738872819156
order.Pasteurellales.id.3688,adeno,MR Egger,14,21.605791261211863,0.18769648451575113,0.12336853264780395,1.2064672782729096,0.9473318360924252,1.536487256194388,0.15405721558251903,10.7685292420751,0.5488530797050251
order.Pasteurellales.id.3688,adeno,Egger Intercept,14,21.605791261211863,-0.01905938953563144,0.014540018427053126,0.9811210921864442,0.9535553315789518,1.0094837348758723,0.21444938267763566,10.7685292420751,0.5488530797050251
order.Pasteurellales.id.3688,adeno,Weighted mode,14,21.605791261211863,-0.016212859202022645,0.12338443809714676,0.9839178617925997,0.7725594170658787,1.253100198339785,0.8974697684742852,,
order.Pasteurellales.id.3688,adeno,Weighted Median,14,21.605791261211863,0.006633219553008339,0.08368671886100208,1.0066552680777696,0.8543684402102859,1.1860864482532953,0.9368238235908208,,
order.Pasteurellales.id.3688,neuro,Inverse-Variance Weighted,14,21.605791261211863,0.0982730852267576,0.29134588854294646,1.1032640290815514,0.6232766135058986,1.952891367154977,0.7358852825996496,21.91313857217818,0.05672233004442586
order.Pasteurellales.id.3688,neuro,MR Egger,14,21.605791261211863,1.3386697463716615,0.5195159583240269,3.813966586430123,1.3777041689101854,10.558392324465514,0.024241812227626263,13.66794676626711,0.3224131964979422
order.Pasteurellales.id.3688,neuro,Egger Intercept,14,21.605791261211863,-0.16498517081665195,0.06132047997449484,0.8479062777523417,0.7518839328442503,0.9561915402716259,0.019650231886499836,13.66794676626711,0.3224131964979422
order.Pasteurellales.id.3688,neuro,Weighted mode,14,21.605791261211863,-0.29933649335583157,0.4935692839270665,0.741309921598635,0.28175079910312306,1.9504484161531628,0.5546441620068141,,
order.Pasteurellales.id.3688,neuro,Weighted Median,14,21.605791261211863,-0.09085526985301165,0.34210564044796216,0.9131498616496353,0.46702040656293903,1.7854523230953796,0.7905652707654474,,
order.Rhodospirillales.id.2667,adeno,Inverse-Variance Weighted,13,21.427761263099885,0.0773472995773752,0.060621695939036595,1.0804172396925358,0.959376941530826,1.2167286509536475,0.20199041777360638,10.080914116202619,0.6088621469906346
order.Rhodospirillales.id.2667,adeno,MR Egger,13,21.427761263099885,0.2687775248389135,0.2564839980991035,1.3083640301668262,0.791416333553016,2.1629784006974977,0.3171503165220388,9.490894941881695,0.5766765219960714
order.Rhodospirillales.id.2667,adeno,Egger Intercept,13,21.427761263099885,-0.0198271861792895,0.02581237833207189,0.9803680798220168,0.9320028114627611,1.0312432109785654,0.4585846003238758,9.490894941881695,0.5766765219960714
order.Rhodospirillales.id.2667,adeno,Weighted mode,13,21.427761263099885,-0.02886677823456607,0.12765654143590252,0.971545886903724,0.7564842243440657,1.247747646261869,0.824907280231371,,
order.Rhodospirillales.id.2667,adeno,Weighted Median,13,21.427761263099885,0.013688217635499197,0.07934773682232618,1.0137823302073703,0.8677658606225772,1.1843685718441663,0.8630371991703754,,
order.Rhodospirillales.id.2667,neuro,Inverse-Variance Weighted,13,21.427761263099885,-0.01781286383577068,0.26999585729850945,0.9823448474052368,0.5786805133356233,1.6675892430888477,0.9473980619538886,15.236158314798928,0.22877502110393305
order.Rhodospirillales.id.2667,neuro,MR Egger,13,21.427761263099885,-0.8795410223373327,1.157010480701406,0.4149733314687709,0.04296877608930533,4.00762789874182,0.4631269681220136,14.46321688117227,0.20841268274471958
order.Rhodospirillales.id.2667,neuro,Egger Intercept,13,21.427761263099885,0.08942198438078197,0.11662915141250964,1.0935420166268088,0.8700790995984339,1.3743970435333286,0.4593867825905531,14.46321688117227,0.20841268274471958
order.Rhodospirillales.id.2667,neuro,Weighted mode,13,21.427761263099885,-0.1636951896511718,0.4404607325020097,0.8490007666640018,0.35808022505459175,2.012963161219449,0.7166361558535859,,
order.Rhodospirillales.id.2667,neuro,Weighted Median,13,21.427761263099885,-0.10484226436177764,0.3379642009822938,0.9004665470503083,0.46428713241451286,1.7464192861429373,0.7563958900631018,,
order.Selenomonadales.id.2165,adeno,Inverse-Variance Weighted,12,21.65271444772662,-0.1582639562706992,0.1086246410672636,0.8536244327067798,0.6899278495260271,1.0561606878379575,0.1451218331396816,14.494240203059821,0.2068407362262931
order.Selenomonadales.id.2165,adeno,MR Egger,12,21.65271444772662,-0.05185509257915548,0.38853633539856086,0.9494664416080785,0.4433541866606196,2.0333326059915615,0.8964751193036378,14.37635690271113,0.15650647834847378
order.Selenomonadales.id.2165,adeno,Egger Intercept,12,21.65271444772662,-0.007040349547927228,0.024586261808062122,0.9929843756542358,0.9462680276902689,1.0420070650597681,0.7804525293307417,14.37635690271113,0.15650647834847378
order.Selenomonadales.id.2165,adeno,Weighted mode,12,21.65271444772662,-0.27255686300477944,0.2035565107922672,0.7614301307390139,0.5109274761682042,1.1347517427431557,0.20759181245840627,,
order.Selenomonadales.id.2165,adeno,Weighted Median,12,21.65271444772662,-0.19701456906566153,0.1313526650795756,0.8211786694195521,0.6347869852786155,1.0623003034847867,0.1336428588395965,,
order.Selenomonadales.id.2165,neuro,Inverse-Variance Weighted,12,21.65271444772662,0.11040669519932461,0.374376986626167,1.1167321477205008,0.5361334373642079,2.3260826556230345,0.7680643097940343,6.086093904053463,0.8675584401936662
order.Selenomonadales.id.2165,neuro,MR Egger,12,21.65271444772662,-0.45405136213229863,1.2840128770593808,0.6350501148802442,0.05126655948919896,7.86650503618012,0.7309661178301765,5.87488650355097,0.8256628727574642
order.Selenomonadales.id.2165,neuro,Egger Intercept,12,21.65271444772662,0.03734649402077421,0.08126345298253972,1.0380526375642014,0.8852104427485037,1.217284869582292,0.6556515550583492,5.87488650355097,0.8256628727574642
order.Selenomonadales.id.2165,neuro,Weighted mode,12,21.65271444772662,0.6651171526275572,0.7184566814684576,1.9447183368549985,0.47565715681647236,7.950956598681624,0.3744359346953774,,
order.Selenomonadales.id.2165,neuro,Weighted Median,12,21.65271444772662,0.3589973483916272,0.4894238208775659,1.4318930047471445,0.5486616441317983,3.7369435224294323,0.4632473293712418,,
order.Verrucomicrobiales.id.4030,adeno,Inverse-Variance Weighted,11,22.066729705503267,-0.04788288504651741,0.0793340145867499,0.9532454198334459,0.8159701107787087,1.1136153376577245,0.5461358177424918,6.298183956058657,0.7896198856643923
order.Verrucomicrobiales.id.4030,adeno,MR Egger,11,22.066729705503267,0.009654977899971676,0.2669089659674988,1.0097017375657853,0.598405539369884,1.7036901094145755,0.9719337950042424,6.247209613325808,0.7149441990831036
order.Verrucomicrobiales.id.4030,adeno,Egger Intercept,11,22.066729705503267,-0.004734089427644932,0.020968175369836698,0.9952770987115295,0.9552026967161121,1.0370327749546133,0.8264201420912378,6.247209613325808,0.7149441990831036
order.Verrucomicrobiales.id.4030,adeno,Weighted mode,11,22.066729705503267,-0.03666661570452889,0.15040537386747385,0.9639974633983857,0.7178740461693809,1.2945043972508479,0.8123256196287967,,
order.Verrucomicrobiales.id.4030,adeno,Weighted Median,11,22.066729705503267,-0.04422628849561807,0.11407469293356524,0.9567374343009097,0.7650510719650245,1.1964515203431203,0.698241104858063,,
order.Verrucomicrobiales.id.4030,neuro,Inverse-Variance Weighted,11,22.066729705503267,-0.42384871015664527,0.31381851348626477,0.6545228970852466,0.35383202058480867,1.2107446412023715,0.1768180594012223,9.297161234715546,0.5041532621321078
order.Verrucomicrobiales.id.4030,neuro,MR Egger,11,22.066729705503267,0.5180532833163147,1.0646877275919397,1.6787564035386242,0.20830859629163515,13.529077112479703,0.6381871115641252,8.44004761348279,0.49047870438689856
order.Verrucomicrobiales.id.4030,neuro,Egger Intercept,11,22.066729705503267,-0.07728195534610595,0.08347547583702682,0.9256288308124812,0.7859250180498237,1.090165998987151,0.378703882413603,8.44004761348279,0.49047870438689856
order.Verrucomicrobiales.id.4030,neuro,Weighted mode,11,22.066729705503267,-0.07498476074953597,0.6462064988225555,0.9277576245516351,0.26144025330116977,3.2922788248761288,0.9099193154549229,,
order.Verrucomicrobiales.id.4030,neuro,Weighted Median,11,22.066729705503267,-0.24203836210205243,0.3870987592213885,0.7850260617242862,0.3676029254917755,1.6764445407008355,0.5317987467590832,,
order.Victivallales.id.2254,adeno,Inverse-Variance Weighted,8,21.67710642190293,0.09054139388584241,0.0776336226004603,1.0947668233566534,0.9402396340083402,1.274690359959647,0.24350723081785663,11.610181826887366,0.11412919670522204
order.Victivallales.id.2254,adeno,MR Egger,8,21.67710642190293,0.1738735603473932,0.2963165677050115,1.1899051051203373,0.6657061564360802,2.126875567399669,0.5787427170628152,11.446369067778392,0.07552241946591756
order.Victivallales.id.2254,adeno,Egger Intercept,8,21.67710642190293,-0.01238147618306414,0.042252928153869586,0.9876948589212858,0.9091936098367263,1.0729740330167161,0.7793679226526573,11.446369067778392,0.07552241946591756
order.Victivallales.id.2254,adeno,Weighted mode,8,21.67710642190293,0.012121582029040456,0.1302370936298859,1.012195346149119,0.7841592756994734,1.3065450483284047,0.928453262884583,,
order.Victivallales.id.2254,adeno,Weighted Median,8,21.67710642190293,0.060414881619691586,0.08469447959854227,1.0622771744095187,0.8997968184762408,1.2540973385329517,0.4756432688001295,,
order.Victivallales.id.2254,neuro,Inverse-Variance Weighted,8,21.67710642190293,-0.04981403809670934,0.2906154476569114,0.9514063333836067,0.5382563660460287,1.6816782267746242,0.8639023548500785,10.38773135623298,0.16764496116993446
order.Victivallales.id.2254,neuro,MR Egger,8,21.67710642190293,0.3938297309725386,1.1003536405566583,1.4826480781350748,0.17155293441515182,12.813801938694667,0.7326635580034623,10.090873944246407,0.12087691733268927
order.Victivallales.id.2254,neuro,Egger Intercept,8,21.67710642190293,-0.06589143006306475,0.156835275123656,0.9362325054780068,0.6884665338666317,1.2731647236224644,0.6890194337219677,10.090873944246407,0.12087691733268927
order.Victivallales.id.2254,neuro,Weighted mode,8,21.67710642190293,-0.6083924352690202,0.48732953916678884,0.5442250432256802,0.20938966605294668,1.414496251209936,0.2520114607058095,,
order.Victivallales.id.2254,neuro,Weighted Median,8,21.67710642190293,-0.10759987079046757,0.3268922796639885,0.897986835317242,0.4731661238527028,1.7042225040060195,0.7420347366243814,,
phylum.Actinobacteria.id.400,adeno,Inverse-Variance Weighted,15,23.793096373926538,0.23498188019505736,0.15290411843247462,1.264885849040383,0.9373390724433431,1.70689162346779,0.12434416625659885,47.05395193724797,1.8832578380329997e-05
phylum.Actinobacteria.id.400,adeno,MR Egger,15,23.793096373926538,1.3722405299990308,0.5866709975722639,3.9441778518220123,1.2490276576800465,12.454919497698024,0.03595349225231095,36.02333462740043,0.000588417694761154
phylum.Actinobacteria.id.400,adeno,Egger Intercept,15,23.793096373926538,-0.07080293915211912,0.035487193743161616,0.931645464884731,0.8690472008673992,0.9987527390617785,0.06742091801563134,36.02333462740043,0.000588417694761154
phylum.Actinobacteria.id.400,adeno,Weighted mode,15,23.793096373926538,-0.059259260699269456,0.2351474644155046,0.9424623940207252,0.5944323924876581,1.4942580104460217,0.8046960916007958,,
phylum.Actinobacteria.id.400,adeno,Weighted Median,15,23.793096373926538,0.10829937701497072,0.11950227161072104,1.1143813156041529,0.8816809039488859,1.408497916883132,0.3648015803771938,,
phylum.Actinobacteria.id.400,neuro,Inverse-Variance Weighted,15,23.793096373926538,-0.11995770691034635,0.33026624526620696,0.8869579481159341,0.4642743882117291,1.6944600471203715,0.7164441642646755,12.15710975993599,0.5936871993140509
phylum.Actinobacteria.id.400,neuro,MR Egger,15,23.793096373926538,0.1342987479152983,1.3982989540884303,1.14373445689505,0.07380216571326974,17.724798388319,0.9249501326298726,12.122093185683017,0.5176585397562414
phylum.Actinobacteria.id.400,neuro,Egger Intercept,15,23.793096373926538,-0.015823350264268236,0.08455934568394964,0.9843011812421135,0.8339684827502372,1.1617331295297617,0.8544498221993144,12.122093185683017,0.5176585397562414
phylum.Actinobacteria.id.400,neuro,Weighted mode,15,23.793096373926538,0.18161318379840052,0.6488658409100624,1.199150253409637,0.33616140431137526,4.277591989473188,0.7836523182741104,,
phylum.Actinobacteria.id.400,neuro,Weighted Median,15,23.793096373926538,-0.037006928320833785,0.5194417641906882,0.9636694587147369,0.34815315824277526,2.6673859009257606,0.9432038403271219,,
phylum.Bacteroidetes.id.905,adeno,Inverse-Variance Weighted,10,22.005510236944623,-0.2614285556006305,0.10271832337386258,0.7699508821376752,0.6295459275304143,0.9416697574871438,0.010924598818148189,4.816770806690614,0.8499792963269716
phylum.Bacteroidetes.id.905,adeno,MR Egger,10,22.005510236944623,-0.48367636002956627,0.22772599476040484,0.6165126977794114,0.39454609170772015,0.9633548893567981,0.06641660838122083,3.6210218667341363,0.8895969062382727
phylum.Bacteroidetes.id.905,adeno,Egger Intercept,10,22.005510236944623,0.018165783264545838,0.016612466801703005,1.0183317847642746,0.9857084560056136,1.052034825858577,0.3060029996092203,3.6210218667341363,0.8895969062382727
phylum.Bacteroidetes.id.905,adeno,Weighted mode,10,22.005510236944623,-0.14397813821086225,0.21007894334690633,0.8659066781214918,0.5736516966103518,1.3070550991932104,0.5103865835783288,,
phylum.Bacteroidetes.id.905,adeno,Weighted Median,10,22.005510236944623,-0.19816578380504998,0.12920137549130414,0.8202338603750399,0.6367357913080505,1.0566134256779198,0.12508512180135098,,
phylum.Bacteroidetes.id.905,neuro,Inverse-Variance Weighted,10,22.005510236944623,0.2241558870470453,0.41264103266835406,1.2512660603970103,0.5573173029978432,2.809291485262774,0.5869766272920287,9.348968927388524,0.40570461841282784
phylum.Bacteroidetes.id.905,neuro,MR Egger,10,22.005510236944623,-0.2378650494588087,0.9504096927431477,0.78830906665106,0.12237464889391203,5.078103922512508,0.808681095339359,9.014244521354305,0.3410957298643637
phylum.Bacteroidetes.id.905,neuro,Egger Intercept,10,22.005510236944623,0.03785780206859232,0.06945945642705574,1.0385835379470996,0.9063926008512493,1.1900535863616741,0.6005900735922685,9.014244521354305,0.3410957298643637
phylum.Bacteroidetes.id.905,neuro,Weighted mode,10,22.005510236944623,0.0012345597632310579,0.814742050033303,1.001235322145839,0.20277468179024505,4.943773855108119,0.9988240398749251,,
phylum.Bacteroidetes.id.905,neuro,Weighted Median,10,22.005510236944623,-0.0010148417890987055,0.5220263423709026,0.9989856729886757,0.3590884748395804,2.779182415371233,0.9984488788794291,,
phylum.Cyanobacteria.id.1500,adeno,Inverse-Variance Weighted,8,22.257543670848687,-0.0956510774188761,0.07280856150004991,0.9087810549858532,0.78792225279392,1.0481782980143965,0.18893575951462804,5.621361247330796,0.5845886255964192
phylum.Cyanobacteria.id.1500,adeno,MR Egger,8,22.257543670848687,-0.38949962190816834,0.25889366259106794,0.6773957436993793,0.4078192568746919,1.125167548728646,0.18315965035061638,4.222459857912698,0.6465999260558868
phylum.Cyanobacteria.id.1500,adeno,Egger Intercept,8,22.257543670848687,0.035683455761766805,0.030169864259427824,1.0363277509867965,0.976823324307823,1.0994569649802033,0.2816466062890033,4.222459857912698,0.6465999260558868
phylum.Cyanobacteria.id.1500,adeno,Weighted mode,8,22.257543670848687,-0.16498080520959202,0.10196489237788091,0.8479099793860541,0.6943132896906276,1.0354854844602055,0.1496920509771913,,
phylum.Cyanobacteria.id.1500,adeno,Weighted Median,8,22.257543670848687,-0.15604867878300446,0.09896400274068148,0.8555175438045033,0.7046753179584708,1.038648933919982,0.11483634371079639,,
phylum.Cyanobacteria.id.1500,neuro,Inverse-Variance Weighted,8,22.257543670848687,-0.2979747706867303,0.35831380741028757,0.7423200677370616,0.3677801884720487,1.4982837581721309,0.4056331729781376,10.849349537257773,0.1453266520908476
phylum.Cyanobacteria.id.1500,neuro,MR Egger,8,22.257543670848687,1.3381253072203583,1.190624805113434,3.811890678852665,0.36953888371489796,39.320653895610704,0.3040064492220598,8.08674558347775,0.23181676142521415
phylum.Cyanobacteria.id.1500,neuro,Egger Intercept,8,22.257543670848687,-0.19851085698524168,0.13865521690199042,0.819950868497601,0.6248303649828679,1.0760031272942445,0.20219710658189885,8.08674558347775,0.23181676142521415
phylum.Cyanobacteria.id.1500,neuro,Weighted mode,8,22.257543670848687,0.4681366031158065,0.8292766796200205,1.5970155450866979,0.314350809519448,8.113415248230094,0.5900281084919199,,
phylum.Cyanobacteria.id.1500,neuro,Weighted Median,8,22.257543670848687,-0.18455710444869525,0.4032758328809971,0.8314724577673903,0.3772007511294375,1.832834229400851,0.6472076223248591,,
phylum.Euryarchaeota.id.55,adeno,Inverse-Variance Weighted,11,21.625802496921597,0.03398449174793209,0.046604109713166524,1.0345685622536624,0.9442544890693092,1.1335208065132605,0.46586916124798394,10.343117225937451,0.4109235568670384
phylum.Euryarchaeota.id.55,adeno,MR Egger,11,21.625802496921597,-0.0015620789878169278,0.21180575729388318,0.9984391404225441,0.6592177571774911,1.5122176341182867,0.9942765005054666,10.309027162544307,0.32605187610983455
phylum.Euryarchaeota.id.55,adeno,Egger Intercept,11,21.625802496921597,0.005251700581570224,0.030442032147583228,1.0052655149334289,0.9470393045054716,1.0670716101292852,0.8668499959417184,10.309027162544307,0.32605187610983455
phylum.Euryarchaeota.id.55,adeno,Weighted mode,11,21.625802496921597,-0.020784179267000102,0.10372949929092666,0.9794303231311198,0.7992400039746116,1.200244924050626,0.8452082533493676,,
phylum.Euryarchaeota.id.55,adeno,Weighted Median,11,21.625802496921597,0.016493277185809563,0.05842247073871747,1.0166300421482077,0.9066355167627485,1.1399692858808732,0.7777054316460932,,
phylum.Euryarchaeota.id.55,neuro,Inverse-Variance Weighted,11,21.625802496921597,-0.17975349657321357,0.18129714894684698,0.8354761337599171,0.5856131221699257,1.191947966425309,0.3214485632745251,6.901857254983125,0.734676615129719
phylum.Euryarchaeota.id.55,neuro,MR Egger,11,21.625802496921597,-0.37399715209356393,0.7850065996207513,0.6879788711256444,0.14769438781599378,3.2046913502563092,0.6451250347411749,6.837179930460618,0.6540667843023567
phylum.Euryarchaeota.id.55,neuro,Egger Intercept,11,21.625802496921597,0.028679119170006043,0.11276901458106275,1.0290943248482693,0.825019588404373,1.2836484664359782,0.8049656815626169,6.837179930460618,0.6540667843023567
phylum.Euryarchaeota.id.55,neuro,Weighted mode,11,21.625802496921597,-0.540696495800576,0.3556347792318947,0.5823425119780614,0.2900387735347086,1.169232641291445,0.15938597325792359,,
phylum.Euryarchaeota.id.55,neuro,Weighted Median,11,21.625802496921597,-0.28626924832035777,0.21698880109245788,0.7510603669782141,0.49087424779471606,1.1491571973467085,0.18707511680577793,,
phylum.Firmicutes.id.1672,adeno,Inverse-Variance Weighted,16,21.563383628754423,-0.1100278549204257,0.07927037188342123,0.895809182255509,0.7669008285587414,1.0463857400198617,0.1651348219497638,12.052788022739527,0.6750290806208882
phylum.Firmicutes.id.1672,adeno,MR Egger,16,21.563383628754423,-0.22766742957842204,0.2102436334177848,0.7963890712479564,0.5274269265593908,1.2025088611621435,0.29716284920061065,11.687820120825098,0.6313572572261601
phylum.Firmicutes.id.1672,adeno,Egger Intercept,16,21.563383628754423,0.008457043573618235,0.0139988136644796,1.0084929053903162,0.9811983666850865,1.0365467114042026,0.5554240728823204,11.687820120825098,0.6313572572261601
phylum.Firmicutes.id.1672,adeno,Weighted mode,16,21.563383628754423,-0.10017425759972087,0.144850588358905,0.9046797569765729,0.681075977993727,1.2016948022364828,0.49977250528108463,,
phylum.Firmicutes.id.1672,adeno,Weighted Median,16,21.563383628754423,-0.10555555542928732,0.11879331809282506,0.8998244813228028,0.7129168688160833,1.1357342385970832,0.3742370406383754,,
phylum.Firmicutes.id.1672,neuro,Inverse-Variance Weighted,16,21.563383628754423,0.22156146588407208,0.31344136835232755,1.248023956759107,0.6751748287525049,2.3069044198856012,0.47964892269916504,11.000876858452392,0.7525322091630263
phylum.Firmicutes.id.1672,neuro,MR Egger,16,21.563383628754423,1.244383700488531,0.8314890978196093,3.47079509073504,0.6802227701925244,17.709519718754695,0.15670588401075874,9.237068346247593,0.8155706572685075
phylum.Firmicutes.id.1672,neuro,Egger Intercept,16,21.563383628754423,-0.0735224244090102,0.055359747731565545,0.9291153106961682,0.8335783917176679,1.0356017732072171,0.20539633770133023,9.237068346247593,0.8155706572685075
phylum.Firmicutes.id.1672,neuro,Weighted mode,16,21.563383628754423,0.45745181043839356,0.6534885485480196,1.5800426027455934,0.43894298690543126,5.687605682213437,0.49463245861051475,,
phylum.Firmicutes.id.1672,neuro,Weighted Median,16,21.563383628754423,0.3059573583781088,0.41073900850549844,1.3579244012144391,0.607082187068905,3.037411933162684,0.4563353089530122,,
phylum.Lentisphaerae.id.2238,adeno,Inverse-Variance Weighted,9,21.895554488997746,0.08794205719717797,0.06801576793515167,1.0919248510088266,0.9556449291394202,1.247638996341812,0.19602291124779014,11.61793200439099,0.1690820741158513
phylum.Lentisphaerae.id.2238,adeno,MR Egger,9,21.895554488997746,0.17480298265171898,0.2749882940075491,1.1910115435597017,0.6947702430564484,2.041694374606675,0.5452016150065335,11.44276997383144,0.12043782647153936
phylum.Lentisphaerae.id.2238,adeno,Egger Intercept,9,21.895554488997746,-0.013031780026253098,0.039810746284441215,0.98705276595902,0.9129621620865234,1.0671561245875796,0.752980052267519,11.44276997383144,0.12043782647153936
phylum.Lentisphaerae.id.2238,adeno,Weighted mode,9,21.895554488997746,0.03653173356947215,0.1252974738833289,1.0372072177828138,0.8113535997689431,1.3259309047585799,0.7780401444446758,,
phylum.Lentisphaerae.id.2238,adeno,Weighted Median,9,21.895554488997746,0.06584573039740668,0.09741597861250816,1.0680619349656257,0.8824178452730753,1.2927620435526153,0.49908933925185195,,
phylum.Lentisphaerae.id.2238,neuro,Inverse-Variance Weighted,9,21.895554488997746,0.009198257743801527,0.2610081649095039,1.009240691722998,0.6050901973837858,1.6833304823536528,0.9718873584389771,10.914454823574617,0.2065935832144992
phylum.Lentisphaerae.id.2238,neuro,MR Egger,9,21.895554488997746,0.5113372125980122,1.043865234719114,1.6675195328598444,0.21553356070117508,12.901106367951144,0.6392180162605475,10.540205519684026,0.15997040422696912
phylum.Lentisphaerae.id.2238,neuro,Egger Intercept,9,21.895554488997746,-0.07531015792432423,0.15105968587231597,0.92745578395342,0.689776848110565,1.247032621557015,0.6333806607867349,10.540205519684026,0.15997040422696912
phylum.Lentisphaerae.id.2238,neuro,Weighted mode,9,21.895554488997746,0.421493286423706,0.49544136925247245,1.5242359779063581,0.5771969147422292,4.025134675887369,0.4196451762468665,,
phylum.Lentisphaerae.id.2238,neuro,Weighted Median,9,21.895554488997746,0.06656223256207888,0.3474030557111962,1.0688274778778584,0.5409936397729375,2.1116554677911226,0.8480559775178325,,
phylum.Proteobacteria.id.2375,adeno,Inverse-Variance Weighted,12,20.90969606074601,-0.025691989567300542,0.0908814302444039,0.9746352412038324,0.8156094997037212,1.1646674710649139,0.7774084254254345,9.082643607130027,0.6142640569312331
phylum.Proteobacteria.id.2375,adeno,MR Egger,12,20.90969606074601,-0.39029464153678656,0.2536036031575346,0.6768574148061687,0.4117422617250855,1.1126765517307544,0.1548258226503866,6.711146750850411,0.7524039891047757
phylum.Proteobacteria.id.2375,adeno,Egger Intercept,12,20.90969606074601,0.02573996346714026,0.01671462546512744,1.026074097028735,0.993003885112608,1.0602456529905135,0.1545910875970348,6.711146750850411,0.7524039891047757
phylum.Proteobacteria.id.2375,adeno,Weighted mode,12,20.90969606074601,0.05326568318155955,0.18878037399428607,1.054709826560302,0.7285173410558732,1.5269544807685598,0.7830612571330153,,
phylum.Proteobacteria.id.2375,adeno,Weighted Median,12,20.90969606074601,0.03653668033088824,0.11584434236174754,1.0372123486121498,0.8265306893602046,1.3015965044761824,0.7524620643259274,,
phylum.Proteobacteria.id.2375,neuro,Inverse-Variance Weighted,12,20.90969606074601,-0.19558021513392865,0.3591791828818705,0.8223573754113899,0.4067439473205512,1.6626471207463254,0.5860837535945337,9.126352250549111,0.6102305843386626
phylum.Proteobacteria.id.2375,neuro,MR Egger,12,20.90969606074601,0.19410757424870007,0.997642625336693,1.2142268954768676,0.17182616679249196,8.580456523131923,0.8496284435547606,8.951055145193274,0.5367548586135832
phylum.Proteobacteria.id.2375,neuro,Egger Intercept,12,20.90969606074601,-0.02759103996348746,0.0658992842875704,0.9727861161094805,0.8549146520709948,1.1069091229200068,0.6842966659118825,8.951055145193274,0.5367548586135832
phylum.Proteobacteria.id.2375,neuro,Weighted mode,12,20.90969606074601,-0.582732840359582,0.889040499053696,0.5583703425857822,0.09775878436723974,3.1892524185667406,0.5256410061220229,,
phylum.Proteobacteria.id.2375,neuro,Weighted Median,12,20.90969606074601,-0.31121706955020734,0.531377125444631,0.73255484325906,0.2585370585307936,2.0756660628533785,0.5580904315261538,,
phylum.Tenericutes.id.3919,adeno,Inverse-Variance Weighted,12,21.290418091369386,-0.015059593023766402,0.0830731751179494,0.9850532355530266,0.8370403378749455,1.1592390867767888,0.8561469737256819,13.459603982261962,0.26434954188772175
phylum.Tenericutes.id.3919,adeno,MR Egger,12,21.290418091369386,0.040488588087225885,0.29531146391719004,1.041319426188249,0.5837269941703455,1.8576254964843828,0.8936691888749521,13.407661356314854,0.20176342747281775
phylum.Tenericutes.id.3919,adeno,Egger Intercept,12,21.290418091369386,-0.00507312782042626,0.025774507179816775,0.9949397187592204,0.9459257873544744,1.0464933477849268,0.847905420821222,13.407661356314854,0.20176342747281775
phylum.Tenericutes.id.3919,adeno,Weighted mode,12,21.290418091369386,1.2976509307427442e-05,0.10940545033402575,1.0000129765935026,0.8070079930249955,1.2391772597033293,0.9999074871373619,,
phylum.Tenericutes.id.3919,adeno,Weighted Median,12,21.290418091369386,0.0010132852714153859,0.10481957801810597,1.0010137988183778,0.8151092809751486,1.2293181402940623,0.9922870126260338,,
phylum.Tenericutes.id.3919,neuro,Inverse-Variance Weighted,12,21.290418091369386,0.05169778912090942,0.2968601028853337,1.0530574490025104,0.5885178552122408,1.8842758653427003,0.8617486322829868,5.769225660537364,0.8883097777895339
phylum.Tenericutes.id.3919,neuro,MR Egger,12,21.290418091369386,-0.001393663406904111,1.008285291691208,0.9986073072909474,0.13839645709903056,7.205506376953792,0.9989243403021332,5.766189944942408,0.8345094564878807
phylum.Tenericutes.id.3919,neuro,Egger Intercept,12,21.290418091369386,0.004848388571246219,0.08799679972747039,1.0048601610252361,0.8456706152257877,1.1940156427760817,0.9571461845378932,5.766189944942408,0.8345094564878807
phylum.Tenericutes.id.3919,neuro,Weighted mode,12,21.290418091369386,-0.28277027403520005,0.5590301571044942,0.7536929108046356,0.25196391858001743,2.2545013865418393,0.6229635362804777,,
phylum.Tenericutes.id.3919,neuro,Weighted Median,12,21.290418091369386,-0.13316336157308542,0.36970277211772135,0.8753220864352768,0.424102208539484,1.806613452073249,0.7187048095091758,,
phylum.Verrucomicrobia.id.3982,adeno,Inverse-Variance Weighted,11,22.192714935532592,-0.022779179237604728,0.07823588665775143,0.9774783074483014,0.8385160831142374,1.1394699049580734,0.7709287726175353,8.441247131096539,0.5858193449056548
phylum.Verrucomicrobia.id.3982,adeno,MR Egger,11,22.192714935532592,-0.10207426928154983,0.2046541191241145,0.9029624868033166,0.6045950748710505,1.348574089439825,0.6299074599232382,8.265428345986823,0.5076346974535251
phylum.Verrucomicrobia.id.3982,adeno,Egger Intercept,11,22.192714935532592,0.007904713896829197,0.01885183015326189,1.0079360386310134,0.9713728748758589,1.0458754657947555,0.684822405553291,8.265428345986823,0.5076346974535251
phylum.Verrucomicrobia.id.3982,adeno,Weighted mode,11,22.192714935532592,0.03293030335483493,0.13060620447715968,1.0334785067463526,0.8000685580525106,1.3349828751007735,0.806043683603151,,
phylum.Verrucomicrobia.id.3982,adeno,Weighted Median,11,22.192714935532592,0.006465089357091981,0.09649580170624,1.006486033157476,0.8330457786297207,1.2160365743733579,0.9465827704061939,,
phylum.Verrucomicrobia.id.3982,neuro,Inverse-Variance Weighted,11,22.192714935532592,-0.2982183603651633,0.38788356550341346,0.7421392682518053,0.34698624182110394,1.5872983625825905,0.44199142252795687,15.673620040128203,0.10936436990564817
phylum.Verrucomicrobia.id.3982,neuro,MR Egger,11,22.192714935532592,0.1220123467695236,1.0615061682616718,1.1297680506799435,0.14106426066579922,9.04818727516724,0.911014140730406,15.36062857671028,0.08149460081375286
phylum.Verrucomicrobia.id.3982,neuro,Egger Intercept,11,22.192714935532592,-0.04176192120021677,0.09752084652305405,0.9590980943162443,0.7922305901331358,1.1611128956361882,0.67854518059424,15.36062857671028,0.08149460081375286
phylum.Verrucomicrobia.id.3982,neuro,Weighted mode,11,22.192714935532592,0.43570274671683773,0.4941084791022621,1.5460491582503124,0.586988604580082,4.072085865170146,0.39858684529145094,,
phylum.Verrucomicrobia.id.3982,neuro,Weighted Median,11,22.192714935532592,0.3321963734088583,0.4420341337486217,1.3940265713855522,0.586143564533791,3.3154165622796437,0.45234129154211655,,
